{
  "exp_name": "fdg_skip32_symshare_csi300_official_seed88",
  "model": "fdg",
  "market": "csi300_aligned",
  "handler": "Alpha158",
  "device": "cuda",
  "model_config": {
    "name": "fdg",
    "rank": 32,
    "tau": 1.0,
    "d_hidden": 128,
    "dropout": 0.1,
    "b_init": "identity_perturbed",
    "bottleneck_dim": 64,
    "skip_hidden_dim": 32,
    "core_mode": "symmetric",
    "share_sr_weights": true,
    "symmetrize_adjacency": true
  },
  "best_epoch": 9,
  "valid_best_ICIR": 0.561559888823279,
  "test_metrics": {
    "IC_mean": 0.04922771227283469,
    "IC_std": 0.10935198115087777,
    "ICIR": 0.45017668408689404,
    "RankIC_mean": 0.044725744452763755,
    "RankICIR": 0.4351378880857526,
    "annual_return": 0.4682624493680845,
    "annual_vol": 0.2441779272102119,
    "sharpe": 1.69664690008557,
    "max_drawdown": -0.21986586836059363,
    "turnover": 0.6513662456946043
  }
}