{
  "exp_name": "fdg_skip32_sepw_symb_csi300_official_seed5",
  "model": "fdg",
  "market": "csi300_aligned",
  "handler": "Alpha158",
  "device": "cuda",
  "model_config": {
    "name": "fdg",
    "rank": 32,
    "tau": 1.0,
    "d_hidden": 128,
    "dropout": 0.1,
    "b_init": "identity_perturbed",
    "bottleneck_dim": 64,
    "skip_hidden_dim": 32,
    "core_mode": "symmetric",
    "share_sr_weights": false,
    "symmetrize_adjacency": false
  },
  "best_epoch": 4,
  "valid_best_ICIR": 0.5442512964881203,
  "test_metrics": {
    "IC_mean": 0.04212322255817464,
    "IC_std": 0.09813530685418949,
    "ICIR": 0.4292361628905057,
    "RankIC_mean": 0.037523819346840855,
    "RankICIR": 0.3622742510947949,
    "annual_return": 0.4133207191348647,
    "annual_vol": 0.2484527425498418,
    "sharpe": 1.5179929703840396,
    "max_drawdown": -0.24691845257433986,
    "turnover": 0.6516647531572909
  }
}