{
  "exp_name": "fdg_skip32_random_csi300_recent_seed42",
  "model": "fdg",
  "market": "csi300_aligned",
  "handler": "Alpha158",
  "device": "cuda",
  "model_config": {
    "name": "fdg",
    "rank": 32,
    "tau": 1.0,
    "d_hidden": 128,
    "dropout": 0.1,
    "b_init": "identity_perturbed",
    "bottleneck_dim": 64,
    "skip_hidden_dim": 32,
    "graph_mode": "random",
    "random_graph_seed": 42
  },
  "best_epoch": 13,
  "valid_best_ICIR": 0.3667557070540888,
  "test_metrics": {
    "IC_mean": 0.03828778676010065,
    "IC_std": 0.12080507171427683,
    "ICIR": 0.31693857068068587,
    "RankIC_mean": 0.022498340752721637,
    "RankICIR": 0.19582950067157048,
    "annual_return": 0.250918061841541,
    "annual_vol": 0.23491643013286148,
    "sharpe": 1.070559687063619,
    "max_drawdown": -0.326249826518882,
    "turnover": 0.6456284760845387
  }
}