{
  "exp_name": "fdg_skip32_random_csi300_recent_seed72",
  "model": "fdg",
  "market": "csi300_aligned",
  "handler": "Alpha158",
  "device": "cuda",
  "model_config": {
    "name": "fdg",
    "rank": 32,
    "tau": 1.0,
    "d_hidden": 128,
    "dropout": 0.1,
    "b_init": "identity_perturbed",
    "bottleneck_dim": 64,
    "skip_hidden_dim": 32,
    "graph_mode": "random",
    "random_graph_seed": 72
  },
  "best_epoch": 16,
  "valid_best_ICIR": 0.37515442004637456,
  "test_metrics": {
    "IC_mean": 0.04233749599464106,
    "IC_std": 0.1300844619191395,
    "ICIR": 0.3254615914155685,
    "RankIC_mean": 0.024728779299016415,
    "RankICIR": 0.19795309741855696,
    "annual_return": 0.2370355765470471,
    "annual_vol": 0.2398270537513974,
    "sharpe": 1.0068929089302912,
    "max_drawdown": -0.3266608825226063,
    "turnover": 0.6411568409343719
  }
}