{
  "exp_name": "fdg_skip32_random_csi300_recent_seed35",
  "model": "fdg",
  "market": "csi300_aligned",
  "handler": "Alpha158",
  "device": "cuda",
  "model_config": {
    "name": "fdg",
    "rank": 32,
    "tau": 1.0,
    "d_hidden": 128,
    "dropout": 0.1,
    "b_init": "identity_perturbed",
    "bottleneck_dim": 64,
    "skip_hidden_dim": 32,
    "graph_mode": "random",
    "random_graph_seed": 35
  },
  "best_epoch": 13,
  "valid_best_ICIR": 0.3798531674164624,
  "test_metrics": {
    "IC_mean": 0.03888132552487112,
    "IC_std": 0.11932511276845266,
    "ICIR": 0.32584361014030083,
    "RankIC_mean": 0.015685232328026717,
    "RankICIR": 0.1386548254016584,
    "annual_return": 0.26915226137403536,
    "annual_vol": 0.25298309976235894,
    "sharpe": 1.0687330122997027,
    "max_drawdown": -0.36189303720106625,
    "turnover": 0.6032925472747501
  }
}