{
  "exp_name": "fdg_skip32_symshare_csi300_official_seed94",
  "model": "fdg",
  "market": "csi300_aligned",
  "handler": "Alpha158",
  "device": "cuda",
  "model_config": {
    "name": "fdg",
    "rank": 32,
    "tau": 1.0,
    "d_hidden": 128,
    "dropout": 0.1,
    "b_init": "identity_perturbed",
    "bottleneck_dim": 64,
    "skip_hidden_dim": 32,
    "core_mode": "symmetric",
    "share_sr_weights": true,
    "symmetrize_adjacency": true
  },
  "best_epoch": 5,
  "valid_best_ICIR": 0.5096876699654194,
  "test_metrics": {
    "IC_mean": 0.055890722468968757,
    "IC_std": 0.11450989122406642,
    "ICIR": 0.48808641656645174,
    "RankIC_mean": 0.04529719106670665,
    "RankICIR": 0.39885356474350175,
    "annual_return": 0.49964346116207103,
    "annual_vol": 0.2568569324831946,
    "sharpe": 1.707855487514066,
    "max_drawdown": -0.2828368058353189,
    "turnover": 0.6173593570608499
  }
}