{
  "exp_name": "fdg_skip32_symshare_csi300_recent_seed32",
  "model": "fdg",
  "market": "csi300_aligned",
  "handler": "Alpha158",
  "device": "cuda",
  "model_config": {
    "name": "fdg",
    "rank": 32,
    "tau": 1.0,
    "d_hidden": 128,
    "dropout": 0.1,
    "b_init": "identity_perturbed",
    "bottleneck_dim": 64,
    "skip_hidden_dim": 32,
    "core_mode": "symmetric",
    "share_sr_weights": true,
    "symmetrize_adjacency": true
  },
  "best_epoch": 14,
  "valid_best_ICIR": 0.269074179861166,
  "test_metrics": {
    "IC_mean": 0.03585971035002989,
    "IC_std": 0.12241366321283052,
    "ICIR": 0.292938789746726,
    "RankIC_mean": 0.013903935674548734,
    "RankICIR": 0.10912637686535806,
    "annual_return": 0.21206633598011648,
    "annual_vol": 0.23827366549644982,
    "sharpe": 0.9266492721715015,
    "max_drawdown": -0.29796651332726043,
    "turnover": 0.5857619577308124
  }
}