{
  "exp_name": "fdg_skip32_symshare_csi300_official_seed123",
  "model": "fdg",
  "market": "csi300_aligned",
  "handler": "Alpha158",
  "device": "cuda",
  "model_config": {
    "name": "fdg",
    "rank": 32,
    "tau": 1.0,
    "d_hidden": 128,
    "dropout": 0.1,
    "b_init": "identity_perturbed",
    "bottleneck_dim": 64,
    "skip_hidden_dim": 32,
    "core_mode": "symmetric",
    "share_sr_weights": true,
    "symmetrize_adjacency": true
  },
  "best_epoch": 18,
  "valid_best_ICIR": 0.5083795690946441,
  "test_metrics": {
    "IC_mean": 0.04713610121060701,
    "IC_std": 0.11675662600409857,
    "ICIR": 0.4037124300675866,
    "RankIC_mean": 0.04621724718543604,
    "RankICIR": 0.411984661677524,
    "annual_return": 0.37201716173565913,
    "annual_vol": 0.25156117199976064,
    "sharpe": 1.3844243980973974,
    "max_drawdown": -0.30284604935392634,
    "turnover": 0.6145120551090703
  }
}