{
  "exp_name": "fdg_skip32_symshare_csi300_recent_seed29",
  "model": "fdg",
  "market": "csi300_aligned",
  "handler": "Alpha158",
  "device": "cuda",
  "model_config": {
    "name": "fdg",
    "rank": 32,
    "tau": 1.0,
    "d_hidden": 128,
    "dropout": 0.1,
    "b_init": "identity_perturbed",
    "bottleneck_dim": 64,
    "skip_hidden_dim": 32,
    "core_mode": "symmetric",
    "share_sr_weights": true,
    "symmetrize_adjacency": true
  },
  "best_epoch": 5,
  "valid_best_ICIR": 0.39939514759090267,
  "test_metrics": {
    "IC_mean": 0.04463598085730413,
    "IC_std": 0.12145353121505588,
    "ICIR": 0.3675148874697426,
    "RankIC_mean": 0.021961080293499947,
    "RankICIR": 0.18139347635441644,
    "annual_return": 0.3104992111282523,
    "annual_vol": 0.23711754645365962,
    "sharpe": 1.2591094936322518,
    "max_drawdown": -0.32141886983861145,
    "turnover": 0.62329254727475
  }
}