{
  "exp_name": "fdg_skip32_symshare_csi300_official_seed41",
  "model": "fdg",
  "market": "csi300_aligned",
  "handler": "Alpha158",
  "device": "cuda",
  "model_config": {
    "name": "fdg",
    "rank": 32,
    "tau": 1.0,
    "d_hidden": 128,
    "dropout": 0.1,
    "b_init": "identity_perturbed",
    "bottleneck_dim": 64,
    "skip_hidden_dim": 32,
    "core_mode": "symmetric",
    "share_sr_weights": true,
    "symmetrize_adjacency": true
  },
  "best_epoch": 11,
  "valid_best_ICIR": 0.5450743229089475,
  "test_metrics": {
    "IC_mean": 0.05551175183300684,
    "IC_std": 0.11433568553647161,
    "ICIR": 0.4855155376253839,
    "RankIC_mean": 0.05148671875758406,
    "RankICIR": 0.44870421694488066,
    "annual_return": 0.5251365004690152,
    "annual_vol": 0.255152057042688,
    "sharpe": 1.7836393236544104,
    "max_drawdown": -0.23545337079517337,
    "turnover": 0.6387830080367396
  }
}