{
  "exp_name": "fdg_skip32_random_csi300_recent_seed111",
  "model": "fdg",
  "market": "csi300_aligned",
  "handler": "Alpha158",
  "device": "cuda",
  "model_config": {
    "name": "fdg",
    "rank": 32,
    "tau": 1.0,
    "d_hidden": 128,
    "dropout": 0.1,
    "b_init": "identity_perturbed",
    "bottleneck_dim": 64,
    "skip_hidden_dim": 32,
    "graph_mode": "random",
    "random_graph_seed": 111
  },
  "best_epoch": 8,
  "valid_best_ICIR": 0.38247262011280986,
  "test_metrics": {
    "IC_mean": 0.041078330952422505,
    "IC_std": 0.12780285703019148,
    "ICIR": 0.3214195042816482,
    "RankIC_mean": 0.023515908714817263,
    "RankICIR": 0.20037368937543934,
    "annual_return": 0.24436961916793076,
    "annual_vol": 0.23250206501460932,
    "sharpe": 1.056681081027839,
    "max_drawdown": -0.29989250996315586,
    "turnover": 0.6399555061179092
  }
}