{
  "exp_name": "fdg_skip32_symshare_csi300_recent_seed18",
  "model": "fdg",
  "market": "csi300_aligned",
  "handler": "Alpha158",
  "device": "cuda",
  "model_config": {
    "name": "fdg",
    "rank": 32,
    "tau": 1.0,
    "d_hidden": 128,
    "dropout": 0.1,
    "b_init": "identity_perturbed",
    "bottleneck_dim": 64,
    "skip_hidden_dim": 32,
    "core_mode": "symmetric",
    "share_sr_weights": true,
    "symmetrize_adjacency": true
  },
  "best_epoch": 29,
  "valid_best_ICIR": 0.3746772599688509,
  "test_metrics": {
    "IC_mean": 0.03831274370214943,
    "IC_std": 0.10991093721136563,
    "ICIR": 0.3485799018206134,
    "RankIC_mean": 0.01037297655203063,
    "RankICIR": 0.09532475707539888,
    "annual_return": 0.264576135041805,
    "annual_vol": 0.24519550249182936,
    "sharpe": 1.0801541692783545,
    "max_drawdown": -0.36599784137838964,
    "turnover": 0.6163737486095666
  }
}