{
  "exp_name": "fdg_skip32_symshare_csi300_recent_seed79",
  "model": "fdg",
  "market": "csi300_aligned",
  "handler": "Alpha158",
  "device": "cuda",
  "model_config": {
    "name": "fdg",
    "rank": 32,
    "tau": 1.0,
    "d_hidden": 128,
    "dropout": 0.1,
    "b_init": "identity_perturbed",
    "bottleneck_dim": 64,
    "skip_hidden_dim": 32,
    "core_mode": "symmetric",
    "share_sr_weights": true,
    "symmetrize_adjacency": true
  },
  "best_epoch": 16,
  "valid_best_ICIR": 0.37045390782929016,
  "test_metrics": {
    "IC_mean": 0.038961328709264886,
    "IC_std": 0.12734338677176069,
    "ICIR": 0.3059548650068167,
    "RankIC_mean": 0.014902186012697842,
    "RankICIR": 0.12107292467813395,
    "annual_return": 0.2311157193576352,
    "annual_vol": 0.2431574190206524,
    "sharpe": 0.9769920218870766,
    "max_drawdown": -0.3744480224834167,
    "turnover": 0.6454505005561739
  }
}