{
  "exp_name": "fdg_skip32_symshare_csi300_official_seed24",
  "model": "fdg",
  "market": "csi300_aligned",
  "handler": "Alpha158",
  "device": "cuda",
  "model_config": {
    "name": "fdg",
    "rank": 32,
    "tau": 1.0,
    "d_hidden": 128,
    "dropout": 0.1,
    "b_init": "identity_perturbed",
    "bottleneck_dim": 64,
    "skip_hidden_dim": 32,
    "core_mode": "symmetric",
    "share_sr_weights": true,
    "symmetrize_adjacency": true
  },
  "best_epoch": 14,
  "valid_best_ICIR": 0.5328419318826146,
  "test_metrics": {
    "IC_mean": 0.05859782854867797,
    "IC_std": 0.11020713916068679,
    "ICIR": 0.5317062850460149,
    "RankIC_mean": 0.04613437101964339,
    "RankICIR": 0.4623829265168373,
    "annual_return": 0.47093680611745126,
    "annual_vol": 0.2421186663607228,
    "sharpe": 1.7166609189779303,
    "max_drawdown": -0.2514810427062921,
    "turnover": 0.6632146957520095
  }
}