{
  "exp_name": "fdg_skip32_random_csi300_recent_seed4",
  "model": "fdg",
  "market": "csi300_aligned",
  "handler": "Alpha158",
  "device": "cuda",
  "model_config": {
    "name": "fdg",
    "rank": 32,
    "tau": 1.0,
    "d_hidden": 128,
    "dropout": 0.1,
    "b_init": "identity_perturbed",
    "bottleneck_dim": 64,
    "skip_hidden_dim": 32,
    "graph_mode": "random",
    "random_graph_seed": 4
  },
  "best_epoch": 10,
  "valid_best_ICIR": 0.3666339874205754,
  "test_metrics": {
    "IC_mean": 0.03894338053052966,
    "IC_std": 0.1204495837079619,
    "ICIR": 0.3233168545019674,
    "RankIC_mean": 0.019886389297759773,
    "RankICIR": 0.18313341041475725,
    "annual_return": 0.2640700670767915,
    "annual_vol": 0.23818916837562149,
    "sharpe": 1.1029002153467544,
    "max_drawdown": -0.32099916154104347,
    "turnover": 0.6386874304783096
  }
}