{
  "exp_name": "fdg_skip32_random_csi300_recent_seed12",
  "model": "fdg",
  "market": "csi300_aligned",
  "handler": "Alpha158",
  "device": "cuda",
  "model_config": {
    "name": "fdg",
    "rank": 32,
    "tau": 1.0,
    "d_hidden": 128,
    "dropout": 0.1,
    "b_init": "identity_perturbed",
    "bottleneck_dim": 64,
    "skip_hidden_dim": 32,
    "graph_mode": "random",
    "random_graph_seed": 12
  },
  "best_epoch": 15,
  "valid_best_ICIR": 0.3755081967881561,
  "test_metrics": {
    "IC_mean": 0.03810858276244677,
    "IC_std": 0.11793795498790088,
    "ICIR": 0.32312399147802995,
    "RankIC_mean": 0.014252757742301024,
    "RankICIR": 0.12587822285648173,
    "annual_return": 0.24443402500807654,
    "annual_vol": 0.24457433580102683,
    "sharpe": 1.0163318149697722,
    "max_drawdown": -0.3426056869653791,
    "turnover": 0.6381535038932151
  }
}