{
  "exp_name": "fdg_skip32_random_csi300_official_seed83",
  "model": "fdg",
  "market": "csi300_aligned",
  "handler": "Alpha158",
  "device": "cuda",
  "model_config": {
    "name": "fdg",
    "rank": 32,
    "tau": 1.0,
    "d_hidden": 128,
    "dropout": 0.1,
    "b_init": "identity_perturbed",
    "bottleneck_dim": 64,
    "skip_hidden_dim": 32,
    "graph_mode": "random",
    "random_graph_seed": 83
  },
  "best_epoch": 17,
  "valid_best_ICIR": 0.5876471243486834,
  "test_metrics": {
    "IC_mean": 0.06207683795594988,
    "IC_std": 0.11868252674173582,
    "ICIR": 0.5230495141971053,
    "RankIC_mean": 0.050944303496385644,
    "RankICIR": 0.46277071832944605,
    "annual_return": 0.5214352919964398,
    "annual_vol": 0.25638765875981023,
    "sharpe": 1.7668816090628727,
    "max_drawdown": -0.2395587165262274,
    "turnover": 0.6160045924225033
  }
}