{
  "exp_name": "fdg_skip32_symshare_csi300_recent_seed8",
  "model": "fdg",
  "market": "csi300_aligned",
  "handler": "Alpha158",
  "device": "cuda",
  "model_config": {
    "name": "fdg",
    "rank": 32,
    "tau": 1.0,
    "d_hidden": 128,
    "dropout": 0.1,
    "b_init": "identity_perturbed",
    "bottleneck_dim": 64,
    "skip_hidden_dim": 32,
    "core_mode": "symmetric",
    "share_sr_weights": true,
    "symmetrize_adjacency": true
  },
  "best_epoch": 25,
  "valid_best_ICIR": 0.34261072527517306,
  "test_metrics": {
    "IC_mean": 0.031318988827387144,
    "IC_std": 0.09703906786339966,
    "ICIR": 0.3227461837481207,
    "RankIC_mean": 0.01749206439804724,
    "RankICIR": 0.1754963946483365,
    "annual_return": 0.1591200148176024,
    "annual_vol": 0.2142661700933963,
    "sharpe": 0.7968091758621756,
    "max_drawdown": -0.3257717389683594,
    "turnover": 0.6258731924360403
  }
}