{
  "exp_name": "fdg_skip32_random_csi300_recent_seed7",
  "model": "fdg",
  "market": "csi300_aligned",
  "handler": "Alpha158",
  "device": "cuda",
  "model_config": {
    "name": "fdg",
    "rank": 32,
    "tau": 1.0,
    "d_hidden": 128,
    "dropout": 0.1,
    "b_init": "identity_perturbed",
    "bottleneck_dim": 64,
    "skip_hidden_dim": 32,
    "graph_mode": "random",
    "random_graph_seed": 7
  },
  "best_epoch": 8,
  "valid_best_ICIR": 0.3644284598845601,
  "test_metrics": {
    "IC_mean": 0.03889129171047689,
    "IC_std": 0.12483420018920888,
    "ICIR": 0.3115435645963212,
    "RankIC_mean": 0.017085778899383525,
    "RankICIR": 0.1362272577775564,
    "annual_return": 0.23049713039550146,
    "annual_vol": 0.24041950779623542,
    "sharpe": 0.9829206074425713,
    "max_drawdown": -0.306920359085729,
    "turnover": 0.6622691879866522
  }
}