{
  "exp_name": "fdg_skip32_random_csi300_recent_seed149",
  "model": "fdg",
  "market": "csi300_aligned",
  "handler": "Alpha158",
  "device": "cuda",
  "model_config": {
    "name": "fdg",
    "rank": 32,
    "tau": 1.0,
    "d_hidden": 128,
    "dropout": 0.1,
    "b_init": "identity_perturbed",
    "bottleneck_dim": 64,
    "skip_hidden_dim": 32,
    "graph_mode": "random",
    "random_graph_seed": 149
  },
  "best_epoch": 8,
  "valid_best_ICIR": 0.39062465588613066,
  "test_metrics": {
    "IC_mean": 0.04082726453851589,
    "IC_std": 0.11914851595477578,
    "ICIR": 0.34265860729656383,
    "RankIC_mean": 0.02184740060138852,
    "RankICIR": 0.18854244961791758,
    "annual_return": 0.24748462509687785,
    "annual_vol": 0.23960249753077892,
    "sharpe": 1.042893995877985,
    "max_drawdown": -0.3086249931431876,
    "turnover": 0.6539265850945499
  }
}