{
  "exp_name": "fdg_skip32_symshare_csi300_official_seed128",
  "model": "fdg",
  "market": "csi300_aligned",
  "handler": "Alpha158",
  "device": "cuda",
  "model_config": {
    "name": "fdg",
    "rank": 32,
    "tau": 1.0,
    "d_hidden": 128,
    "dropout": 0.1,
    "b_init": "identity_perturbed",
    "bottleneck_dim": 64,
    "skip_hidden_dim": 32,
    "core_mode": "symmetric",
    "share_sr_weights": true,
    "symmetrize_adjacency": true
  },
  "best_epoch": 9,
  "valid_best_ICIR": 0.5335760565320129,
  "test_metrics": {
    "IC_mean": 0.04432213300794839,
    "IC_std": 0.12038449387821512,
    "ICIR": 0.368171444511667,
    "RankIC_mean": 0.04278107602555879,
    "RankICIR": 0.34294943313336024,
    "annual_return": 0.42495612856066867,
    "annual_vol": 0.2475215276654325,
    "sharpe": 1.556066654037477,
    "max_drawdown": -0.2713790036438116,
    "turnover": 0.6465212399540761
  }
}