{
  "exp_name": "fdg_skip32_symshare_csi300_official_seed50",
  "model": "fdg",
  "market": "csi300_aligned",
  "handler": "Alpha158",
  "device": "cuda",
  "model_config": {
    "name": "fdg",
    "rank": 32,
    "tau": 1.0,
    "d_hidden": 128,
    "dropout": 0.1,
    "b_init": "identity_perturbed",
    "bottleneck_dim": 64,
    "skip_hidden_dim": 32,
    "core_mode": "symmetric",
    "share_sr_weights": true,
    "symmetrize_adjacency": true
  },
  "best_epoch": 6,
  "valid_best_ICIR": 0.5242662662945906,
  "test_metrics": {
    "IC_mean": 0.04507142750549962,
    "IC_std": 0.11745626395569347,
    "ICIR": 0.38372944947832954,
    "RankIC_mean": 0.05077446379071042,
    "RankICIR": 0.4626685285676397,
    "annual_return": 0.48349520142177793,
    "annual_vol": 0.242179316447003,
    "sharpe": 1.7513734081439065,
    "max_drawdown": -0.22013168061987154,
    "turnover": 0.6658323765786456
  }
}