{
  "exp_name": "fdg_skip32_random_csi300_official_seed90",
  "model": "fdg",
  "market": "csi300_aligned",
  "handler": "Alpha158",
  "device": "cuda",
  "model_config": {
    "name": "fdg",
    "rank": 32,
    "tau": 1.0,
    "d_hidden": 128,
    "dropout": 0.1,
    "b_init": "identity_perturbed",
    "bottleneck_dim": 64,
    "skip_hidden_dim": 32,
    "graph_mode": "random",
    "random_graph_seed": 90
  },
  "best_epoch": 19,
  "valid_best_ICIR": 0.5931397568738718,
  "test_metrics": {
    "IC_mean": 0.05952441322186768,
    "IC_std": 0.12399216829098524,
    "ICIR": 0.4800659109547596,
    "RankIC_mean": 0.05242573608785881,
    "RankICIR": 0.4577340185604976,
    "annual_return": 0.5317164129993932,
    "annual_vol": 0.24984946168738054,
    "sharpe": 1.8333779554915794,
    "max_drawdown": -0.22357407397785045,
    "turnover": 0.6575889781859934
  }
}