{
  "exp_name": "fdg_skip32_symshare_csi300_recent_seed72",
  "model": "fdg",
  "market": "csi300_aligned",
  "handler": "Alpha158",
  "device": "cuda",
  "model_config": {
    "name": "fdg",
    "rank": 32,
    "tau": 1.0,
    "d_hidden": 128,
    "dropout": 0.1,
    "b_init": "identity_perturbed",
    "bottleneck_dim": 64,
    "skip_hidden_dim": 32,
    "core_mode": "symmetric",
    "share_sr_weights": true,
    "symmetrize_adjacency": true
  },
  "best_epoch": 13,
  "valid_best_ICIR": 0.3499753617308059,
  "test_metrics": {
    "IC_mean": 0.037858396713797995,
    "IC_std": 0.1283198821351841,
    "ICIR": 0.295031417453411,
    "RankIC_mean": 0.01878128564813474,
    "RankICIR": 0.15216470500797055,
    "annual_return": 0.2662680283215637,
    "annual_vol": 0.2428587651339919,
    "sharpe": 1.0934123523220936,
    "max_drawdown": -0.33730667055628705,
    "turnover": 0.6632480533926589
  }
}