{
  "exp_name": "fdg_skip32_random_csi300_official_seed86",
  "model": "fdg",
  "market": "csi300_aligned",
  "handler": "Alpha158",
  "device": "cuda",
  "model_config": {
    "name": "fdg",
    "rank": 32,
    "tau": 1.0,
    "d_hidden": 128,
    "dropout": 0.1,
    "b_init": "identity_perturbed",
    "bottleneck_dim": 64,
    "skip_hidden_dim": 32,
    "graph_mode": "random",
    "random_graph_seed": 86
  },
  "best_epoch": 25,
  "valid_best_ICIR": 0.6065593459005232,
  "test_metrics": {
    "IC_mean": 0.05726278511347989,
    "IC_std": 0.11573742271528353,
    "ICIR": 0.49476464716470775,
    "RankIC_mean": 0.04446834736495754,
    "RankICIR": 0.40174923610775426,
    "annual_return": 0.4949012139482274,
    "annual_vol": 0.2594706257645796,
    "sharpe": 1.6809372727589533,
    "max_drawdown": -0.2248103329914548,
    "turnover": 0.6395637198622277
  }
}