{
  "exp_name": "fdg_skip32_random_csi300_recent_seed74",
  "model": "fdg",
  "market": "csi300_aligned",
  "handler": "Alpha158",
  "device": "cuda",
  "model_config": {
    "name": "fdg",
    "rank": 32,
    "tau": 1.0,
    "d_hidden": 128,
    "dropout": 0.1,
    "b_init": "identity_perturbed",
    "bottleneck_dim": 64,
    "skip_hidden_dim": 32,
    "graph_mode": "random",
    "random_graph_seed": 74
  },
  "best_epoch": 18,
  "valid_best_ICIR": 0.36185649380463814,
  "test_metrics": {
    "IC_mean": 0.04152088579332943,
    "IC_std": 0.11782056607146808,
    "ICIR": 0.35240779413793955,
    "RankIC_mean": 0.020533272351500452,
    "RankICIR": 0.19207782305573554,
    "annual_return": 0.24980017541276323,
    "annual_vol": 0.23864958865931216,
    "sharpe": 1.0535947611201235,
    "max_drawdown": -0.3150365178220379,
    "turnover": 0.6424694104560628
  }
}