{
  "exp_name": "fdg_skip32_symshare_csi300_official_seed99",
  "model": "fdg",
  "market": "csi300_aligned",
  "handler": "Alpha158",
  "device": "cuda",
  "model_config": {
    "name": "fdg",
    "rank": 32,
    "tau": 1.0,
    "d_hidden": 128,
    "dropout": 0.1,
    "b_init": "identity_perturbed",
    "bottleneck_dim": 64,
    "skip_hidden_dim": 32,
    "core_mode": "symmetric",
    "share_sr_weights": true,
    "symmetrize_adjacency": true
  },
  "best_epoch": 7,
  "valid_best_ICIR": 0.556574086655498,
  "test_metrics": {
    "IC_mean": 0.05103993247228016,
    "IC_std": 0.10877945079826329,
    "ICIR": 0.4692056458984718,
    "RankIC_mean": 0.039498251550127796,
    "RankICIR": 0.36949706447421016,
    "annual_return": 0.47652626843831536,
    "annual_vol": 0.25064155472899,
    "sharpe": 1.681935595881242,
    "max_drawdown": -0.23756816983282092,
    "turnover": 0.6208495981630312
  }
}