{
  "exp_name": "fdg_skip32_symshare_csi300_official_seed49",
  "model": "fdg",
  "market": "csi300_aligned",
  "handler": "Alpha158",
  "device": "cuda",
  "model_config": {
    "name": "fdg",
    "rank": 32,
    "tau": 1.0,
    "d_hidden": 128,
    "dropout": 0.1,
    "b_init": "identity_perturbed",
    "bottleneck_dim": 64,
    "skip_hidden_dim": 32,
    "core_mode": "symmetric",
    "share_sr_weights": true,
    "symmetrize_adjacency": true
  },
  "best_epoch": 12,
  "valid_best_ICIR": 0.5589327728414049,
  "test_metrics": {
    "IC_mean": 0.05811415448528532,
    "IC_std": 0.1217109234194515,
    "ICIR": 0.4774769006148028,
    "RankIC_mean": 0.04502774735810686,
    "RankICIR": 0.40631354843051476,
    "annual_return": 0.4958043142057824,
    "annual_vol": 0.24743162605956254,
    "sharpe": 1.7527668241826035,
    "max_drawdown": -0.23162155308609678,
    "turnover": 0.6340528128587833
  }
}