{
  "exp_name": "fdg_skip32_random_csi300_official_seed13",
  "model": "fdg",
  "market": "csi300_aligned",
  "handler": "Alpha158",
  "device": "cuda",
  "model_config": {
    "name": "fdg",
    "rank": 32,
    "tau": 1.0,
    "d_hidden": 128,
    "dropout": 0.1,
    "b_init": "identity_perturbed",
    "bottleneck_dim": 64,
    "skip_hidden_dim": 32,
    "graph_mode": "random",
    "random_graph_seed": 13
  },
  "best_epoch": 21,
  "valid_best_ICIR": 0.5862148258092824,
  "test_metrics": {
    "IC_mean": 0.05826485824225115,
    "IC_std": 0.1262483345672822,
    "ICIR": 0.46150991569080657,
    "RankIC_mean": 0.04967317466670848,
    "RankICIR": 0.41668791617202044,
    "annual_return": 0.5456865707077225,
    "annual_vol": 0.2565098715437063,
    "sharpe": 1.8278239658382898,
    "max_drawdown": -0.21631980201806156,
    "turnover": 0.6208266360505169
  }
}