{
  "exp_name": "fdg_skip32_symshare_csi300_official_seed85",
  "model": "fdg",
  "market": "csi300_aligned",
  "handler": "Alpha158",
  "device": "cuda",
  "model_config": {
    "name": "fdg",
    "rank": 32,
    "tau": 1.0,
    "d_hidden": 128,
    "dropout": 0.1,
    "b_init": "identity_perturbed",
    "bottleneck_dim": 64,
    "skip_hidden_dim": 32,
    "core_mode": "symmetric",
    "share_sr_weights": true,
    "symmetrize_adjacency": true
  },
  "best_epoch": 12,
  "valid_best_ICIR": 0.5319199709862328,
  "test_metrics": {
    "IC_mean": 0.04933108175582136,
    "IC_std": 0.12152509624274252,
    "ICIR": 0.4059332868766801,
    "RankIC_mean": 0.04279415020436625,
    "RankICIR": 0.35945860325109047,
    "annual_return": 0.46289861077396055,
    "annual_vol": 0.2569374190655377,
    "sharpe": 1.6106554936819857,
    "max_drawdown": -0.23820410428971195,
    "turnover": 0.6226636050516652
  }
}