{
  "exp_name": "fdg_skip32_symshare_csi300_official_seed98",
  "model": "fdg",
  "market": "csi300_aligned",
  "handler": "Alpha158",
  "device": "cuda",
  "model_config": {
    "name": "fdg",
    "rank": 32,
    "tau": 1.0,
    "d_hidden": 128,
    "dropout": 0.1,
    "b_init": "identity_perturbed",
    "bottleneck_dim": 64,
    "skip_hidden_dim": 32,
    "core_mode": "symmetric",
    "share_sr_weights": true,
    "symmetrize_adjacency": true
  },
  "best_epoch": 24,
  "valid_best_ICIR": 0.5702242454537269,
  "test_metrics": {
    "IC_mean": 0.0631603521909421,
    "IC_std": 0.11664920408526912,
    "ICIR": 0.5414554920132388,
    "RankIC_mean": 0.04819583905230264,
    "RankICIR": 0.4304482959905264,
    "annual_return": 0.49294597508858584,
    "annual_vol": 0.25507791859660117,
    "sharpe": 1.7004360998642165,
    "max_drawdown": -0.24757352627140194,
    "turnover": 0.6205051664753161
  }
}