{
  "exp_name": "fdg_skip32_random_csi300_recent_seed98",
  "model": "fdg",
  "market": "csi300_aligned",
  "handler": "Alpha158",
  "device": "cuda",
  "model_config": {
    "name": "fdg",
    "rank": 32,
    "tau": 1.0,
    "d_hidden": 128,
    "dropout": 0.1,
    "b_init": "identity_perturbed",
    "bottleneck_dim": 64,
    "skip_hidden_dim": 32,
    "graph_mode": "random",
    "random_graph_seed": 98
  },
  "best_epoch": 23,
  "valid_best_ICIR": 0.3988079297881437,
  "test_metrics": {
    "IC_mean": 0.04081905062913314,
    "IC_std": 0.1230148841155875,
    "ICIR": 0.33182204675963156,
    "RankIC_mean": 0.031458472586369406,
    "RankICIR": 0.27279143290599667,
    "annual_return": 0.286410248579144,
    "annual_vol": 0.2202550021366049,
    "sharpe": 1.2538333669273904,
    "max_drawdown": -0.2672801317221716,
    "turnover": 0.7014015572858736
  }
}