{
  "exp_name": "fdg_skip32_random_csi300_official_seed33",
  "model": "fdg",
  "market": "csi300_aligned",
  "handler": "Alpha158",
  "device": "cuda",
  "model_config": {
    "name": "fdg",
    "rank": 32,
    "tau": 1.0,
    "d_hidden": 128,
    "dropout": 0.1,
    "b_init": "identity_perturbed",
    "bottleneck_dim": 64,
    "skip_hidden_dim": 32,
    "graph_mode": "random",
    "random_graph_seed": 33
  },
  "best_epoch": 19,
  "valid_best_ICIR": 0.6092695199837441,
  "test_metrics": {
    "IC_mean": 0.05605704044479724,
    "IC_std": 0.10944517137904626,
    "ICIR": 0.5121929066258432,
    "RankIC_mean": 0.04531989449928785,
    "RankICIR": 0.4263124266023671,
    "annual_return": 0.4729422613064964,
    "annual_vol": 0.25616715868809703,
    "sharpe": 1.6413883860995417,
    "max_drawdown": -0.20828533211782074,
    "turnover": 0.6222962112514355
  }
}