{
  "exp_name": "fdg_skip32_symshare_csi300_official_seed60",
  "model": "fdg",
  "market": "csi300_aligned",
  "handler": "Alpha158",
  "device": "cuda",
  "model_config": {
    "name": "fdg",
    "rank": 32,
    "tau": 1.0,
    "d_hidden": 128,
    "dropout": 0.1,
    "b_init": "identity_perturbed",
    "bottleneck_dim": 64,
    "skip_hidden_dim": 32,
    "core_mode": "symmetric",
    "share_sr_weights": true,
    "symmetrize_adjacency": true
  },
  "best_epoch": 28,
  "valid_best_ICIR": 0.5564885263645695,
  "test_metrics": {
    "IC_mean": 0.0601681587048654,
    "IC_std": 0.11127863065506131,
    "ICIR": 0.540698230654663,
    "RankIC_mean": 0.043111825584613704,
    "RankICIR": 0.41516002065937857,
    "annual_return": 0.3910352462517306,
    "annual_vol": 0.25258735483282196,
    "sharpe": 1.4341856710534304,
    "max_drawdown": -0.30550943884783055,
    "turnover": 0.6705166475315731
  }
}