{
  "exp_name": "fdg_skip32_random_csi300_official_seed7",
  "model": "fdg",
  "market": "csi300_aligned",
  "handler": "Alpha158",
  "device": "cuda",
  "model_config": {
    "name": "fdg",
    "rank": 32,
    "tau": 1.0,
    "d_hidden": 128,
    "dropout": 0.1,
    "b_init": "identity_perturbed",
    "bottleneck_dim": 64,
    "skip_hidden_dim": 32,
    "graph_mode": "random",
    "random_graph_seed": 7
  },
  "best_epoch": 18,
  "valid_best_ICIR": 0.5784086257146543,
  "test_metrics": {
    "IC_mean": 0.05875341315607864,
    "IC_std": 0.11190317640951467,
    "ICIR": 0.5250379394153023,
    "RankIC_mean": 0.04542323273600967,
    "RankICIR": 0.42625688433393505,
    "annual_return": 0.5170079837364636,
    "annual_vol": 0.2531561337331178,
    "sharpe": 1.7744209040387862,
    "max_drawdown": -0.20584190095063193,
    "turnover": 0.6431687715269808
  }
}