{
  "exp_name": "fdg_skip32_random_csi300_official_seed19",
  "model": "fdg",
  "market": "csi300_aligned",
  "handler": "Alpha158",
  "device": "cuda",
  "model_config": {
    "name": "fdg",
    "rank": 32,
    "tau": 1.0,
    "d_hidden": 128,
    "dropout": 0.1,
    "b_init": "identity_perturbed",
    "bottleneck_dim": 64,
    "skip_hidden_dim": 32,
    "graph_mode": "random",
    "random_graph_seed": 19
  },
  "best_epoch": 18,
  "valid_best_ICIR": 0.5857605135194076,
  "test_metrics": {
    "IC_mean": 0.05634457152261724,
    "IC_std": 0.11715440604533599,
    "ICIR": 0.4809428294213128,
    "RankIC_mean": 0.050882698504685984,
    "RankICIR": 0.470645574451428,
    "annual_return": 0.5475344114068648,
    "annual_vol": 0.25007650111785157,
    "sharpe": 1.873065853548096,
    "max_drawdown": -0.20355469242994706,
    "turnover": 0.6601148105625722
  }
}