{
  "exp_name": "fdg_skip32_random_csi300_official_seed92",
  "model": "fdg",
  "market": "csi300_aligned",
  "handler": "Alpha158",
  "device": "cuda",
  "model_config": {
    "name": "fdg",
    "rank": 32,
    "tau": 1.0,
    "d_hidden": 128,
    "dropout": 0.1,
    "b_init": "identity_perturbed",
    "bottleneck_dim": 64,
    "skip_hidden_dim": 32,
    "graph_mode": "random",
    "random_graph_seed": 92
  },
  "best_epoch": 10,
  "valid_best_ICIR": 0.585693025570955,
  "test_metrics": {
    "IC_mean": 0.05337731646882445,
    "IC_std": 0.11329599682237963,
    "ICIR": 0.4711315312623712,
    "RankIC_mean": 0.0447010452959578,
    "RankICIR": 0.3829370781177093,
    "annual_return": 0.5065215470147786,
    "annual_vol": 0.2571084605326758,
    "sharpe": 1.7242990212240101,
    "max_drawdown": -0.212983526894588,
    "turnover": 0.6122617680826639
  }
}