{
  "exp_name": "fdg_skip32_symshare_csi300_recent_seed15",
  "model": "fdg",
  "market": "csi300_aligned",
  "handler": "Alpha158",
  "device": "cuda",
  "model_config": {
    "name": "fdg",
    "rank": 32,
    "tau": 1.0,
    "d_hidden": 128,
    "dropout": 0.1,
    "b_init": "identity_perturbed",
    "bottleneck_dim": 64,
    "skip_hidden_dim": 32,
    "core_mode": "symmetric",
    "share_sr_weights": true,
    "symmetrize_adjacency": true
  },
  "best_epoch": 16,
  "valid_best_ICIR": 0.33849077807990596,
  "test_metrics": {
    "IC_mean": 0.037604706805913386,
    "IC_std": 0.1034542222900566,
    "ICIR": 0.36349127153534966,
    "RankIC_mean": 0.01813828964370624,
    "RankICIR": 0.1713534801224823,
    "annual_return": 0.24206044130554272,
    "annual_vol": 0.21551307325644659,
    "sharpe": 1.113994256309437,
    "max_drawdown": -0.28362382100173433,
    "turnover": 0.6599777530589548
  }
}