{
  "exp_name": "fdg_skip32_sepw_symb_csi300_recent_seed25",
  "model": "fdg",
  "market": "csi300_aligned",
  "handler": "Alpha158",
  "device": "cuda",
  "model_config": {
    "name": "fdg",
    "rank": 32,
    "tau": 1.0,
    "d_hidden": 128,
    "dropout": 0.1,
    "b_init": "identity_perturbed",
    "bottleneck_dim": 64,
    "skip_hidden_dim": 32,
    "core_mode": "symmetric",
    "share_sr_weights": false,
    "symmetrize_adjacency": false
  },
  "best_epoch": 3,
  "valid_best_ICIR": 0.4062983676972543,
  "test_metrics": {
    "IC_mean": 0.03832347382738446,
    "IC_std": 0.13330914238558986,
    "ICIR": 0.2874782114833188,
    "RankIC_mean": 0.010186730205844893,
    "RankICIR": 0.07362510494003989,
    "annual_return": 0.23971655148352733,
    "annual_vol": 0.2515865316528373,
    "sharpe": 0.9801871027922425,
    "max_drawdown": -0.3085715003026622,
    "turnover": 0.5541268075639603
  }
}