{
  "exp_name": "fdg_skip32_symshare_csi300_recent_seed77",
  "model": "fdg",
  "market": "csi300_aligned",
  "handler": "Alpha158",
  "device": "cuda",
  "model_config": {
    "name": "fdg",
    "rank": 32,
    "tau": 1.0,
    "d_hidden": 128,
    "dropout": 0.1,
    "b_init": "identity_perturbed",
    "bottleneck_dim": 64,
    "skip_hidden_dim": 32,
    "core_mode": "symmetric",
    "share_sr_weights": true,
    "symmetrize_adjacency": true
  },
  "best_epoch": 13,
  "valid_best_ICIR": 0.34981509337487104,
  "test_metrics": {
    "IC_mean": 0.0371167971773257,
    "IC_std": 0.13061397059358804,
    "ICIR": 0.2841717238105906,
    "RankIC_mean": 0.015238988727145781,
    "RankICIR": 0.11612203815825053,
    "annual_return": 0.2677616506474352,
    "annual_vol": 0.2565373040206817,
    "sharpe": 1.0533630621638745,
    "max_drawdown": -0.31667525546856623,
    "turnover": 0.6793103448275866
  }
}