{
  "exp_name": "fdg_skip32_symshare_csi300_recent_seed98",
  "model": "fdg",
  "market": "csi300_aligned",
  "handler": "Alpha158",
  "device": "cuda",
  "model_config": {
    "name": "fdg",
    "rank": 32,
    "tau": 1.0,
    "d_hidden": 128,
    "dropout": 0.1,
    "b_init": "identity_perturbed",
    "bottleneck_dim": 64,
    "skip_hidden_dim": 32,
    "core_mode": "symmetric",
    "share_sr_weights": true,
    "symmetrize_adjacency": true
  },
  "best_epoch": 26,
  "valid_best_ICIR": 0.3428483598388136,
  "test_metrics": {
    "IC_mean": 0.04066283478255576,
    "IC_std": 0.12413420630510108,
    "ICIR": 0.3275715533445578,
    "RankIC_mean": 0.014676384616245888,
    "RankICIR": 0.11960174261250973,
    "annual_return": 0.22042008195603535,
    "annual_vol": 0.24024959350486016,
    "sharpe": 0.9495679658525481,
    "max_drawdown": -0.35191429845121946,
    "turnover": 0.5923248053392661
  }
}