{
  "exp_name": "fdg_skip32_symshare_csi300_recent_seed9",
  "model": "fdg",
  "market": "csi300_aligned",
  "handler": "Alpha158",
  "device": "cuda",
  "model_config": {
    "name": "fdg",
    "rank": 32,
    "tau": 1.0,
    "d_hidden": 128,
    "dropout": 0.1,
    "b_init": "identity_perturbed",
    "bottleneck_dim": 64,
    "skip_hidden_dim": 32,
    "core_mode": "symmetric",
    "share_sr_weights": true,
    "symmetrize_adjacency": true
  },
  "best_epoch": 36,
  "valid_best_ICIR": 0.38998948299661135,
  "test_metrics": {
    "IC_mean": 0.03720132000278167,
    "IC_std": 0.11844781149538047,
    "ICIR": 0.3140735107987414,
    "RankIC_mean": 0.01515918415053515,
    "RankICIR": 0.14988841482990575,
    "annual_return": 0.24972061444061722,
    "annual_vol": 0.22669493442240882,
    "sharpe": 1.0969042922803667,
    "max_drawdown": -0.29461174916795274,
    "turnover": 0.682335928809789
  }
}