{
  "exp_name": "fdg_skip32_random_csi300_official_seed8",
  "model": "fdg",
  "market": "csi300_aligned",
  "handler": "Alpha158",
  "device": "cuda",
  "model_config": {
    "name": "fdg",
    "rank": 32,
    "tau": 1.0,
    "d_hidden": 128,
    "dropout": 0.1,
    "b_init": "identity_perturbed",
    "bottleneck_dim": 64,
    "skip_hidden_dim": 32,
    "graph_mode": "random",
    "random_graph_seed": 8
  },
  "best_epoch": 21,
  "valid_best_ICIR": 0.6175840531214712,
  "test_metrics": {
    "IC_mean": 0.06234271884490367,
    "IC_std": 0.12367634615593057,
    "ICIR": 0.5040795655969837,
    "RankIC_mean": 0.05027562294714369,
    "RankICIR": 0.44455142933197533,
    "annual_return": 0.45869308974906,
    "annual_vol": 0.2509294138968304,
    "sharpe": 1.6316695641820145,
    "max_drawdown": -0.2351446861550427,
    "turnover": 0.6377497129735938
  }
}