{
  "exp_name": "fdg_skip32_symshare_csi300_official_seed57",
  "model": "fdg",
  "market": "csi300_aligned",
  "handler": "Alpha158",
  "device": "cuda",
  "model_config": {
    "name": "fdg",
    "rank": 32,
    "tau": 1.0,
    "d_hidden": 128,
    "dropout": 0.1,
    "b_init": "identity_perturbed",
    "bottleneck_dim": 64,
    "skip_hidden_dim": 32,
    "core_mode": "symmetric",
    "share_sr_weights": true,
    "symmetrize_adjacency": true
  },
  "best_epoch": 12,
  "valid_best_ICIR": 0.5658593999139807,
  "test_metrics": {
    "IC_mean": 0.056334310703655244,
    "IC_std": 0.11606688376333056,
    "ICIR": 0.48536075818598956,
    "RankIC_mean": 0.045755838647340716,
    "RankICIR": 0.42107101416784565,
    "annual_return": 0.4827858775599492,
    "annual_vol": 0.2537420469773867,
    "sharpe": 1.680909372629994,
    "max_drawdown": -0.2477866772743358,
    "turnover": 0.631159586681975
  }
}