{
  "exp_name": "fdg_skip32_symshare_csi300_recent_seed169",
  "model": "fdg",
  "market": "csi300_aligned",
  "handler": "Alpha158",
  "device": "cuda",
  "model_config": {
    "name": "fdg",
    "rank": 32,
    "tau": 1.0,
    "d_hidden": 128,
    "dropout": 0.1,
    "b_init": "identity_perturbed",
    "bottleneck_dim": 64,
    "skip_hidden_dim": 32,
    "core_mode": "symmetric",
    "share_sr_weights": true,
    "symmetrize_adjacency": true
  },
  "best_epoch": 19,
  "valid_best_ICIR": 0.3719955712608569,
  "test_metrics": {
    "IC_mean": 0.040683695708388916,
    "IC_std": 0.11509808077122266,
    "ICIR": 0.3534698010234836,
    "RankIC_mean": 0.011554459630688345,
    "RankICIR": 0.10670424873892649,
    "annual_return": 0.25286349102509,
    "annual_vol": 0.23528497536906878,
    "sharpe": 1.0760449347290713,
    "max_drawdown": -0.31228586386740065,
    "turnover": 0.6070967741935487
  }
}