{
  "exp_name": "fdg_skip32_random_csi300_official_seed49",
  "model": "fdg",
  "market": "csi300_aligned",
  "handler": "Alpha158",
  "device": "cuda",
  "model_config": {
    "name": "fdg",
    "rank": 32,
    "tau": 1.0,
    "d_hidden": 128,
    "dropout": 0.1,
    "b_init": "identity_perturbed",
    "bottleneck_dim": 64,
    "skip_hidden_dim": 32,
    "graph_mode": "random",
    "random_graph_seed": 49
  },
  "best_epoch": 24,
  "valid_best_ICIR": 0.5777568005078048,
  "test_metrics": {
    "IC_mean": 0.0633417393416881,
    "IC_std": 0.118359646654722,
    "ICIR": 0.5351633021216109,
    "RankIC_mean": 0.04969786504197245,
    "RankICIR": 0.43373529159333113,
    "annual_return": 0.5223314602205478,
    "annual_vol": 0.2576032043508459,
    "sharpe": 1.7619743236722967,
    "max_drawdown": -0.2221368899826518,
    "turnover": 0.6263375430539613
  }
}