{
  "exp_name": "fdg_skip32_symshare_csi300_official_seed87",
  "model": "fdg",
  "market": "csi300_aligned",
  "handler": "Alpha158",
  "device": "cuda",
  "model_config": {
    "name": "fdg",
    "rank": 32,
    "tau": 1.0,
    "d_hidden": 128,
    "dropout": 0.1,
    "b_init": "identity_perturbed",
    "bottleneck_dim": 64,
    "skip_hidden_dim": 32,
    "core_mode": "symmetric",
    "share_sr_weights": true,
    "symmetrize_adjacency": true
  },
  "best_epoch": 18,
  "valid_best_ICIR": 0.5462132410680093,
  "test_metrics": {
    "IC_mean": 0.05343136970451561,
    "IC_std": 0.11571358682335853,
    "ICIR": 0.46175536660254735,
    "RankIC_mean": 0.043765481434344514,
    "RankICIR": 0.3846973627567336,
    "annual_return": 0.4397910135392462,
    "annual_vol": 0.2551613790609813,
    "sharpe": 1.5577112255322259,
    "max_drawdown": -0.24099738029032436,
    "turnover": 0.6187830080367397
  }
}