{
  "exp_name": "fdg_skip32_symshare_csi300_recent_seed137",
  "model": "fdg",
  "market": "csi300_aligned",
  "handler": "Alpha158",
  "device": "cuda",
  "model_config": {
    "name": "fdg",
    "rank": 32,
    "tau": 1.0,
    "d_hidden": 128,
    "dropout": 0.1,
    "b_init": "identity_perturbed",
    "bottleneck_dim": 64,
    "skip_hidden_dim": 32,
    "core_mode": "symmetric",
    "share_sr_weights": true,
    "symmetrize_adjacency": true
  },
  "best_epoch": 13,
  "valid_best_ICIR": 0.37025066663363326,
  "test_metrics": {
    "IC_mean": 0.04296539277888865,
    "IC_std": 0.12192582012540883,
    "ICIR": 0.3523896147239025,
    "RankIC_mean": 0.01170414590995153,
    "RankICIR": 0.09761698405696463,
    "annual_return": 0.25526211333675475,
    "annual_vol": 0.23608887793152206,
    "sharpe": 1.0812572329962074,
    "max_drawdown": -0.3359639429946176,
    "turnover": 0.6502780867630705
  }
}