{
  "exp_name": "fdg_skip32_symshare_csi300_official_seed66",
  "model": "fdg",
  "market": "csi300_aligned",
  "handler": "Alpha158",
  "device": "cuda",
  "model_config": {
    "name": "fdg",
    "rank": 32,
    "tau": 1.0,
    "d_hidden": 128,
    "dropout": 0.1,
    "b_init": "identity_perturbed",
    "bottleneck_dim": 64,
    "skip_hidden_dim": 32,
    "core_mode": "symmetric",
    "share_sr_weights": true,
    "symmetrize_adjacency": true
  },
  "best_epoch": 8,
  "valid_best_ICIR": 0.4805831415706577,
  "test_metrics": {
    "IC_mean": 0.043746282630099366,
    "IC_std": 0.12658752870722947,
    "ICIR": 0.3455812991758089,
    "RankIC_mean": 0.038773946893672515,
    "RankICIR": 0.3066390626062426,
    "annual_return": 0.4416418982121231,
    "annual_vol": 0.26113407498353486,
    "sharpe": 1.5327987005068797,
    "max_drawdown": -0.26650598880015075,
    "turnover": 0.5617680826636053
  }
}