{
  "exp_name": "fdg_skip32_symshare_csi300_official_seed100",
  "model": "fdg",
  "market": "csi300_aligned",
  "handler": "Alpha158",
  "device": "cuda",
  "model_config": {
    "name": "fdg",
    "rank": 32,
    "tau": 1.0,
    "d_hidden": 128,
    "dropout": 0.1,
    "b_init": "identity_perturbed",
    "bottleneck_dim": 64,
    "skip_hidden_dim": 32,
    "core_mode": "symmetric",
    "share_sr_weights": true,
    "symmetrize_adjacency": true
  },
  "best_epoch": 16,
  "valid_best_ICIR": 0.5107352425290103,
  "test_metrics": {
    "IC_mean": 0.05889495625409931,
    "IC_std": 0.12130441567169745,
    "ICIR": 0.4855137047401036,
    "RankIC_mean": 0.04353080731326075,
    "RankICIR": 0.3927417473517277,
    "annual_return": 0.39894652361022587,
    "annual_vol": 0.25400215602202114,
    "sharpe": 1.4501961420227323,
    "max_drawdown": -0.22893879906010262,
    "turnover": 0.6449138920780715
  }
}