{
  "exp_name": "fdg_skip32_sharew_freeb_csi300_official_seed49",
  "model": "fdg",
  "market": "csi300_aligned",
  "handler": "Alpha158",
  "device": "cuda",
  "model_config": {
    "name": "fdg",
    "rank": 32,
    "tau": 1.0,
    "d_hidden": 128,
    "dropout": 0.1,
    "b_init": "identity_perturbed",
    "bottleneck_dim": 64,
    "skip_hidden_dim": 32,
    "core_mode": "asymmetric",
    "share_sr_weights": true,
    "symmetrize_adjacency": false
  },
  "best_epoch": 12,
  "valid_best_ICIR": 0.5558872583783097,
  "test_metrics": {
    "IC_mean": 0.05683083786931829,
    "IC_std": 0.12023289518372707,
    "ICIR": 0.47267295512160357,
    "RankIC_mean": 0.044341643749775034,
    "RankICIR": 0.4144301847124532,
    "annual_return": 0.4409737522986297,
    "annual_vol": 0.24873944447632382,
    "sharpe": 1.5945444517846938,
    "max_drawdown": -0.24533560022885736,
    "turnover": 0.6651205510907008
  }
}