{
  "exp_name": "fdg_skip32_symshare_csi300_recent_seed36",
  "model": "fdg",
  "market": "csi300_aligned",
  "handler": "Alpha158",
  "device": "cuda",
  "model_config": {
    "name": "fdg",
    "rank": 32,
    "tau": 1.0,
    "d_hidden": 128,
    "dropout": 0.1,
    "b_init": "identity_perturbed",
    "bottleneck_dim": 64,
    "skip_hidden_dim": 32,
    "core_mode": "symmetric",
    "share_sr_weights": true,
    "symmetrize_adjacency": true
  },
  "best_epoch": 4,
  "valid_best_ICIR": 0.3497908685239754,
  "test_metrics": {
    "IC_mean": 0.03460700192568495,
    "IC_std": 0.10959461147459487,
    "ICIR": 0.31577284193125865,
    "RankIC_mean": 0.015460118396508843,
    "RankICIR": 0.13968810480088145,
    "annual_return": 0.21223313632772256,
    "annual_vol": 0.21922165977562705,
    "sharpe": 0.9875279788940595,
    "max_drawdown": -0.24211682010306956,
    "turnover": 0.6242491657397111
  }
}