{
  "exp_name": "fdg_skip32_symshare_csi300_official_seed4",
  "model": "fdg",
  "market": "csi300_aligned",
  "handler": "Alpha158",
  "device": "cuda",
  "model_config": {
    "name": "fdg",
    "rank": 32,
    "tau": 1.0,
    "d_hidden": 128,
    "dropout": 0.1,
    "b_init": "identity_perturbed",
    "bottleneck_dim": 64,
    "skip_hidden_dim": 32,
    "core_mode": "symmetric",
    "share_sr_weights": true,
    "symmetrize_adjacency": true
  },
  "best_epoch": 5,
  "valid_best_ICIR": 0.5406202000826787,
  "test_metrics": {
    "IC_mean": 0.04553048456383271,
    "IC_std": 0.10513537434550592,
    "ICIR": 0.43306532028131733,
    "RankIC_mean": 0.040552028841323425,
    "RankICIR": 0.3868227299583347,
    "annual_return": 0.4510692347542786,
    "annual_vol": 0.2514634624294661,
    "sharpe": 1.6077062243400586,
    "max_drawdown": -0.22826021201567548,
    "turnover": 0.6245235361653275
  }
}