{
  "exp_name": "fdg_skip32_symshare_csi300_recent_seed22",
  "model": "fdg",
  "market": "csi300_aligned",
  "handler": "Alpha158",
  "device": "cuda",
  "model_config": {
    "name": "fdg",
    "rank": 32,
    "tau": 1.0,
    "d_hidden": 128,
    "dropout": 0.1,
    "b_init": "identity_perturbed",
    "bottleneck_dim": 64,
    "skip_hidden_dim": 32,
    "core_mode": "symmetric",
    "share_sr_weights": true,
    "symmetrize_adjacency": true
  },
  "best_epoch": 15,
  "valid_best_ICIR": 0.3339934995475713,
  "test_metrics": {
    "IC_mean": 0.038149865151845916,
    "IC_std": 0.1348519052667629,
    "ICIR": 0.28290193658278817,
    "RankIC_mean": 0.01699785994633891,
    "RankICIR": 0.12679238476486468,
    "annual_return": 0.20882729661370347,
    "annual_vol": 0.25464030034575874,
    "sharpe": 0.8721875311126042,
    "max_drawdown": -0.349527733116343,
    "turnover": 0.6092769744160181
  }
}