{
  "exp_name": "fdg_skip32_symshare_csi300_recent_seed87",
  "model": "fdg",
  "market": "csi300_aligned",
  "handler": "Alpha158",
  "device": "cuda",
  "model_config": {
    "name": "fdg",
    "rank": 32,
    "tau": 1.0,
    "d_hidden": 128,
    "dropout": 0.1,
    "b_init": "identity_perturbed",
    "bottleneck_dim": 64,
    "skip_hidden_dim": 32,
    "core_mode": "symmetric",
    "share_sr_weights": true,
    "symmetrize_adjacency": true
  },
  "best_epoch": 11,
  "valid_best_ICIR": 0.34353576698535637,
  "test_metrics": {
    "IC_mean": 0.031922303132977475,
    "IC_std": 0.10974683556271199,
    "ICIR": 0.2908721966269023,
    "RankIC_mean": 0.01008122824303775,
    "RankICIR": 0.08778953045140805,
    "annual_return": 0.1713124035787723,
    "annual_vol": 0.2301444410012265,
    "sharpe": 0.8022787630034993,
    "max_drawdown": -0.3297082399969159,
    "turnover": 0.7081423804226923
  }
}