{
  "exp_name": "fdg_skip32_sharew_freeb_csi300_recent_seed0",
  "model": "fdg",
  "market": "csi300_aligned",
  "handler": "Alpha158",
  "device": "cuda",
  "model_config": {
    "name": "fdg",
    "rank": 32,
    "tau": 1.0,
    "d_hidden": 128,
    "dropout": 0.1,
    "b_init": "identity_perturbed",
    "bottleneck_dim": 64,
    "skip_hidden_dim": 32,
    "core_mode": "asymmetric",
    "share_sr_weights": true,
    "symmetrize_adjacency": false
  },
  "best_epoch": 4,
  "valid_best_ICIR": 0.36307527892816577,
  "test_metrics": {
    "IC_mean": 0.042609257358284865,
    "IC_std": 0.12925653310341917,
    "ICIR": 0.3296487715958841,
    "RankIC_mean": 0.01702781747060342,
    "RankICIR": 0.12792457026604154,
    "annual_return": 0.28394895502209194,
    "annual_vol": 0.25989207571595146,
    "sharpe": 1.091977767584897,
    "max_drawdown": -0.338236648263883,
    "turnover": 0.6144382647385989
  }
}