{
  "exp_name": "fdg_skip32_random_csi300_official_seed24",
  "model": "fdg",
  "market": "csi300_aligned",
  "handler": "Alpha158",
  "device": "cuda",
  "model_config": {
    "name": "fdg",
    "rank": 32,
    "tau": 1.0,
    "d_hidden": 128,
    "dropout": 0.1,
    "b_init": "identity_perturbed",
    "bottleneck_dim": 64,
    "skip_hidden_dim": 32,
    "graph_mode": "random",
    "random_graph_seed": 24
  },
  "best_epoch": 20,
  "valid_best_ICIR": 0.5932821840351662,
  "test_metrics": {
    "IC_mean": 0.054216470734743095,
    "IC_std": 0.12267179684631192,
    "ICIR": 0.44196361452720573,
    "RankIC_mean": 0.04874692395159181,
    "RankICIR": 0.4099762241172887,
    "annual_return": 0.4523353473511733,
    "annual_vol": 0.24899099549211098,
    "sharpe": 1.624792363126345,
    "max_drawdown": -0.23650685741832023,
    "turnover": 0.6545579793340991
  }
}