{
  "exp_name": "fdg_skip32_symshare_csi300_recent_seed10",
  "model": "fdg",
  "market": "csi300_aligned",
  "handler": "Alpha158",
  "device": "cuda",
  "model_config": {
    "name": "fdg",
    "rank": 32,
    "tau": 1.0,
    "d_hidden": 128,
    "dropout": 0.1,
    "b_init": "identity_perturbed",
    "bottleneck_dim": 64,
    "skip_hidden_dim": 32,
    "core_mode": "symmetric",
    "share_sr_weights": true,
    "symmetrize_adjacency": true
  },
  "best_epoch": 3,
  "valid_best_ICIR": 0.3931784647816816,
  "test_metrics": {
    "IC_mean": 0.04207670543642656,
    "IC_std": 0.11651347279077558,
    "ICIR": 0.3611316736905107,
    "RankIC_mean": 0.014590870943739585,
    "RankICIR": 0.11707739625863661,
    "annual_return": 0.25071380549765654,
    "annual_vol": 0.23756241475475465,
    "sharpe": 1.0606706495180143,
    "max_drawdown": -0.31260734141652047,
    "turnover": 0.6626918798665186
  }
}