{
  "exp_name": "fdg_skip32_symshare_csi300_official_seed36",
  "model": "fdg",
  "market": "csi300_aligned",
  "handler": "Alpha158",
  "device": "cuda",
  "model_config": {
    "name": "fdg",
    "rank": 32,
    "tau": 1.0,
    "d_hidden": 128,
    "dropout": 0.1,
    "b_init": "identity_perturbed",
    "bottleneck_dim": 64,
    "skip_hidden_dim": 32,
    "core_mode": "symmetric",
    "share_sr_weights": true,
    "symmetrize_adjacency": true
  },
  "best_epoch": 17,
  "valid_best_ICIR": 0.5086994999475813,
  "test_metrics": {
    "IC_mean": 0.059570509935606204,
    "IC_std": 0.11767996162400095,
    "ICIR": 0.506207761402403,
    "RankIC_mean": 0.046565125433251905,
    "RankICIR": 0.41967129476798276,
    "annual_return": 0.49144118274886495,
    "annual_vol": 0.25416385877883363,
    "sharpe": 1.7015640548932225,
    "max_drawdown": -0.21922451745880955,
    "turnover": 0.6746039035591279
  }
}