{
  "exp_name": "fdg_skip32_sharew_freeb_csi300_recent_seed55",
  "model": "fdg",
  "market": "csi300_aligned",
  "handler": "Alpha158",
  "device": "cuda",
  "model_config": {
    "name": "fdg",
    "rank": 32,
    "tau": 1.0,
    "d_hidden": 128,
    "dropout": 0.1,
    "b_init": "identity_perturbed",
    "bottleneck_dim": 64,
    "skip_hidden_dim": 32,
    "core_mode": "asymmetric",
    "share_sr_weights": true,
    "symmetrize_adjacency": false
  },
  "best_epoch": 12,
  "valid_best_ICIR": 0.3453220768597566,
  "test_metrics": {
    "IC_mean": 0.03683325629307217,
    "IC_std": 0.13482570539666333,
    "ICIR": 0.27319164535210155,
    "RankIC_mean": 0.018943815935839506,
    "RankICIR": 0.1404870872486349,
    "annual_return": 0.2709056656334441,
    "annual_vol": 0.2623365328174886,
    "sharpe": 1.0452729764815911,
    "max_drawdown": -0.3824258449151876,
    "turnover": 0.6597107897664075
  }
}