{
  "exp_name": "fdg_skip32_symshare_csi300_official_seed35",
  "model": "fdg",
  "market": "csi300_aligned",
  "handler": "Alpha158",
  "device": "cuda",
  "model_config": {
    "name": "fdg",
    "rank": 32,
    "tau": 1.0,
    "d_hidden": 128,
    "dropout": 0.1,
    "b_init": "identity_perturbed",
    "bottleneck_dim": 64,
    "skip_hidden_dim": 32,
    "core_mode": "symmetric",
    "share_sr_weights": true,
    "symmetrize_adjacency": true
  },
  "best_epoch": 7,
  "valid_best_ICIR": 0.5316807504016012,
  "test_metrics": {
    "IC_mean": 0.055703562957922156,
    "IC_std": 0.1237624314301468,
    "ICIR": 0.4500845879822748,
    "RankIC_mean": 0.05355338568840194,
    "RankICIR": 0.4506755677891845,
    "annual_return": 0.5855566908160639,
    "annual_vol": 0.25301783010893947,
    "sharpe": 1.9504628277067075,
    "max_drawdown": -0.19391534922340803,
    "turnover": 0.6464064293915044
  }
}