{
  "exp_name": "fdg_skip32_symshare_csi300_recent_seed188",
  "model": "fdg",
  "market": "csi300_aligned",
  "handler": "Alpha158",
  "device": "cuda",
  "model_config": {
    "name": "fdg",
    "rank": 32,
    "tau": 1.0,
    "d_hidden": 128,
    "dropout": 0.1,
    "b_init": "identity_perturbed",
    "bottleneck_dim": 64,
    "skip_hidden_dim": 32,
    "core_mode": "symmetric",
    "share_sr_weights": true,
    "symmetrize_adjacency": true
  },
  "best_epoch": 5,
  "valid_best_ICIR": 0.39922643887814674,
  "test_metrics": {
    "IC_mean": 0.03895712014403921,
    "IC_std": 0.11406934883987767,
    "ICIR": 0.3415213687133816,
    "RankIC_mean": 0.022443640700320476,
    "RankICIR": 0.20007606135598996,
    "annual_return": 0.22679009007960116,
    "annual_vol": 0.22024064496248968,
    "sharpe": 1.03827613701189,
    "max_drawdown": -0.2779757591016029,
    "turnover": 0.6900333704115689
  }
}