{
  "exp_name": "fdg_skip32_sepw_symb_csi300_recent_seed17",
  "model": "fdg",
  "market": "csi300_aligned",
  "handler": "Alpha158",
  "device": "cuda",
  "model_config": {
    "name": "fdg",
    "rank": 32,
    "tau": 1.0,
    "d_hidden": 128,
    "dropout": 0.1,
    "b_init": "identity_perturbed",
    "bottleneck_dim": 64,
    "skip_hidden_dim": 32,
    "core_mode": "symmetric",
    "share_sr_weights": false,
    "symmetrize_adjacency": false
  },
  "best_epoch": 12,
  "valid_best_ICIR": 0.30334892940638225,
  "test_metrics": {
    "IC_mean": 0.033827872154780614,
    "IC_std": 0.12054454150056852,
    "ICIR": 0.28062549936880443,
    "RankIC_mean": 0.0192427318143287,
    "RankICIR": 0.16275115015068814,
    "annual_return": 0.3071568033339589,
    "annual_vol": 0.25196563209193346,
    "sharpe": 1.1891106026059342,
    "max_drawdown": -0.32008252575255625,
    "turnover": 0.6345939933259179
  }
}