{
  "exp_name": "fdg_skip32_symshare_csi300_official_seed47",
  "model": "fdg",
  "market": "csi300_aligned",
  "handler": "Alpha158",
  "device": "cuda",
  "model_config": {
    "name": "fdg",
    "rank": 32,
    "tau": 1.0,
    "d_hidden": 128,
    "dropout": 0.1,
    "b_init": "identity_perturbed",
    "bottleneck_dim": 64,
    "skip_hidden_dim": 32,
    "core_mode": "symmetric",
    "share_sr_weights": true,
    "symmetrize_adjacency": true
  },
  "best_epoch": 5,
  "valid_best_ICIR": 0.4839191455984817,
  "test_metrics": {
    "IC_mean": 0.04201599358940279,
    "IC_std": 0.12558604341227206,
    "ICIR": 0.3345594179718943,
    "RankIC_mean": 0.04636575698053936,
    "RankICIR": 0.3670111069313911,
    "annual_return": 0.40404764533339566,
    "annual_vol": 0.2543107172672353,
    "sharpe": 1.4630431188013182,
    "max_drawdown": -0.28464983556876555,
    "turnover": 0.6566704936854194
  }
}