{
  "exp_name": "fdg_skip32_sharew_freeb_csi300_recent_seed79",
  "model": "fdg",
  "market": "csi300_aligned",
  "handler": "Alpha158",
  "device": "cuda",
  "model_config": {
    "name": "fdg",
    "rank": 32,
    "tau": 1.0,
    "d_hidden": 128,
    "dropout": 0.1,
    "b_init": "identity_perturbed",
    "bottleneck_dim": 64,
    "skip_hidden_dim": 32,
    "core_mode": "asymmetric",
    "share_sr_weights": true,
    "symmetrize_adjacency": false
  },
  "best_epoch": 11,
  "valid_best_ICIR": 0.3179977786403917,
  "test_metrics": {
    "IC_mean": 0.03617997633262241,
    "IC_std": 0.13415286338879914,
    "ICIR": 0.2696921662250796,
    "RankIC_mean": 0.013804072067000876,
    "RankICIR": 0.09964334759599497,
    "annual_return": 0.24751979748491748,
    "annual_vol": 0.2525209079701008,
    "sharpe": 1.0022862045750287,
    "max_drawdown": -0.36547099818003415,
    "turnover": 0.6557508342602896
  }
}