{
  "exp_name": "fdg_skip32_random_csi300_recent_seed36",
  "model": "fdg",
  "market": "csi300_aligned",
  "handler": "Alpha158",
  "device": "cuda",
  "model_config": {
    "name": "fdg",
    "rank": 32,
    "tau": 1.0,
    "d_hidden": 128,
    "dropout": 0.1,
    "b_init": "identity_perturbed",
    "bottleneck_dim": 64,
    "skip_hidden_dim": 32,
    "graph_mode": "random",
    "random_graph_seed": 36
  },
  "best_epoch": 7,
  "valid_best_ICIR": 0.37531385893134955,
  "test_metrics": {
    "IC_mean": 0.03998482342837382,
    "IC_std": 0.10930892436822998,
    "ICIR": 0.36579651350036685,
    "RankIC_mean": 0.013733134477589193,
    "RankICIR": 0.12304280500375019,
    "annual_return": 0.215336808131527,
    "annual_vol": 0.2231168758459809,
    "sharpe": 0.9857359275017558,
    "max_drawdown": -0.24477506886419675,
    "turnover": 0.626340378197998
  }
}