{
  "exp_name": "fdg_skip32_symshare_csi300_recent_seed17",
  "model": "fdg",
  "market": "csi300_aligned",
  "handler": "Alpha158",
  "device": "cuda",
  "model_config": {
    "name": "fdg",
    "rank": 32,
    "tau": 1.0,
    "d_hidden": 128,
    "dropout": 0.1,
    "b_init": "identity_perturbed",
    "bottleneck_dim": 64,
    "skip_hidden_dim": 32,
    "core_mode": "symmetric",
    "share_sr_weights": true,
    "symmetrize_adjacency": true
  },
  "best_epoch": 11,
  "valid_best_ICIR": 0.3732781945778708,
  "test_metrics": {
    "IC_mean": 0.03730555328029391,
    "IC_std": 0.11207955458654667,
    "ICIR": 0.3328488716600578,
    "RankIC_mean": 0.02561222820590765,
    "RankICIR": 0.22125369458762636,
    "annual_return": 0.34327545632151346,
    "annual_vol": 0.23509190710070613,
    "sharpe": 1.3731646300142202,
    "max_drawdown": -0.28667551143624603,
    "turnover": 0.6604894327030036
  }
}