{
  "exp_name": "fdg_skip32_random_csi300_recent_seed22",
  "model": "fdg",
  "market": "csi300_aligned",
  "handler": "Alpha158",
  "device": "cuda",
  "model_config": {
    "name": "fdg",
    "rank": 32,
    "tau": 1.0,
    "d_hidden": 128,
    "dropout": 0.1,
    "b_init": "identity_perturbed",
    "bottleneck_dim": 64,
    "skip_hidden_dim": 32,
    "graph_mode": "random",
    "random_graph_seed": 22
  },
  "best_epoch": 5,
  "valid_best_ICIR": 0.29792308702667863,
  "test_metrics": {
    "IC_mean": 0.03504499194252163,
    "IC_std": 0.12169148005802247,
    "ICIR": 0.28798229691850397,
    "RankIC_mean": 0.010105043834828804,
    "RankICIR": 0.08070106334678995,
    "annual_return": 0.20747359523611175,
    "annual_vol": 0.25567776511315043,
    "sharpe": 0.8653173626769775,
    "max_drawdown": -0.32941983759965643,
    "turnover": 0.5624916573971082
  }
}