{
  "exp_name": "fdg_skip32_symshare_csi300_recent_seed94",
  "model": "fdg",
  "market": "csi300_aligned",
  "handler": "Alpha158",
  "device": "cuda",
  "model_config": {
    "name": "fdg",
    "rank": 32,
    "tau": 1.0,
    "d_hidden": 128,
    "dropout": 0.1,
    "b_init": "identity_perturbed",
    "bottleneck_dim": 64,
    "skip_hidden_dim": 32,
    "core_mode": "symmetric",
    "share_sr_weights": true,
    "symmetrize_adjacency": true
  },
  "best_epoch": 12,
  "valid_best_ICIR": 0.3700876553457938,
  "test_metrics": {
    "IC_mean": 0.04231451090470265,
    "IC_std": 0.12423864781688913,
    "ICIR": 0.34059056218213585,
    "RankIC_mean": 0.020917234801486065,
    "RankICIR": 0.16865572891015407,
    "annual_return": 0.31835720671333356,
    "annual_vol": 0.24147542370358716,
    "sharpe": 1.265639845259609,
    "max_drawdown": -0.3217293046643962,
    "turnover": 0.6545717463848725
  }
}