{
  "exp_name": "fdg_skip32_symshare_csi300_official_seed188",
  "model": "fdg",
  "market": "csi300_aligned",
  "handler": "Alpha158",
  "device": "cuda",
  "model_config": {
    "name": "fdg",
    "rank": 32,
    "tau": 1.0,
    "d_hidden": 128,
    "dropout": 0.1,
    "b_init": "identity_perturbed",
    "bottleneck_dim": 64,
    "skip_hidden_dim": 32,
    "core_mode": "symmetric",
    "share_sr_weights": true,
    "symmetrize_adjacency": true
  },
  "best_epoch": 11,
  "valid_best_ICIR": 0.4856539582861937,
  "test_metrics": {
    "IC_mean": 0.05445005100639922,
    "IC_std": 0.11075625749805292,
    "ICIR": 0.4916205389781832,
    "RankIC_mean": 0.048903540738699854,
    "RankICIR": 0.470007329323445,
    "annual_return": 0.5137132209516695,
    "annual_vol": 0.2466134579901466,
    "sharpe": 1.8062245690097583,
    "max_drawdown": -0.25749473076534846,
    "turnover": 0.6159816303099889
  }
}