{
  "exp_name": "fdg_skip32_symshare_csi300_recent_seed23",
  "model": "fdg",
  "market": "csi300_aligned",
  "handler": "Alpha158",
  "device": "cuda",
  "model_config": {
    "name": "fdg",
    "rank": 32,
    "tau": 1.0,
    "d_hidden": 128,
    "dropout": 0.1,
    "b_init": "identity_perturbed",
    "bottleneck_dim": 64,
    "skip_hidden_dim": 32,
    "core_mode": "symmetric",
    "share_sr_weights": true,
    "symmetrize_adjacency": true
  },
  "best_epoch": 3,
  "valid_best_ICIR": 0.36207218112955986,
  "test_metrics": {
    "IC_mean": 0.03548118919804022,
    "IC_std": 0.11871706175550054,
    "ICIR": 0.2988718611577014,
    "RankIC_mean": 0.013687865400022852,
    "RankICIR": 0.11545613119403067,
    "annual_return": 0.3054628359118201,
    "annual_vol": 0.23763275957632152,
    "sharpe": 1.2407006208233347,
    "max_drawdown": -0.2967848794888125,
    "turnover": 0.6329032258064519
  }
}