{
  "exp_name": "fdg_skip32_random_csi300_recent_seed70",
  "model": "fdg",
  "market": "csi300_aligned",
  "handler": "Alpha158",
  "device": "cuda",
  "model_config": {
    "name": "fdg",
    "rank": 32,
    "tau": 1.0,
    "d_hidden": 128,
    "dropout": 0.1,
    "b_init": "identity_perturbed",
    "bottleneck_dim": 64,
    "skip_hidden_dim": 32,
    "graph_mode": "random",
    "random_graph_seed": 70
  },
  "best_epoch": 7,
  "valid_best_ICIR": 0.3973112353353188,
  "test_metrics": {
    "IC_mean": 0.03949807185191878,
    "IC_std": 0.1188212385817909,
    "ICIR": 0.3324159243192048,
    "RankIC_mean": 0.016379208852757635,
    "RankICIR": 0.14962024746631367,
    "annual_return": 0.227209541296862,
    "annual_vol": 0.2395022931137972,
    "sharpe": 0.9747174628703025,
    "max_drawdown": -0.3454486952262782,
    "turnover": 0.6618687430478313
  }
}