{
  "exp_name": "fdg_skip32_symshare_csi300_recent_seed76",
  "model": "fdg",
  "market": "csi300_aligned",
  "handler": "Alpha158",
  "device": "cuda",
  "model_config": {
    "name": "fdg",
    "rank": 32,
    "tau": 1.0,
    "d_hidden": 128,
    "dropout": 0.1,
    "b_init": "identity_perturbed",
    "bottleneck_dim": 64,
    "skip_hidden_dim": 32,
    "core_mode": "symmetric",
    "share_sr_weights": true,
    "symmetrize_adjacency": true
  },
  "best_epoch": 19,
  "valid_best_ICIR": 0.31599773914110757,
  "test_metrics": {
    "IC_mean": 0.035615914212346944,
    "IC_std": 0.13321121444905226,
    "ICIR": 0.2673642332565668,
    "RankIC_mean": 0.01973560782407557,
    "RankICIR": 0.14765907634667108,
    "annual_return": 0.24851993404583173,
    "annual_vol": 0.2360702823305979,
    "sharpe": 1.0586590116896135,
    "max_drawdown": -0.280043753746787,
    "turnover": 0.6132591768631818
  }
}