{
  "exp_name": "fdg_skip32_csi300_official_seed888",
  "model": "fdg",
  "market": "csi300_aligned",
  "handler": "Alpha158",
  "device": "cuda",
  "best_epoch": 11,
  "valid_best_ICIR": 0.49868480537830506,
  "test_metrics": {
    "IC_mean": 0.05209156286122395,
    "IC_std": 0.11864560226291496,
    "ICIR": 0.4390517799875184,
    "RankIC_mean": 0.04695749572369717,
    "RankICIR": 0.3775855439712255,
    "annual_return": 0.4855786133871769,
    "annual_vol": 0.2620667245729511,
    "sharpe": 1.643000990496439,
    "max_drawdown": -0.2242906386711916,
    "turnover": 0.6583926521239957
  }
}