{
  "exp_name": "fdg_skip32_symshare_csi300_recent_seed63",
  "model": "fdg",
  "market": "csi300_aligned",
  "handler": "Alpha158",
  "device": "cuda",
  "model_config": {
    "name": "fdg",
    "rank": 32,
    "tau": 1.0,
    "d_hidden": 128,
    "dropout": 0.1,
    "b_init": "identity_perturbed",
    "bottleneck_dim": 64,
    "skip_hidden_dim": 32,
    "core_mode": "symmetric",
    "share_sr_weights": true,
    "symmetrize_adjacency": true
  },
  "best_epoch": 6,
  "valid_best_ICIR": 0.32584184706287667,
  "test_metrics": {
    "IC_mean": 0.041208220487803884,
    "IC_std": 0.12348237356778834,
    "ICIR": 0.33371743105652024,
    "RankIC_mean": 0.02541840022768501,
    "RankICIR": 0.2163674745963829,
    "annual_return": 0.2710515747570794,
    "annual_vol": 0.23476846149072575,
    "sharpe": 1.139369011349983,
    "max_drawdown": -0.33581496541144196,
    "turnover": 0.6892992213570637
  }
}