{
  "exp_name": "fdg_skip32_sharew_freeb_csi300_official_seed0",
  "model": "fdg",
  "market": "csi300_aligned",
  "handler": "Alpha158",
  "device": "cuda",
  "model_config": {
    "name": "fdg",
    "rank": 32,
    "tau": 1.0,
    "d_hidden": 128,
    "dropout": 0.1,
    "b_init": "identity_perturbed",
    "bottleneck_dim": 64,
    "skip_hidden_dim": 32,
    "core_mode": "asymmetric",
    "share_sr_weights": true,
    "symmetrize_adjacency": false
  },
  "best_epoch": 22,
  "valid_best_ICIR": 0.5282986794054978,
  "test_metrics": {
    "IC_mean": 0.052058810365212455,
    "IC_std": 0.11399478989338678,
    "ICIR": 0.45667710264565836,
    "RankIC_mean": 0.04385653458854804,
    "RankICIR": 0.4613622218884092,
    "annual_return": 0.5398892491094123,
    "annual_vol": 0.25802224581013267,
    "sharpe": 1.8040030082561536,
    "max_drawdown": -0.2432605661918802,
    "turnover": 0.614489092996556
  }
}