{
  "exp_name": "fdg_skip32_symshare_csi300_official_seed9",
  "model": "fdg",
  "market": "csi300_aligned",
  "handler": "Alpha158",
  "device": "cuda",
  "model_config": {
    "name": "fdg",
    "rank": 32,
    "tau": 1.0,
    "d_hidden": 128,
    "dropout": 0.1,
    "b_init": "identity_perturbed",
    "bottleneck_dim": 64,
    "skip_hidden_dim": 32,
    "core_mode": "symmetric",
    "share_sr_weights": true,
    "symmetrize_adjacency": true
  },
  "best_epoch": 7,
  "valid_best_ICIR": 0.5107395149722881,
  "test_metrics": {
    "IC_mean": 0.04852427229979379,
    "IC_std": 0.12149490475716014,
    "ICIR": 0.3993934757740042,
    "RankIC_mean": 0.04967960363838708,
    "RankICIR": 0.4126821404086431,
    "annual_return": 0.49733190979939335,
    "annual_vol": 0.2588334431054283,
    "sharpe": 1.6907593347241696,
    "max_drawdown": -0.27122039682522625,
    "turnover": 0.6112973593570612
  }
}