{
  "exp_name": "fdg_skip32_symshare_csi300_official_seed80",
  "model": "fdg",
  "market": "csi300_aligned",
  "handler": "Alpha158",
  "device": "cuda",
  "model_config": {
    "name": "fdg",
    "rank": 32,
    "tau": 1.0,
    "d_hidden": 128,
    "dropout": 0.1,
    "b_init": "identity_perturbed",
    "bottleneck_dim": 64,
    "skip_hidden_dim": 32,
    "core_mode": "symmetric",
    "share_sr_weights": true,
    "symmetrize_adjacency": true
  },
  "best_epoch": 7,
  "valid_best_ICIR": 0.543869432866717,
  "test_metrics": {
    "IC_mean": 0.04794320209539239,
    "IC_std": 0.1211254245704688,
    "ICIR": 0.3958145225530237,
    "RankIC_mean": 0.045985715626491806,
    "RankICIR": 0.38994971646538784,
    "annual_return": 0.4673792212077763,
    "annual_vol": 0.2602692315619571,
    "sharpe": 1.6052883168185597,
    "max_drawdown": -0.22228115691711514,
    "turnover": 0.6366475315729051
  }
}