{
  "exp_name": "fdg_skip32_random_csi300_recent_seed32",
  "model": "fdg",
  "market": "csi300_aligned",
  "handler": "Alpha158",
  "device": "cuda",
  "model_config": {
    "name": "fdg",
    "rank": 32,
    "tau": 1.0,
    "d_hidden": 128,
    "dropout": 0.1,
    "b_init": "identity_perturbed",
    "bottleneck_dim": 64,
    "skip_hidden_dim": 32,
    "graph_mode": "random",
    "random_graph_seed": 32
  },
  "best_epoch": 4,
  "valid_best_ICIR": 0.4374027182584784,
  "test_metrics": {
    "IC_mean": 0.04219051001039896,
    "IC_std": 0.11457729165699904,
    "ICIR": 0.3682275030265277,
    "RankIC_mean": 0.019716361692965183,
    "RankICIR": 0.18482210923210005,
    "annual_return": 0.2250426072940066,
    "annual_vol": 0.23000615162383156,
    "sharpe": 0.9975084540894406,
    "max_drawdown": -0.28369799360499137,
    "turnover": 0.6319243604004453
  }
}