{
  "exp_name": "fdg_skip32_symshare_csi300_recent_seed512",
  "model": "fdg",
  "market": "csi300_aligned",
  "handler": "Alpha158",
  "device": "cuda",
  "model_config": {
    "name": "fdg",
    "rank": 32,
    "tau": 1.0,
    "d_hidden": 128,
    "dropout": 0.1,
    "b_init": "identity_perturbed",
    "bottleneck_dim": 64,
    "skip_hidden_dim": 32,
    "core_mode": "symmetric",
    "share_sr_weights": true,
    "symmetrize_adjacency": true
  },
  "best_epoch": 21,
  "valid_best_ICIR": 0.34289347993569685,
  "test_metrics": {
    "IC_mean": 0.039054083712515834,
    "IC_std": 0.1267472369515149,
    "ICIR": 0.30812572054296805,
    "RankIC_mean": 0.0010542719271555655,
    "RankICIR": 0.008339765041387063,
    "annual_return": 0.2225010686682789,
    "annual_vol": 0.2575580157347307,
    "sharpe": 0.9088656210363639,
    "max_drawdown": -0.3641138061120528,
    "turnover": 0.6193770856507234
  }
}