{
  "exp_name": "fdg_skip32_sharew_freeb_csi300_official_seed512",
  "model": "fdg",
  "market": "csi300_aligned",
  "handler": "Alpha158",
  "device": "cuda",
  "model_config": {
    "name": "fdg",
    "rank": 32,
    "tau": 1.0,
    "d_hidden": 128,
    "dropout": 0.1,
    "b_init": "identity_perturbed",
    "bottleneck_dim": 64,
    "skip_hidden_dim": 32,
    "core_mode": "asymmetric",
    "share_sr_weights": true,
    "symmetrize_adjacency": false
  },
  "best_epoch": 25,
  "valid_best_ICIR": 0.5130466114202966,
  "test_metrics": {
    "IC_mean": 0.05147023140375012,
    "IC_std": 0.11467313296308305,
    "ICIR": 0.448842985918245,
    "RankIC_mean": 0.04560575287221177,
    "RankICIR": 0.4333382330560047,
    "annual_return": 0.46417480580263026,
    "annual_vol": 0.25091020960496685,
    "sharpe": 1.6465890643134755,
    "max_drawdown": -0.2571578050116895,
    "turnover": 0.6862916188289326
  }
}