{
  "exp_name": "fdg_skip32_random_csi300_official_seed666",
  "model": "fdg",
  "market": "csi300_aligned",
  "handler": "Alpha158",
  "device": "cuda",
  "model_config": {
    "name": "fdg",
    "rank": 32,
    "tau": 1.0,
    "d_hidden": 128,
    "dropout": 0.1,
    "b_init": "identity_perturbed",
    "bottleneck_dim": 64,
    "skip_hidden_dim": 32,
    "graph_mode": "random",
    "random_graph_seed": 666
  },
  "best_epoch": 22,
  "valid_best_ICIR": 0.6101747924572976,
  "test_metrics": {
    "IC_mean": 0.05878502631475769,
    "IC_std": 0.11823367509076993,
    "ICIR": 0.4971935979290795,
    "RankIC_mean": 0.04798534370227646,
    "RankICIR": 0.4085349328176377,
    "annual_return": 0.5444426738009982,
    "annual_vol": 0.25637276104710577,
    "sharpe": 1.8255020912224502,
    "max_drawdown": -0.19597390979673213,
    "turnover": 0.6384845005740533
  }
}