{
  "exp_name": "fdg_skip32_random_csi300_official_seed74",
  "model": "fdg",
  "market": "csi300_aligned",
  "handler": "Alpha158",
  "device": "cuda",
  "model_config": {
    "name": "fdg",
    "rank": 32,
    "tau": 1.0,
    "d_hidden": 128,
    "dropout": 0.1,
    "b_init": "identity_perturbed",
    "bottleneck_dim": 64,
    "skip_hidden_dim": 32,
    "graph_mode": "random",
    "random_graph_seed": 74
  },
  "best_epoch": 10,
  "valid_best_ICIR": 0.6075061112049781,
  "test_metrics": {
    "IC_mean": 0.05900854620067644,
    "IC_std": 0.11234349286992729,
    "ICIR": 0.5252511266406616,
    "RankIC_mean": 0.04210160947288689,
    "RankICIR": 0.3790745766044374,
    "annual_return": 0.4699743880366831,
    "annual_vol": 0.25718292430100026,
    "sharpe": 1.628210500581739,
    "max_drawdown": -0.19844194617671285,
    "turnover": 0.6509758897818602
  }
}