{
  "exp_name": "fdg_skip32_sharew_freeb_csi300_official_seed37",
  "model": "fdg",
  "market": "csi300_aligned",
  "handler": "Alpha158",
  "device": "cuda",
  "model_config": {
    "name": "fdg",
    "rank": 32,
    "tau": 1.0,
    "d_hidden": 128,
    "dropout": 0.1,
    "b_init": "identity_perturbed",
    "bottleneck_dim": 64,
    "skip_hidden_dim": 32,
    "core_mode": "asymmetric",
    "share_sr_weights": true,
    "symmetrize_adjacency": false
  },
  "best_epoch": 19,
  "valid_best_ICIR": 0.5046445665639447,
  "test_metrics": {
    "IC_mean": 0.05906101104418749,
    "IC_std": 0.11409517512653805,
    "ICIR": 0.5176468766421145,
    "RankIC_mean": 0.045734048442725064,
    "RankICIR": 0.41692909930108,
    "annual_return": 0.46140931870725366,
    "annual_vol": 0.2539010424044103,
    "sharpe": 1.6227820483512416,
    "max_drawdown": -0.2631270132331214,
    "turnover": 0.6635820895522392
  }
}