{
  "exp_name": "fdg_skip32_symshare_csi300_official_seed73",
  "model": "fdg",
  "market": "csi300_aligned",
  "handler": "Alpha158",
  "device": "cuda",
  "model_config": {
    "name": "fdg",
    "rank": 32,
    "tau": 1.0,
    "d_hidden": 128,
    "dropout": 0.1,
    "b_init": "identity_perturbed",
    "bottleneck_dim": 64,
    "skip_hidden_dim": 32,
    "core_mode": "symmetric",
    "share_sr_weights": true,
    "symmetrize_adjacency": true
  },
  "best_epoch": 7,
  "valid_best_ICIR": 0.5188657455715902,
  "test_metrics": {
    "IC_mean": 0.05026907842727778,
    "IC_std": 0.11782912428213357,
    "ICIR": 0.4266269373852936,
    "RankIC_mean": 0.05190838783798467,
    "RankICIR": 0.43654180659492,
    "annual_return": 0.5660779922801207,
    "annual_vol": 0.2555881408160479,
    "sharpe": 1.8849329074356076,
    "max_drawdown": -0.24138933264743867,
    "turnover": 0.6281745120551094
  }
}