{
  "exp_name": "fdg_skip32_symshare_csi300_recent_seed44",
  "model": "fdg",
  "market": "csi300_aligned",
  "handler": "Alpha158",
  "device": "cuda",
  "model_config": {
    "name": "fdg",
    "rank": 32,
    "tau": 1.0,
    "d_hidden": 128,
    "dropout": 0.1,
    "b_init": "identity_perturbed",
    "bottleneck_dim": 64,
    "skip_hidden_dim": 32,
    "core_mode": "symmetric",
    "share_sr_weights": true,
    "symmetrize_adjacency": true
  },
  "best_epoch": 21,
  "valid_best_ICIR": 0.3511230440610964,
  "test_metrics": {
    "IC_mean": 0.0405512875051642,
    "IC_std": 0.12548226757101433,
    "ICIR": 0.32316348987090915,
    "RankIC_mean": 0.01439972391798359,
    "RankICIR": 0.10984236355605156,
    "annual_return": 0.22569316549594132,
    "annual_vol": 0.2436246446267792,
    "sharpe": 0.9572343844874921,
    "max_drawdown": -0.3291671887788855,
    "turnover": 0.6696996662958846
  }
}