{
  "exp_name": "fdg_skip32_symshare_csi300_recent_seed199",
  "model": "fdg",
  "market": "csi300_aligned",
  "handler": "Alpha158",
  "device": "cuda",
  "model_config": {
    "name": "fdg",
    "rank": 32,
    "tau": 1.0,
    "d_hidden": 128,
    "dropout": 0.1,
    "b_init": "identity_perturbed",
    "bottleneck_dim": 64,
    "skip_hidden_dim": 32,
    "core_mode": "symmetric",
    "share_sr_weights": true,
    "symmetrize_adjacency": true
  },
  "best_epoch": 21,
  "valid_best_ICIR": 0.3543870776757947,
  "test_metrics": {
    "IC_mean": 0.0392080168648152,
    "IC_std": 0.12157038425181886,
    "ICIR": 0.3225128974142285,
    "RankIC_mean": 0.02730026117019495,
    "RankICIR": 0.2712282091447203,
    "annual_return": 0.1928231083766747,
    "annual_vol": 0.228494598332313,
    "sharpe": 0.8861602962240532,
    "max_drawdown": -0.3097179867800983,
    "turnover": 0.671434927697442
  }
}