{
  "exp_name": "fdg_skip32_random_csi300_recent_seed80",
  "model": "fdg",
  "market": "csi300_aligned",
  "handler": "Alpha158",
  "device": "cuda",
  "model_config": {
    "name": "fdg",
    "rank": 32,
    "tau": 1.0,
    "d_hidden": 128,
    "dropout": 0.1,
    "b_init": "identity_perturbed",
    "bottleneck_dim": 64,
    "skip_hidden_dim": 32,
    "graph_mode": "random",
    "random_graph_seed": 80
  },
  "best_epoch": 11,
  "valid_best_ICIR": 0.36433049147833874,
  "test_metrics": {
    "IC_mean": 0.03853968540933174,
    "IC_std": 0.12370424165965382,
    "ICIR": 0.3115470002666972,
    "RankIC_mean": 0.027386505022091136,
    "RankICIR": 0.2514858269359348,
    "annual_return": 0.21257280021838176,
    "annual_vol": 0.2327787866969815,
    "sharpe": 0.9444729812442454,
    "max_drawdown": -0.3225554940932549,
    "turnover": 0.6489210233592885
  }
}