{
  "exp_name": "fdg_skip32_csi300_official_seed95",
  "model": "fdg",
  "market": "csi300_aligned",
  "handler": "Alpha158",
  "device": "cuda",
  "best_epoch": 3,
  "valid_best_ICIR": 0.5507703363792013,
  "test_metrics": {
    "IC_mean": 0.05062657502734236,
    "IC_std": 0.10276460355227295,
    "ICIR": 0.4926460403419967,
    "RankIC_mean": 0.04296228360987713,
    "RankICIR": 0.4116190104681032,
    "annual_return": 0.5263280556892018,
    "annual_vol": 0.2478535479865762,
    "sharpe": 1.8319205748197336,
    "max_drawdown": -0.24457010020715175,
    "turnover": 0.6545120551090705
  }
}