{
  "exp_name": "fdg_skip32_random_csi300_official_seed777",
  "model": "fdg",
  "market": "csi300_aligned",
  "handler": "Alpha158",
  "device": "cuda",
  "model_config": {
    "name": "fdg",
    "rank": 32,
    "tau": 1.0,
    "d_hidden": 128,
    "dropout": 0.1,
    "b_init": "identity_perturbed",
    "bottleneck_dim": 64,
    "skip_hidden_dim": 32,
    "graph_mode": "random",
    "random_graph_seed": 777
  },
  "best_epoch": 14,
  "valid_best_ICIR": 0.5920681254497889,
  "test_metrics": {
    "IC_mean": 0.05194510930120807,
    "IC_std": 0.12147097749755516,
    "ICIR": 0.42763391199559225,
    "RankIC_mean": 0.04760645833003388,
    "RankICIR": 0.42595649817907133,
    "annual_return": 0.44809454352183176,
    "annual_vol": 0.24466722911300487,
    "sharpe": 1.6371867533970252,
    "max_drawdown": -0.20724986763288933,
    "turnover": 0.6660619977037892
  }
}