{
  "exp_name": "fdg_skip32_random_csi300_official_seed80",
  "model": "fdg",
  "market": "csi300_aligned",
  "handler": "Alpha158",
  "device": "cuda",
  "model_config": {
    "name": "fdg",
    "rank": 32,
    "tau": 1.0,
    "d_hidden": 128,
    "dropout": 0.1,
    "b_init": "identity_perturbed",
    "bottleneck_dim": 64,
    "skip_hidden_dim": 32,
    "graph_mode": "random",
    "random_graph_seed": 80
  },
  "best_epoch": 26,
  "valid_best_ICIR": 0.5976121543344196,
  "test_metrics": {
    "IC_mean": 0.05730442674227234,
    "IC_std": 0.11784923717830624,
    "ICIR": 0.4862519954674851,
    "RankIC_mean": 0.04951936380241382,
    "RankICIR": 0.457857889388341,
    "annual_return": 0.5114630447987745,
    "annual_vol": 0.24786472766203838,
    "sharpe": 1.7922549893966964,
    "max_drawdown": -0.21275567972537301,
    "turnover": 0.64337543053961
  }
}