{
  "exp_name": "fdg_skip32_random_csi300_recent_seed512",
  "model": "fdg",
  "market": "csi300_aligned",
  "handler": "Alpha158",
  "device": "cuda",
  "model_config": {
    "name": "fdg",
    "rank": 32,
    "tau": 1.0,
    "d_hidden": 128,
    "dropout": 0.1,
    "b_init": "identity_perturbed",
    "bottleneck_dim": 64,
    "skip_hidden_dim": 32,
    "graph_mode": "random",
    "random_graph_seed": 512
  },
  "best_epoch": 21,
  "valid_best_ICIR": 0.37940741981991627,
  "test_metrics": {
    "IC_mean": 0.041338031920940765,
    "IC_std": 0.12682297627881486,
    "ICIR": 0.3259506529011027,
    "RankIC_mean": 0.03125576489444655,
    "RankICIR": 0.26660758476538476,
    "annual_return": 0.2668685868457392,
    "annual_vol": 0.23553340714119025,
    "sharpe": 1.1222636887723774,
    "max_drawdown": -0.28091077989648827,
    "turnover": 0.6886318131256957
  }
}