{
  "exp_name": "fdg_skip32_symshare_csi300_official_seed111",
  "model": "fdg",
  "market": "csi300_aligned",
  "handler": "Alpha158",
  "device": "cuda",
  "model_config": {
    "name": "fdg",
    "rank": 32,
    "tau": 1.0,
    "d_hidden": 128,
    "dropout": 0.1,
    "b_init": "identity_perturbed",
    "bottleneck_dim": 64,
    "skip_hidden_dim": 32,
    "core_mode": "symmetric",
    "share_sr_weights": true,
    "symmetrize_adjacency": true
  },
  "best_epoch": 7,
  "valid_best_ICIR": 0.5560710135704726,
  "test_metrics": {
    "IC_mean": 0.05673317493955781,
    "IC_std": 0.11225043035084357,
    "ICIR": 0.5054161018557863,
    "RankIC_mean": 0.05105772837706688,
    "RankICIR": 0.45795550145645814,
    "annual_return": 0.5597131525145387,
    "annual_vol": 0.2455072416233292,
    "sharpe": 1.935385837107225,
    "max_drawdown": -0.21787334162741967,
    "turnover": 0.6422732491389211
  }
}