{
  "exp_name": "fdg_skip32_symshare_csi300_recent_seed73",
  "model": "fdg",
  "market": "csi300_aligned",
  "handler": "Alpha158",
  "device": "cuda",
  "model_config": {
    "name": "fdg",
    "rank": 32,
    "tau": 1.0,
    "d_hidden": 128,
    "dropout": 0.1,
    "b_init": "identity_perturbed",
    "bottleneck_dim": 64,
    "skip_hidden_dim": 32,
    "core_mode": "symmetric",
    "share_sr_weights": true,
    "symmetrize_adjacency": true
  },
  "best_epoch": 12,
  "valid_best_ICIR": 0.3605485550458342,
  "test_metrics": {
    "IC_mean": 0.03935349515357077,
    "IC_std": 0.12563224010629745,
    "ICIR": 0.31324359989341727,
    "RankIC_mean": 0.021957908115670558,
    "RankICIR": 0.18296159925637276,
    "annual_return": 0.28189453998943126,
    "annual_vol": 0.2293421564647861,
    "sharpe": 1.197595130854697,
    "max_drawdown": -0.3135028286025797,
    "turnover": 0.662447163515017
  }
}