{
  "exp_name": "fdg_skip32_sharew_freeb_csi300_official_seed5",
  "model": "fdg",
  "market": "csi300_aligned",
  "handler": "Alpha158",
  "device": "cuda",
  "model_config": {
    "name": "fdg",
    "rank": 32,
    "tau": 1.0,
    "d_hidden": 128,
    "dropout": 0.1,
    "b_init": "identity_perturbed",
    "bottleneck_dim": 64,
    "skip_hidden_dim": 32,
    "core_mode": "asymmetric",
    "share_sr_weights": true,
    "symmetrize_adjacency": false
  },
  "best_epoch": 6,
  "valid_best_ICIR": 0.5084586740911203,
  "test_metrics": {
    "IC_mean": 0.0523592667835492,
    "IC_std": 0.11802955448521697,
    "ICIR": 0.4436114921547647,
    "RankIC_mean": 0.04993104080666865,
    "RankICIR": 0.44882643660542804,
    "annual_return": 0.4514397488164723,
    "annual_vol": 0.25025867176816863,
    "sharpe": 1.6154811703604657,
    "max_drawdown": -0.24248883593323156,
    "turnover": 0.6299196326062001
  }
}