{
  "exp_name": "fdg_skip32_symshare_csi300_official_seed91",
  "model": "fdg",
  "market": "csi300_aligned",
  "handler": "Alpha158",
  "device": "cuda",
  "model_config": {
    "name": "fdg",
    "rank": 32,
    "tau": 1.0,
    "d_hidden": 128,
    "dropout": 0.1,
    "b_init": "identity_perturbed",
    "bottleneck_dim": 64,
    "skip_hidden_dim": 32,
    "core_mode": "symmetric",
    "share_sr_weights": true,
    "symmetrize_adjacency": true
  },
  "best_epoch": 10,
  "valid_best_ICIR": 0.5497857654886272,
  "test_metrics": {
    "IC_mean": 0.05724342990529184,
    "IC_std": 0.11334709998186253,
    "ICIR": 0.5050277414636261,
    "RankIC_mean": 0.05109853664558113,
    "RankICIR": 0.4465526624637412,
    "annual_return": 0.5278858308091987,
    "annual_vol": 0.25190083535941316,
    "sharpe": 1.8106396141787422,
    "max_drawdown": -0.25032287469362224,
    "turnover": 0.6254420206659016
  }
}