{
  "exp_name": "fdg_skip32_symshare_csi300_recent_seed49",
  "model": "fdg",
  "market": "csi300_aligned",
  "handler": "Alpha158",
  "device": "cuda",
  "model_config": {
    "name": "fdg",
    "rank": 32,
    "tau": 1.0,
    "d_hidden": 128,
    "dropout": 0.1,
    "b_init": "identity_perturbed",
    "bottleneck_dim": 64,
    "skip_hidden_dim": 32,
    "core_mode": "symmetric",
    "share_sr_weights": true,
    "symmetrize_adjacency": true
  },
  "best_epoch": 20,
  "valid_best_ICIR": 0.3937802954442774,
  "test_metrics": {
    "IC_mean": 0.0299418162172408,
    "IC_std": 0.11231862108628451,
    "ICIR": 0.26657927178645774,
    "RankIC_mean": 0.020607318079084926,
    "RankICIR": 0.17024521621860814,
    "annual_return": 0.20990727014901478,
    "annual_vol": 0.23792251924455668,
    "sharpe": 0.920094909868643,
    "max_drawdown": -0.24940310755570883,
    "turnover": 0.7436929922135711
  }
}