{
  "exp_name": "fdg_skip32_sharew_freeb_csi300_official_seed40",
  "model": "fdg",
  "market": "csi300_aligned",
  "handler": "Alpha158",
  "device": "cuda",
  "model_config": {
    "name": "fdg",
    "rank": 32,
    "tau": 1.0,
    "d_hidden": 128,
    "dropout": 0.1,
    "b_init": "identity_perturbed",
    "bottleneck_dim": 64,
    "skip_hidden_dim": 32,
    "core_mode": "asymmetric",
    "share_sr_weights": true,
    "symmetrize_adjacency": false
  },
  "best_epoch": 18,
  "valid_best_ICIR": 0.520589477088914,
  "test_metrics": {
    "IC_mean": 0.05108225966979727,
    "IC_std": 0.12127810432346636,
    "ICIR": 0.4211993579117418,
    "RankIC_mean": 0.04800776766516291,
    "RankICIR": 0.4380174525516478,
    "annual_return": 0.4519818994779614,
    "annual_vol": 0.24142003871749884,
    "sharpe": 1.6669968440239846,
    "max_drawdown": -0.24686393762864312,
    "turnover": 0.6588978185993115
  }
}