{
  "exp_name": "fdg_skip32_symshare_csi300_recent_seed34",
  "model": "fdg",
  "market": "csi300_aligned",
  "handler": "Alpha158",
  "device": "cuda",
  "model_config": {
    "name": "fdg",
    "rank": 32,
    "tau": 1.0,
    "d_hidden": 128,
    "dropout": 0.1,
    "b_init": "identity_perturbed",
    "bottleneck_dim": 64,
    "skip_hidden_dim": 32,
    "core_mode": "symmetric",
    "share_sr_weights": true,
    "symmetrize_adjacency": true
  },
  "best_epoch": 12,
  "valid_best_ICIR": 0.3615133387434097,
  "test_metrics": {
    "IC_mean": 0.04067226532350945,
    "IC_std": 0.13226053007038394,
    "ICIR": 0.30751627338757254,
    "RankIC_mean": 0.023692660843911535,
    "RankICIR": 0.17610081184484538,
    "annual_return": 0.2559690695533514,
    "annual_vol": 0.24680011102456165,
    "sharpe": 1.0470325636962647,
    "max_drawdown": -0.35480862243310296,
    "turnover": 0.6459399332591773
  }
}