{
  "exp_name": "fdg_skip32_symshare_csi300_official_seed3",
  "model": "fdg",
  "market": "csi300_aligned",
  "handler": "Alpha158",
  "device": "cuda",
  "model_config": {
    "name": "fdg",
    "rank": 32,
    "tau": 1.0,
    "d_hidden": 128,
    "dropout": 0.1,
    "b_init": "identity_perturbed",
    "bottleneck_dim": 64,
    "skip_hidden_dim": 32,
    "core_mode": "symmetric",
    "share_sr_weights": true,
    "symmetrize_adjacency": true
  },
  "best_epoch": 11,
  "valid_best_ICIR": 0.4991099571295074,
  "test_metrics": {
    "IC_mean": 0.05302782927899802,
    "IC_std": 0.12538041475661277,
    "ICIR": 0.42293550696841387,
    "RankIC_mean": 0.04849687805996259,
    "RankICIR": 0.40745583668806806,
    "annual_return": 0.48845234431347007,
    "annual_vol": 0.2507404925979259,
    "sharpe": 1.7133845808308743,
    "max_drawdown": -0.24906598940315883,
    "turnover": 0.6197474167623425
  }
}