{
  "exp_name": "fdg_skip32_random_csi300_recent_seed314",
  "model": "fdg",
  "market": "csi300_aligned",
  "handler": "Alpha158",
  "device": "cuda",
  "model_config": {
    "name": "fdg",
    "rank": 32,
    "tau": 1.0,
    "d_hidden": 128,
    "dropout": 0.1,
    "b_init": "identity_perturbed",
    "bottleneck_dim": 64,
    "skip_hidden_dim": 32,
    "graph_mode": "random",
    "random_graph_seed": 314
  },
  "best_epoch": 6,
  "valid_best_ICIR": 0.3782072579771234,
  "test_metrics": {
    "IC_mean": 0.03692000277980927,
    "IC_std": 0.11427675789552817,
    "ICIR": 0.32307534322562376,
    "RankIC_mean": 0.014060565176830148,
    "RankICIR": 0.1255232532713843,
    "annual_return": 0.19340319975497655,
    "annual_vol": 0.23729321254332414,
    "sharpe": 0.863854716401543,
    "max_drawdown": -0.33410988226876903,
    "turnover": 0.6005561735261405
  }
}