{
  "exp_name": "fdg_skip32_random_csi300_recent_seed200",
  "model": "fdg",
  "market": "csi300_aligned",
  "handler": "Alpha158",
  "device": "cuda",
  "model_config": {
    "name": "fdg",
    "rank": 32,
    "tau": 1.0,
    "d_hidden": 128,
    "dropout": 0.1,
    "b_init": "identity_perturbed",
    "bottleneck_dim": 64,
    "skip_hidden_dim": 32,
    "graph_mode": "random",
    "random_graph_seed": 200
  },
  "best_epoch": 10,
  "valid_best_ICIR": 0.36874482904270345,
  "test_metrics": {
    "IC_mean": 0.04096124473948633,
    "IC_std": 0.11518904157617155,
    "ICIR": 0.3556001871271731,
    "RankIC_mean": 0.016664559419990472,
    "RankICIR": 0.15038424680444343,
    "annual_return": 0.2381235279961036,
    "annual_vol": 0.24587904105868408,
    "sharpe": 0.9914842517336154,
    "max_drawdown": -0.3337631592550815,
    "turnover": 0.6608008898776422
  }
}