{
  "exp_name": "fdg_skip32_symshare_csi300_recent_seed95",
  "model": "fdg",
  "market": "csi300_aligned",
  "handler": "Alpha158",
  "device": "cuda",
  "model_config": {
    "name": "fdg",
    "rank": 32,
    "tau": 1.0,
    "d_hidden": 128,
    "dropout": 0.1,
    "b_init": "identity_perturbed",
    "bottleneck_dim": 64,
    "skip_hidden_dim": 32,
    "core_mode": "symmetric",
    "share_sr_weights": true,
    "symmetrize_adjacency": true
  },
  "best_epoch": 21,
  "valid_best_ICIR": 0.33806628248229104,
  "test_metrics": {
    "IC_mean": 0.03700229491729575,
    "IC_std": 0.1287827009458932,
    "ICIR": 0.2873234886791348,
    "RankIC_mean": 0.016155575739120246,
    "RankICIR": 0.1204270579077961,
    "annual_return": 0.24957848686557682,
    "annual_vol": 0.24493779175157124,
    "sharpe": 1.032526265051003,
    "max_drawdown": -0.34402325684417834,
    "turnover": 0.6178642936596221
  }
}