{
  "exp_name": "fdg_skip32_random_csi300_recent_seed5",
  "model": "fdg",
  "market": "csi300_aligned",
  "handler": "Alpha158",
  "device": "cuda",
  "model_config": {
    "name": "fdg",
    "rank": 32,
    "tau": 1.0,
    "d_hidden": 128,
    "dropout": 0.1,
    "b_init": "identity_perturbed",
    "bottleneck_dim": 64,
    "skip_hidden_dim": 32,
    "graph_mode": "random",
    "random_graph_seed": 5
  },
  "best_epoch": 5,
  "valid_best_ICIR": 0.4259389283434011,
  "test_metrics": {
    "IC_mean": 0.043175483616011846,
    "IC_std": 0.11410091806048152,
    "ICIR": 0.37839733763689615,
    "RankIC_mean": 0.020967730353607134,
    "RankICIR": 0.20520994828393704,
    "annual_return": 0.20191850382824095,
    "annual_vol": 0.22104912041095803,
    "sharpe": 0.9426974593506177,
    "max_drawdown": -0.2793523384236597,
    "turnover": 0.6475417130144608
  }
}