{
  "exp_name": "fdg_skip32_symshare_csi300_official_seed75",
  "model": "fdg",
  "market": "csi300_aligned",
  "handler": "Alpha158",
  "device": "cuda",
  "model_config": {
    "name": "fdg",
    "rank": 32,
    "tau": 1.0,
    "d_hidden": 128,
    "dropout": 0.1,
    "b_init": "identity_perturbed",
    "bottleneck_dim": 64,
    "skip_hidden_dim": 32,
    "core_mode": "symmetric",
    "share_sr_weights": true,
    "symmetrize_adjacency": true
  },
  "best_epoch": 15,
  "valid_best_ICIR": 0.5260281772789146,
  "test_metrics": {
    "IC_mean": 0.05765079671021902,
    "IC_std": 0.11277237164698384,
    "ICIR": 0.511213836050959,
    "RankIC_mean": 0.046963302568876084,
    "RankICIR": 0.4480850227900209,
    "annual_return": 0.5591171349859256,
    "annual_vol": 0.25240172836834646,
    "sharpe": 1.8876324813297014,
    "max_drawdown": -0.24691242950376657,
    "turnover": 0.6424799081515503
  }
}