{
  "exp_name": "fdg_skip32_symshare_csi300_official_seed74",
  "model": "fdg",
  "market": "csi300_aligned",
  "handler": "Alpha158",
  "device": "cuda",
  "model_config": {
    "name": "fdg",
    "rank": 32,
    "tau": 1.0,
    "d_hidden": 128,
    "dropout": 0.1,
    "b_init": "identity_perturbed",
    "bottleneck_dim": 64,
    "skip_hidden_dim": 32,
    "core_mode": "symmetric",
    "share_sr_weights": true,
    "symmetrize_adjacency": true
  },
  "best_epoch": 12,
  "valid_best_ICIR": 0.4935209831869344,
  "test_metrics": {
    "IC_mean": 0.03260983007478818,
    "IC_std": 0.11465286241659989,
    "ICIR": 0.28442229341207276,
    "RankIC_mean": 0.02437537110505348,
    "RankICIR": 0.20642101123350615,
    "annual_return": 0.3547320583138338,
    "annual_vol": 0.25126451792459614,
    "sharpe": 1.3351895789680885,
    "max_drawdown": -0.2650073345314481,
    "turnover": 0.642525832376579
  }
}