{
  "exp_name": "fdg_skip32_random_csi300_official_seed98",
  "model": "fdg",
  "market": "csi300_aligned",
  "handler": "Alpha158",
  "device": "cuda",
  "model_config": {
    "name": "fdg",
    "rank": 32,
    "tau": 1.0,
    "d_hidden": 128,
    "dropout": 0.1,
    "b_init": "identity_perturbed",
    "bottleneck_dim": 64,
    "skip_hidden_dim": 32,
    "graph_mode": "random",
    "random_graph_seed": 98
  },
  "best_epoch": 17,
  "valid_best_ICIR": 0.6229082063849654,
  "test_metrics": {
    "IC_mean": 0.05444987306763497,
    "IC_std": 0.10669993183574598,
    "ICIR": 0.5103084147369014,
    "RankIC_mean": 0.04097654390634447,
    "RankICIR": 0.40686942306216717,
    "annual_return": 0.44787990675338896,
    "annual_vol": 0.2484887702712388,
    "sharpe": 1.6152778152320901,
    "max_drawdown": -0.21510009723459145,
    "turnover": 0.6215614236509763
  }
}