{
  "exp_name": "fdg_skip32_symshare_csi300_recent_seed66",
  "model": "fdg",
  "market": "csi300_aligned",
  "handler": "Alpha158",
  "device": "cuda",
  "model_config": {
    "name": "fdg",
    "rank": 32,
    "tau": 1.0,
    "d_hidden": 128,
    "dropout": 0.1,
    "b_init": "identity_perturbed",
    "bottleneck_dim": 64,
    "skip_hidden_dim": 32,
    "core_mode": "symmetric",
    "share_sr_weights": true,
    "symmetrize_adjacency": true
  },
  "best_epoch": 15,
  "valid_best_ICIR": 0.3919811386691513,
  "test_metrics": {
    "IC_mean": 0.03885469222387733,
    "IC_std": 0.12795804249800527,
    "ICIR": 0.3036518179346408,
    "RankIC_mean": 0.020136812707250668,
    "RankICIR": 0.15479085351913513,
    "annual_return": 0.30920343217154866,
    "annual_vol": 0.24635902642329374,
    "sharpe": 1.217155035260947,
    "max_drawdown": -0.32699451915144595,
    "turnover": 0.7074972191323697
  }
}