{
  "exp_name": "fdg_skip32_symshare_csi300_official_seed92",
  "model": "fdg",
  "market": "csi300_aligned",
  "handler": "Alpha158",
  "device": "cuda",
  "model_config": {
    "name": "fdg",
    "rank": 32,
    "tau": 1.0,
    "d_hidden": 128,
    "dropout": 0.1,
    "b_init": "identity_perturbed",
    "bottleneck_dim": 64,
    "skip_hidden_dim": 32,
    "core_mode": "symmetric",
    "share_sr_weights": true,
    "symmetrize_adjacency": true
  },
  "best_epoch": 11,
  "valid_best_ICIR": 0.5430451439261378,
  "test_metrics": {
    "IC_mean": 0.0476097963228569,
    "IC_std": 0.10798080496480154,
    "ICIR": 0.4409098111314899,
    "RankIC_mean": 0.045855395637874594,
    "RankICIR": 0.4421113352865539,
    "annual_return": 0.5159838055420087,
    "annual_vol": 0.24422056072502762,
    "sharpe": 1.8276691131577232,
    "max_drawdown": -0.2511838378721276,
    "turnover": 0.6337772675086112
  }
}