{
  "exp_name": "fdg_skip32_sepw_symb_csi300_official_seed49",
  "model": "fdg",
  "market": "csi300_aligned",
  "handler": "Alpha158",
  "device": "cuda",
  "model_config": {
    "name": "fdg",
    "rank": 32,
    "tau": 1.0,
    "d_hidden": 128,
    "dropout": 0.1,
    "b_init": "identity_perturbed",
    "bottleneck_dim": 64,
    "skip_hidden_dim": 32,
    "core_mode": "symmetric",
    "share_sr_weights": false,
    "symmetrize_adjacency": false
  },
  "best_epoch": 10,
  "valid_best_ICIR": 0.5172542211387622,
  "test_metrics": {
    "IC_mean": 0.048838321161722535,
    "IC_std": 0.1141643182095614,
    "ICIR": 0.4277897151023521,
    "RankIC_mean": 0.04564609805147214,
    "RankICIR": 0.3873666515102305,
    "annual_return": 0.4338090965080146,
    "annual_vol": 0.2566724356092242,
    "sharpe": 1.5336551283315594,
    "max_drawdown": -0.2661523734589142,
    "turnover": 0.6622043628013781
  }
}