{
  "exp_name": "fdg_skip32_symshare_csi300_recent_seed13",
  "model": "fdg",
  "market": "csi300_aligned",
  "handler": "Alpha158",
  "device": "cuda",
  "model_config": {
    "name": "fdg",
    "rank": 32,
    "tau": 1.0,
    "d_hidden": 128,
    "dropout": 0.1,
    "b_init": "identity_perturbed",
    "bottleneck_dim": 64,
    "skip_hidden_dim": 32,
    "core_mode": "symmetric",
    "share_sr_weights": true,
    "symmetrize_adjacency": true
  },
  "best_epoch": 4,
  "valid_best_ICIR": 0.43105227085713593,
  "test_metrics": {
    "IC_mean": 0.04158125393486942,
    "IC_std": 0.12956112054484736,
    "ICIR": 0.32093928919421577,
    "RankIC_mean": 0.01149900610330027,
    "RankICIR": 0.08738066448470687,
    "annual_return": 0.24206767633048276,
    "annual_vol": 0.2510791078685845,
    "sharpe": 0.9890784271655638,
    "max_drawdown": -0.28297144766314464,
    "turnover": 0.6311457174638491
  }
}