{
  "exp_name": "fdg_skip32_symshare_csi300_recent_seed777",
  "model": "fdg",
  "market": "csi300_aligned",
  "handler": "Alpha158",
  "device": "cuda",
  "model_config": {
    "name": "fdg",
    "rank": 32,
    "tau": 1.0,
    "d_hidden": 128,
    "dropout": 0.1,
    "b_init": "identity_perturbed",
    "bottleneck_dim": 64,
    "skip_hidden_dim": 32,
    "core_mode": "symmetric",
    "share_sr_weights": true,
    "symmetrize_adjacency": true
  },
  "best_epoch": 7,
  "valid_best_ICIR": 0.3650619985213936,
  "test_metrics": {
    "IC_mean": 0.03911048726780725,
    "IC_std": 0.11905659826476586,
    "ICIR": 0.3285033155477094,
    "RankIC_mean": 0.01315463792605548,
    "RankICIR": 0.10577143933803929,
    "annual_return": 0.2851420151270796,
    "annual_vol": 0.24092694599182599,
    "sharpe": 1.1617717905363554,
    "max_drawdown": -0.36064094726400187,
    "turnover": 0.6694771968854286
  }
}