{
  "exp_name": "fdg_skip32_random_csi300_recent_seed1",
  "model": "fdg",
  "market": "csi300_aligned",
  "handler": "Alpha158",
  "device": "cuda",
  "model_config": {
    "name": "fdg",
    "rank": 32,
    "tau": 1.0,
    "d_hidden": 128,
    "dropout": 0.1,
    "b_init": "identity_perturbed",
    "bottleneck_dim": 64,
    "skip_hidden_dim": 32,
    "graph_mode": "random",
    "random_graph_seed": 1
  },
  "best_epoch": 11,
  "valid_best_ICIR": 0.3900242902704297,
  "test_metrics": {
    "IC_mean": 0.0404696367137119,
    "IC_std": 0.13448902504778354,
    "ICIR": 0.3009140463270751,
    "RankIC_mean": 0.011468996973977833,
    "RankICIR": 0.08476973495196852,
    "annual_return": 0.21067458442458054,
    "annual_vol": 0.261991074910375,
    "sharpe": 0.8607707513076366,
    "max_drawdown": -0.3437814242407511,
    "turnover": 0.5945494994438268
  }
}