{
  "exp_name": "fdg_skip32_symshare_csi300_official_seed200",
  "model": "fdg",
  "market": "csi300_aligned",
  "handler": "Alpha158",
  "device": "cuda",
  "model_config": {
    "name": "fdg",
    "rank": 32,
    "tau": 1.0,
    "d_hidden": 128,
    "dropout": 0.1,
    "b_init": "identity_perturbed",
    "bottleneck_dim": 64,
    "skip_hidden_dim": 32,
    "core_mode": "symmetric",
    "share_sr_weights": true,
    "symmetrize_adjacency": true
  },
  "best_epoch": 37,
  "valid_best_ICIR": 0.6114575901680602,
  "test_metrics": {
    "IC_mean": 0.0630603552655802,
    "IC_std": 0.12310078872896385,
    "ICIR": 0.5122660538302709,
    "RankIC_mean": 0.04937211185644649,
    "RankICIR": 0.4214557638659518,
    "annual_return": 0.5202709778610328,
    "annual_vol": 0.2544863647536898,
    "sharpe": 1.7751477565809048,
    "max_drawdown": -0.2378899853938763,
    "turnover": 0.6352468427095295
  }
}