{
  "exp_name": "fdg_skip32_random_csi300_official_seed2026",
  "model": "fdg",
  "market": "csi300_aligned",
  "handler": "Alpha158",
  "device": "cuda",
  "model_config": {
    "name": "fdg",
    "rank": 32,
    "tau": 1.0,
    "d_hidden": 128,
    "dropout": 0.1,
    "b_init": "identity_perturbed",
    "bottleneck_dim": 64,
    "skip_hidden_dim": 32,
    "graph_mode": "random",
    "random_graph_seed": 2026
  },
  "best_epoch": 29,
  "valid_best_ICIR": 0.5883926316942497,
  "test_metrics": {
    "IC_mean": 0.05293766936966458,
    "IC_std": 0.11841096445792827,
    "ICIR": 0.4470672932359526,
    "RankIC_mean": 0.04733667346079811,
    "RankICIR": 0.4236714140741494,
    "annual_return": 0.5131851616364962,
    "annual_vol": 0.25607449826235607,
    "sharpe": 1.7473649636890818,
    "max_drawdown": -0.23541352474931243,
    "turnover": 0.6519402985074629
  }
}