{
  "exp_name": "fdg_skip32_random_csi300_official_seed17",
  "model": "fdg",
  "market": "csi300_aligned",
  "handler": "Alpha158",
  "device": "cuda",
  "model_config": {
    "name": "fdg",
    "rank": 32,
    "tau": 1.0,
    "d_hidden": 128,
    "dropout": 0.1,
    "b_init": "identity_perturbed",
    "bottleneck_dim": 64,
    "skip_hidden_dim": 32,
    "graph_mode": "random",
    "random_graph_seed": 17
  },
  "best_epoch": 13,
  "valid_best_ICIR": 0.5589581868175727,
  "test_metrics": {
    "IC_mean": 0.04758175928919674,
    "IC_std": 0.1297610187178497,
    "ICIR": 0.36668762128523175,
    "RankIC_mean": 0.049250553598544675,
    "RankICIR": 0.3833840716907067,
    "annual_return": 0.465594111915826,
    "annual_vol": 0.252503215619619,
    "sharpe": 1.6417884086516648,
    "max_drawdown": -0.22194859658675647,
    "turnover": 0.6253272101033298
  }
}