{
  "exp_name": "fdg_skip32_symshare_csi300_recent_seed96",
  "model": "fdg",
  "market": "csi300_aligned",
  "handler": "Alpha158",
  "device": "cuda",
  "model_config": {
    "name": "fdg",
    "rank": 32,
    "tau": 1.0,
    "d_hidden": 128,
    "dropout": 0.1,
    "b_init": "identity_perturbed",
    "bottleneck_dim": 64,
    "skip_hidden_dim": 32,
    "core_mode": "symmetric",
    "share_sr_weights": true,
    "symmetrize_adjacency": true
  },
  "best_epoch": 11,
  "valid_best_ICIR": 0.4107115599153705,
  "test_metrics": {
    "IC_mean": 0.04281697427658708,
    "IC_std": 0.1165469653365989,
    "ICIR": 0.36737957228596657,
    "RankIC_mean": 0.020150731842360298,
    "RankICIR": 0.17690520906639903,
    "annual_return": 0.244929377924751,
    "annual_vol": 0.23576934543382497,
    "sharpe": 1.0470429955972649,
    "max_drawdown": -0.3148115103492395,
    "turnover": 0.641713014460512
  }
}