{
  "exp_name": "fdg_skip32_random_csi300_official_seed0",
  "model": "fdg",
  "market": "csi300_aligned",
  "handler": "Alpha158",
  "device": "cuda",
  "model_config": {
    "name": "fdg",
    "rank": 32,
    "tau": 1.0,
    "d_hidden": 128,
    "dropout": 0.1,
    "b_init": "identity_perturbed",
    "bottleneck_dim": 64,
    "skip_hidden_dim": 32,
    "graph_mode": "random",
    "random_graph_seed": 0
  },
  "best_epoch": 28,
  "valid_best_ICIR": 0.5975106001183612,
  "test_metrics": {
    "IC_mean": 0.05677832408876262,
    "IC_std": 0.11555162450668692,
    "ICIR": 0.49136759722038253,
    "RankIC_mean": 0.04601553020934277,
    "RankICIR": 0.45159055946949156,
    "annual_return": 0.547653746051217,
    "annual_vol": 0.25319291011629336,
    "sharpe": 1.853274161707466,
    "max_drawdown": -0.2101658639806645,
    "turnover": 0.6462227324913896
  }
}