{
  "exp_name": "fdg_skip32_symshare_csi300_recent_seed123",
  "model": "fdg",
  "market": "csi300_aligned",
  "handler": "Alpha158",
  "device": "cuda",
  "model_config": {
    "name": "fdg",
    "rank": 32,
    "tau": 1.0,
    "d_hidden": 128,
    "dropout": 0.1,
    "b_init": "identity_perturbed",
    "bottleneck_dim": 64,
    "skip_hidden_dim": 32,
    "core_mode": "symmetric",
    "share_sr_weights": true,
    "symmetrize_adjacency": true
  },
  "best_epoch": 8,
  "valid_best_ICIR": 0.3689779544803478,
  "test_metrics": {
    "IC_mean": 0.039512483845694765,
    "IC_std": 0.12172754325928564,
    "ICIR": 0.324597726921435,
    "RankIC_mean": 0.024012616399033414,
    "RankICIR": 0.19956108762618294,
    "annual_return": 0.27361449225628887,
    "annual_vol": 0.23346204487789007,
    "sharpe": 1.1530356412269491,
    "max_drawdown": -0.3338588478452367,
    "turnover": 0.6289877641824253
  }
}