{
  "exp_name": "fdg_skip32_symshare_csi300_recent_seed47",
  "model": "fdg",
  "market": "csi300_aligned",
  "handler": "Alpha158",
  "device": "cuda",
  "model_config": {
    "name": "fdg",
    "rank": 32,
    "tau": 1.0,
    "d_hidden": 128,
    "dropout": 0.1,
    "b_init": "identity_perturbed",
    "bottleneck_dim": 64,
    "skip_hidden_dim": 32,
    "core_mode": "symmetric",
    "share_sr_weights": true,
    "symmetrize_adjacency": true
  },
  "best_epoch": 7,
  "valid_best_ICIR": 0.3529663508861917,
  "test_metrics": {
    "IC_mean": 0.04267806657740719,
    "IC_std": 0.11429559015943676,
    "ICIR": 0.37340081553341975,
    "RankIC_mean": 0.022382558979688754,
    "RankICIR": 0.18559655064162964,
    "annual_return": 0.2254045370256612,
    "annual_vol": 0.22751967572107945,
    "sharpe": 1.0071615679039434,
    "max_drawdown": -0.27656408526970966,
    "turnover": 0.6954393770856511
  }
}