{
  "exp_name": "fdg_skip32_symshare_csi300_recent_seed111",
  "model": "fdg",
  "market": "csi300_aligned",
  "handler": "Alpha158",
  "device": "cuda",
  "model_config": {
    "name": "fdg",
    "rank": 32,
    "tau": 1.0,
    "d_hidden": 128,
    "dropout": 0.1,
    "b_init": "identity_perturbed",
    "bottleneck_dim": 64,
    "skip_hidden_dim": 32,
    "core_mode": "symmetric",
    "share_sr_weights": true,
    "symmetrize_adjacency": true
  },
  "best_epoch": 18,
  "valid_best_ICIR": 0.38579179891937393,
  "test_metrics": {
    "IC_mean": 0.040243444152080164,
    "IC_std": 0.12837891173362603,
    "ICIR": 0.313473946839349,
    "RankIC_mean": 0.018052537344482082,
    "RankICIR": 0.14288318267746772,
    "annual_return": 0.2514028863452644,
    "annual_vol": 0.25007888644249154,
    "sharpe": 1.0219961836193245,
    "max_drawdown": -0.34982596385546905,
    "turnover": 0.6405784204671862
  }
}