{
  "exp_name": "fdg_skip32_symshare_csi300_official_seed199",
  "model": "fdg",
  "market": "csi300_aligned",
  "handler": "Alpha158",
  "device": "cuda",
  "model_config": {
    "name": "fdg",
    "rank": 32,
    "tau": 1.0,
    "d_hidden": 128,
    "dropout": 0.1,
    "b_init": "identity_perturbed",
    "bottleneck_dim": 64,
    "skip_hidden_dim": 32,
    "core_mode": "symmetric",
    "share_sr_weights": true,
    "symmetrize_adjacency": true
  },
  "best_epoch": 11,
  "valid_best_ICIR": 0.5031420149435791,
  "test_metrics": {
    "IC_mean": 0.06026723374562729,
    "IC_std": 0.11643495521572775,
    "ICIR": 0.5176043021957254,
    "RankIC_mean": 0.04891413439653589,
    "RankICIR": 0.43360559997167997,
    "annual_return": 0.5612944868665242,
    "annual_vol": 0.2518996006843511,
    "sharpe": 1.8966029162086893,
    "max_drawdown": -0.2228786498337758,
    "turnover": 0.6148564867967855
  }
}