{
  "exp_name": "fdg_skip32_symshare_csi300_official_seed93",
  "model": "fdg",
  "market": "csi300_aligned",
  "handler": "Alpha158",
  "device": "cuda",
  "model_config": {
    "name": "fdg",
    "rank": 32,
    "tau": 1.0,
    "d_hidden": 128,
    "dropout": 0.1,
    "b_init": "identity_perturbed",
    "bottleneck_dim": 64,
    "skip_hidden_dim": 32,
    "core_mode": "symmetric",
    "share_sr_weights": true,
    "symmetrize_adjacency": true
  },
  "best_epoch": 27,
  "valid_best_ICIR": 0.5428729135003485,
  "test_metrics": {
    "IC_mean": 0.045408208841463994,
    "IC_std": 0.122432297897469,
    "ICIR": 0.37088423252082653,
    "RankIC_mean": 0.039962094654777985,
    "RankICIR": 0.3456106610326191,
    "annual_return": 0.4220138725283209,
    "annual_vol": 0.2498480589625797,
    "sharpe": 1.5354467715416493,
    "max_drawdown": -0.26320343657592793,
    "turnover": 0.6293685419058557
  }
}