{
  "exp_name": "fdg_skip32_symshare_csi300_official_seed1",
  "model": "fdg",
  "market": "csi300_aligned",
  "handler": "Alpha158",
  "device": "cuda",
  "model_config": {
    "name": "fdg",
    "rank": 32,
    "tau": 1.0,
    "d_hidden": 128,
    "dropout": 0.1,
    "b_init": "identity_perturbed",
    "bottleneck_dim": 64,
    "skip_hidden_dim": 32,
    "core_mode": "symmetric",
    "share_sr_weights": true,
    "symmetrize_adjacency": true
  },
  "best_epoch": 6,
  "valid_best_ICIR": 0.4807201319918465,
  "test_metrics": {
    "IC_mean": 0.049926058544376886,
    "IC_std": 0.12345320639502655,
    "ICIR": 0.4044128135856033,
    "RankIC_mean": 0.04647193408267935,
    "RankICIR": 0.3788478128391121,
    "annual_return": 0.5122972708897267,
    "annual_vol": 0.2597817420950547,
    "sharpe": 1.7239446478656621,
    "max_drawdown": -0.2505704793579675,
    "turnover": 0.6070493685419062
  }
}