{
  "exp_name": "fdg_skip32_random_csi300_official_seed73",
  "model": "fdg",
  "market": "csi300_aligned",
  "handler": "Alpha158",
  "device": "cuda",
  "model_config": {
    "name": "fdg",
    "rank": 32,
    "tau": 1.0,
    "d_hidden": 128,
    "dropout": 0.1,
    "b_init": "identity_perturbed",
    "bottleneck_dim": 64,
    "skip_hidden_dim": 32,
    "graph_mode": "random",
    "random_graph_seed": 73
  },
  "best_epoch": 10,
  "valid_best_ICIR": 0.5697887002802058,
  "test_metrics": {
    "IC_mean": 0.0469342894640112,
    "IC_std": 0.1261309883743423,
    "ICIR": 0.3721075214658242,
    "RankIC_mean": 0.0414970228914853,
    "RankICIR": 0.3189087267329418,
    "annual_return": 0.5067812184271294,
    "annual_vol": 0.2664544848733695,
    "sharpe": 1.673678178844523,
    "max_drawdown": -0.2278845419270632,
    "turnover": 0.592330654420207
  }
}