{
  "exp_name": "fdg_skip32_sepw_symb_csi300_recent_seed79",
  "model": "fdg",
  "market": "csi300_aligned",
  "handler": "Alpha158",
  "device": "cuda",
  "model_config": {
    "name": "fdg",
    "rank": 32,
    "tau": 1.0,
    "d_hidden": 128,
    "dropout": 0.1,
    "b_init": "identity_perturbed",
    "bottleneck_dim": 64,
    "skip_hidden_dim": 32,
    "core_mode": "symmetric",
    "share_sr_weights": false,
    "symmetrize_adjacency": false
  },
  "best_epoch": 16,
  "valid_best_ICIR": 0.3382693359774223,
  "test_metrics": {
    "IC_mean": 0.0385085267712824,
    "IC_std": 0.12076164996920166,
    "ICIR": 0.31888042918512116,
    "RankIC_mean": 0.014352500883195491,
    "RankICIR": 0.1177422455582149,
    "annual_return": 0.24613978689902716,
    "annual_vol": 0.23777366371016026,
    "sharpe": 1.0445272358848805,
    "max_drawdown": -0.3186260897809312,
    "turnover": 0.6735706340378201
  }
}