{
  "exp_name": "fdg_skip32_sepw_symb_csi300_official_seed512",
  "model": "fdg",
  "market": "csi300_aligned",
  "handler": "Alpha158",
  "device": "cuda",
  "model_config": {
    "name": "fdg",
    "rank": 32,
    "tau": 1.0,
    "d_hidden": 128,
    "dropout": 0.1,
    "b_init": "identity_perturbed",
    "bottleneck_dim": 64,
    "skip_hidden_dim": 32,
    "core_mode": "symmetric",
    "share_sr_weights": false,
    "symmetrize_adjacency": false
  },
  "best_epoch": 17,
  "valid_best_ICIR": 0.5541620307368399,
  "test_metrics": {
    "IC_mean": 0.047887160484507175,
    "IC_std": 0.10685914340915065,
    "ICIR": 0.44813348635177686,
    "RankIC_mean": 0.04667797405764307,
    "RankICIR": 0.4317644740985504,
    "annual_return": 0.4396467475863981,
    "annual_vol": 0.2501835222691594,
    "sharpe": 1.5830928237721376,
    "max_drawdown": -0.2091369450853816,
    "turnover": 0.6865442020665905
  }
}