{
  "exp_name": "fdg_skip32_symshare_csi300_recent_seed168",
  "model": "fdg",
  "market": "csi300_aligned",
  "handler": "Alpha158",
  "device": "cuda",
  "model_config": {
    "name": "fdg",
    "rank": 32,
    "tau": 1.0,
    "d_hidden": 128,
    "dropout": 0.1,
    "b_init": "identity_perturbed",
    "bottleneck_dim": 64,
    "skip_hidden_dim": 32,
    "core_mode": "symmetric",
    "share_sr_weights": true,
    "symmetrize_adjacency": true
  },
  "best_epoch": 7,
  "valid_best_ICIR": 0.3025612793292047,
  "test_metrics": {
    "IC_mean": 0.042408611221490804,
    "IC_std": 0.11288640272727478,
    "ICIR": 0.3756751052112705,
    "RankIC_mean": 0.012475400006621357,
    "RankICIR": 0.10284309349416526,
    "annual_return": 0.27085080685813745,
    "annual_vol": 0.24232015095379517,
    "sharpe": 1.110493841627922,
    "max_drawdown": -0.3028823968440748,
    "turnover": 0.6204449388209125
  }
}