{
  "exp_name": "fdg_skip32_symshare_csi300_recent_seed3",
  "model": "fdg",
  "market": "csi300_aligned",
  "handler": "Alpha158",
  "device": "cuda",
  "model_config": {
    "name": "fdg",
    "rank": 32,
    "tau": 1.0,
    "d_hidden": 128,
    "dropout": 0.1,
    "b_init": "identity_perturbed",
    "bottleneck_dim": 64,
    "skip_hidden_dim": 32,
    "core_mode": "symmetric",
    "share_sr_weights": true,
    "symmetrize_adjacency": true
  },
  "best_epoch": 3,
  "valid_best_ICIR": 0.2849909140542669,
  "test_metrics": {
    "IC_mean": 0.038917966709021604,
    "IC_std": 0.11793249154389042,
    "ICIR": 0.3300020732160795,
    "RankIC_mean": 0.011994031045072778,
    "RankICIR": 0.09812448144698989,
    "annual_return": 0.23962618239890388,
    "annual_vol": 0.22858042567438644,
    "sharpe": 1.0541430927423938,
    "max_drawdown": -0.249102723315751,
    "turnover": 0.6350611790878757
  }
}