{
  "exp_name": "fdg_skip32_symshare_csi300_recent_seed0",
  "model": "fdg",
  "market": "csi300_aligned",
  "handler": "Alpha158",
  "device": "cuda",
  "model_config": {
    "name": "fdg",
    "rank": 32,
    "tau": 1.0,
    "d_hidden": 128,
    "dropout": 0.1,
    "b_init": "identity_perturbed",
    "bottleneck_dim": 64,
    "skip_hidden_dim": 32,
    "core_mode": "symmetric",
    "share_sr_weights": true,
    "symmetrize_adjacency": true
  },
  "best_epoch": 13,
  "valid_best_ICIR": 0.38542005873463686,
  "test_metrics": {
    "IC_mean": 0.03682208946076791,
    "IC_std": 0.10787936015177696,
    "ICIR": 0.3413265466995949,
    "RankIC_mean": 0.01330567390258282,
    "RankICIR": 0.12841435259377507,
    "annual_return": 0.27279472960399587,
    "annual_vol": 0.23628371623034763,
    "sharpe": 1.1392221960019924,
    "max_drawdown": -0.39004900354294436,
    "turnover": 0.6614238042269192
  }
}