{
  "exp_name": "fdg_skip32_symshare_csi300_official_seed314",
  "model": "fdg",
  "market": "csi300_aligned",
  "handler": "Alpha158",
  "device": "cuda",
  "model_config": {
    "name": "fdg",
    "rank": 32,
    "tau": 1.0,
    "d_hidden": 128,
    "dropout": 0.1,
    "b_init": "identity_perturbed",
    "bottleneck_dim": 64,
    "skip_hidden_dim": 32,
    "core_mode": "symmetric",
    "share_sr_weights": true,
    "symmetrize_adjacency": true
  },
  "best_epoch": 27,
  "valid_best_ICIR": 0.5023790752147244,
  "test_metrics": {
    "IC_mean": 0.06009622197193335,
    "IC_std": 0.10827016614494983,
    "ICIR": 0.5550580008483389,
    "RankIC_mean": 0.03337797294913096,
    "RankICIR": 0.31868964806520406,
    "annual_return": 0.43737783018998044,
    "annual_vol": 0.26157367013044475,
    "sharpe": 1.5193738042478335,
    "max_drawdown": -0.29220978432039324,
    "turnover": 0.6129506314580946
  }
}