{
  "exp_name": "fdg_skip32_sepw_symb_csi300_official_seed37",
  "model": "fdg",
  "market": "csi300_aligned",
  "handler": "Alpha158",
  "device": "cuda",
  "model_config": {
    "name": "fdg",
    "rank": 32,
    "tau": 1.0,
    "d_hidden": 128,
    "dropout": 0.1,
    "b_init": "identity_perturbed",
    "bottleneck_dim": 64,
    "skip_hidden_dim": 32,
    "core_mode": "symmetric",
    "share_sr_weights": false,
    "symmetrize_adjacency": false
  },
  "best_epoch": 9,
  "valid_best_ICIR": 0.5338451659532354,
  "test_metrics": {
    "IC_mean": 0.04814808846692992,
    "IC_std": 0.11848103564559703,
    "ICIR": 0.4063780182589853,
    "RankIC_mean": 0.04360909931777297,
    "RankICIR": 0.3565828825435758,
    "annual_return": 0.4439039455775864,
    "annual_vol": 0.26244515475484254,
    "sharpe": 1.5324969542248812,
    "max_drawdown": -0.23623957582433286,
    "turnover": 0.6390355912743977
  }
}