{
  "exp_name": "fdg_skip32_symshare_csi300_recent_seed40",
  "model": "fdg",
  "market": "csi300_aligned",
  "handler": "Alpha158",
  "device": "cuda",
  "model_config": {
    "name": "fdg",
    "rank": 32,
    "tau": 1.0,
    "d_hidden": 128,
    "dropout": 0.1,
    "b_init": "identity_perturbed",
    "bottleneck_dim": 64,
    "skip_hidden_dim": 32,
    "core_mode": "symmetric",
    "share_sr_weights": true,
    "symmetrize_adjacency": true
  },
  "best_epoch": 13,
  "valid_best_ICIR": 0.384712475392118,
  "test_metrics": {
    "IC_mean": 0.03518273187679647,
    "IC_std": 0.10821545329677483,
    "ICIR": 0.32511744676899146,
    "RankIC_mean": 0.027718148909306368,
    "RankICIR": 0.28546163726281065,
    "annual_return": 0.19570699958422466,
    "annual_vol": 0.21626161005643232,
    "sharpe": 0.934923802937479,
    "max_drawdown": -0.27037705033036674,
    "turnover": 0.6776195773081205
  }
}