{
  "exp_name": "fdg_skip32_symshare_csi300_official_seed18",
  "model": "fdg",
  "market": "csi300_aligned",
  "handler": "Alpha158",
  "device": "cuda",
  "model_config": {
    "name": "fdg",
    "rank": 32,
    "tau": 1.0,
    "d_hidden": 128,
    "dropout": 0.1,
    "b_init": "identity_perturbed",
    "bottleneck_dim": 64,
    "skip_hidden_dim": 32,
    "core_mode": "symmetric",
    "share_sr_weights": true,
    "symmetrize_adjacency": true
  },
  "best_epoch": 8,
  "valid_best_ICIR": 0.5284270799230469,
  "test_metrics": {
    "IC_mean": 0.05532782438844288,
    "IC_std": 0.12369032554152178,
    "ICIR": 0.447309230905612,
    "RankIC_mean": 0.05390509894192676,
    "RankICIR": 0.44883485440326987,
    "annual_return": 0.5430891213089086,
    "annual_vol": 0.24968643465838286,
    "sharpe": 1.864170724902338,
    "max_drawdown": -0.24710892195582523,
    "turnover": 0.6310218140068891
  }
}