{
  "exp_name": "fdg_skip32_random_csi300_official_seed21",
  "model": "fdg",
  "market": "csi300_aligned",
  "handler": "Alpha158",
  "device": "cuda",
  "model_config": {
    "name": "fdg",
    "rank": 32,
    "tau": 1.0,
    "d_hidden": 128,
    "dropout": 0.1,
    "b_init": "identity_perturbed",
    "bottleneck_dim": 64,
    "skip_hidden_dim": 32,
    "graph_mode": "random",
    "random_graph_seed": 21
  },
  "best_epoch": 19,
  "valid_best_ICIR": 0.5929165969623671,
  "test_metrics": {
    "IC_mean": 0.058828604064367435,
    "IC_std": 0.12375787002915288,
    "ICIR": 0.4753524285001798,
    "RankIC_mean": 0.04522523126544383,
    "RankICIR": 0.37306100149147564,
    "annual_return": 0.45496363502992754,
    "annual_vol": 0.2569093079482215,
    "sharpe": 1.5896675991901765,
    "max_drawdown": -0.27362018513167674,
    "turnover": 0.6254190585533873
  }
}