{
  "exp_name": "fdg_skip32_symshare_csi300_official_seed15",
  "model": "fdg",
  "market": "csi300_aligned",
  "handler": "Alpha158",
  "device": "cuda",
  "model_config": {
    "name": "fdg",
    "rank": 32,
    "tau": 1.0,
    "d_hidden": 128,
    "dropout": 0.1,
    "b_init": "identity_perturbed",
    "bottleneck_dim": 64,
    "skip_hidden_dim": 32,
    "core_mode": "symmetric",
    "share_sr_weights": true,
    "symmetrize_adjacency": true
  },
  "best_epoch": 25,
  "valid_best_ICIR": 0.5531231436607508,
  "test_metrics": {
    "IC_mean": 0.053570626027304634,
    "IC_std": 0.12604482762960714,
    "ICIR": 0.4250124898796024,
    "RankIC_mean": 0.04612463604084862,
    "RankICIR": 0.3986629254594482,
    "annual_return": 0.469168395430112,
    "annual_vol": 0.2553794285192066,
    "sharpe": 1.6359051162279103,
    "max_drawdown": -0.2611426097294711,
    "turnover": 0.6225487944890933
  }
}