{
  "exp_name": "fdg_skip32_symshare_csi300_recent_seed35",
  "model": "fdg",
  "market": "csi300_aligned",
  "handler": "Alpha158",
  "device": "cuda",
  "model_config": {
    "name": "fdg",
    "rank": 32,
    "tau": 1.0,
    "d_hidden": 128,
    "dropout": 0.1,
    "b_init": "identity_perturbed",
    "bottleneck_dim": 64,
    "skip_hidden_dim": 32,
    "core_mode": "symmetric",
    "share_sr_weights": true,
    "symmetrize_adjacency": true
  },
  "best_epoch": 8,
  "valid_best_ICIR": 0.3225598502432262,
  "test_metrics": {
    "IC_mean": 0.04066885021816439,
    "IC_std": 0.1280699900510913,
    "ICIR": 0.3175517558948842,
    "RankIC_mean": 0.021478254396813976,
    "RankICIR": 0.16061864083136235,
    "annual_return": 0.24542429698826185,
    "annual_vol": 0.24455039997775677,
    "sharpe": 1.0198257470991114,
    "max_drawdown": -0.3200093229904435,
    "turnover": 0.6612680756396
  }
}