{
  "exp_name": "fdg_skip32_random_csi300_official_seed314",
  "model": "fdg",
  "market": "csi300_aligned",
  "handler": "Alpha158",
  "device": "cuda",
  "model_config": {
    "name": "fdg",
    "rank": 32,
    "tau": 1.0,
    "d_hidden": 128,
    "dropout": 0.1,
    "b_init": "identity_perturbed",
    "bottleneck_dim": 64,
    "skip_hidden_dim": 32,
    "graph_mode": "random",
    "random_graph_seed": 314
  },
  "best_epoch": 22,
  "valid_best_ICIR": 0.5855893617394841,
  "test_metrics": {
    "IC_mean": 0.05241305432432374,
    "IC_std": 0.12566871539575306,
    "ICIR": 0.4170732083897392,
    "RankIC_mean": 0.04781792760446746,
    "RankICIR": 0.40952793439470997,
    "annual_return": 0.4897163423151878,
    "annual_vol": 0.2512628522041617,
    "sharpe": 1.7138058851647433,
    "max_drawdown": -0.2010202592499779,
    "turnover": 0.6599311136624574
  }
}