{
  "exp_name": "fdg_skip32_random_csi300_official_seed128",
  "model": "fdg",
  "market": "csi300_aligned",
  "handler": "Alpha158",
  "device": "cuda",
  "model_config": {
    "name": "fdg",
    "rank": 32,
    "tau": 1.0,
    "d_hidden": 128,
    "dropout": 0.1,
    "b_init": "identity_perturbed",
    "bottleneck_dim": 64,
    "skip_hidden_dim": 32,
    "graph_mode": "random",
    "random_graph_seed": 128
  },
  "best_epoch": 18,
  "valid_best_ICIR": 0.614097766315505,
  "test_metrics": {
    "IC_mean": 0.06177621937302113,
    "IC_std": 0.11218928684192322,
    "ICIR": 0.5506427673443095,
    "RankIC_mean": 0.04392634960733489,
    "RankICIR": 0.4223320521506994,
    "annual_return": 0.5586488662052078,
    "annual_vol": 0.2538960554740477,
    "sharpe": 1.8768587124161253,
    "max_drawdown": -0.24869618299767726,
    "turnover": 0.6677152698048224
  }
}