{
  "exp_name": "fdg_skip32_random_csi300_official_seed99",
  "model": "fdg",
  "market": "csi300_aligned",
  "handler": "Alpha158",
  "device": "cuda",
  "model_config": {
    "name": "fdg",
    "rank": 32,
    "tau": 1.0,
    "d_hidden": 128,
    "dropout": 0.1,
    "b_init": "identity_perturbed",
    "bottleneck_dim": 64,
    "skip_hidden_dim": 32,
    "graph_mode": "random",
    "random_graph_seed": 99
  },
  "best_epoch": 12,
  "valid_best_ICIR": 0.5757679369055302,
  "test_metrics": {
    "IC_mean": 0.052684576484695614,
    "IC_std": 0.11604703530430295,
    "ICIR": 0.45399329975594904,
    "RankIC_mean": 0.04842069275854727,
    "RankICIR": 0.416322692179304,
    "annual_return": 0.48494290635961756,
    "annual_vol": 0.25981491875084933,
    "sharpe": 1.653430901633983,
    "max_drawdown": -0.2581419505457262,
    "turnover": 0.5993800229621128
  }
}