{
  "exp_name": "fdg_skip32_symshare_csi300_official_seed32",
  "model": "fdg",
  "market": "csi300_aligned",
  "handler": "Alpha158",
  "device": "cuda",
  "model_config": {
    "name": "fdg",
    "rank": 32,
    "tau": 1.0,
    "d_hidden": 128,
    "dropout": 0.1,
    "b_init": "identity_perturbed",
    "bottleneck_dim": 64,
    "skip_hidden_dim": 32,
    "core_mode": "symmetric",
    "share_sr_weights": true,
    "symmetrize_adjacency": true
  },
  "best_epoch": 19,
  "valid_best_ICIR": 0.5119631080043909,
  "test_metrics": {
    "IC_mean": 0.051392010496497186,
    "IC_std": 0.1256631335434883,
    "ICIR": 0.4089664887969066,
    "RankIC_mean": 0.04778365516458465,
    "RankICIR": 0.41603474804085383,
    "annual_return": 0.34539538697779726,
    "annual_vol": 0.2534907657669009,
    "sharpe": 1.298386571944725,
    "max_drawdown": -0.2886209871814188,
    "turnover": 0.65788748564868
  }
}