{
  "exp_name": "fdg_skip32_sharew_freeb_csi300_recent_seed23",
  "model": "fdg",
  "market": "csi300_aligned",
  "handler": "Alpha158",
  "device": "cuda",
  "model_config": {
    "name": "fdg",
    "rank": 32,
    "tau": 1.0,
    "d_hidden": 128,
    "dropout": 0.1,
    "b_init": "identity_perturbed",
    "bottleneck_dim": 64,
    "skip_hidden_dim": 32,
    "core_mode": "asymmetric",
    "share_sr_weights": true,
    "symmetrize_adjacency": false
  },
  "best_epoch": 3,
  "valid_best_ICIR": 0.3511987121922673,
  "test_metrics": {
    "IC_mean": 0.037089677614087165,
    "IC_std": 0.12031918955333601,
    "ICIR": 0.30826070015744056,
    "RankIC_mean": 0.014132367294123559,
    "RankICIR": 0.11588932811993782,
    "annual_return": 0.2896289092688975,
    "annual_vol": 0.2381021877107283,
    "sharpe": 1.187535059282057,
    "max_drawdown": -0.3012047199967135,
    "turnover": 0.6387986651835376
  }
}