{
  "exp_name": "fdg_skip32_random_csi300_recent_seed93",
  "model": "fdg",
  "market": "csi300_aligned",
  "handler": "Alpha158",
  "device": "cuda",
  "model_config": {
    "name": "fdg",
    "rank": 32,
    "tau": 1.0,
    "d_hidden": 128,
    "dropout": 0.1,
    "b_init": "identity_perturbed",
    "bottleneck_dim": 64,
    "skip_hidden_dim": 32,
    "graph_mode": "random",
    "random_graph_seed": 93
  },
  "best_epoch": 13,
  "valid_best_ICIR": 0.360526731790008,
  "test_metrics": {
    "IC_mean": 0.032017425155056164,
    "IC_std": 0.11516403966379425,
    "ICIR": 0.27801582202679487,
    "RankIC_mean": 0.01244413193930214,
    "RankICIR": 0.10664639119385008,
    "annual_return": 0.20272120928837345,
    "annual_vol": 0.2388980768360493,
    "sharpe": 0.8921882601955768,
    "max_drawdown": -0.31366135217903424,
    "turnover": 0.6665850945495
  }
}