{
  "exp_name": "fdg_skip32_random_csi300_official_seed41",
  "model": "fdg",
  "market": "csi300_aligned",
  "handler": "Alpha158",
  "device": "cuda",
  "model_config": {
    "name": "fdg",
    "rank": 32,
    "tau": 1.0,
    "d_hidden": 128,
    "dropout": 0.1,
    "b_init": "identity_perturbed",
    "bottleneck_dim": 64,
    "skip_hidden_dim": 32,
    "graph_mode": "random",
    "random_graph_seed": 41
  },
  "best_epoch": 10,
  "valid_best_ICIR": 0.5957402898850271,
  "test_metrics": {
    "IC_mean": 0.051715767078575246,
    "IC_std": 0.11199245576561662,
    "ICIR": 0.46177902542657495,
    "RankIC_mean": 0.04572002655482908,
    "RankICIR": 0.4183719946049854,
    "annual_return": 0.5500447020946186,
    "annual_vol": 0.24926735157537633,
    "sharpe": 1.884821538583019,
    "max_drawdown": -0.19555250986125772,
    "turnover": 0.6369460390355917
  }
}