{
  "exp_name": "fdg_skip32_symshare_csi300_official_seed777",
  "model": "fdg",
  "market": "csi300_aligned",
  "handler": "Alpha158",
  "device": "cuda",
  "model_config": {
    "name": "fdg",
    "rank": 32,
    "tau": 1.0,
    "d_hidden": 128,
    "dropout": 0.1,
    "b_init": "identity_perturbed",
    "bottleneck_dim": 64,
    "skip_hidden_dim": 32,
    "core_mode": "symmetric",
    "share_sr_weights": true,
    "symmetrize_adjacency": true
  },
  "best_epoch": 17,
  "valid_best_ICIR": 0.4999820622504813,
  "test_metrics": {
    "IC_mean": 0.05040802172402143,
    "IC_std": 0.11043638813057037,
    "ICIR": 0.4564439545453386,
    "RankIC_mean": 0.04554626686770213,
    "RankICIR": 0.43193944499344417,
    "annual_return": 0.4624582650321014,
    "annual_vol": 0.2523243272124369,
    "sharpe": 1.6341819417872088,
    "max_drawdown": -0.2360321131300096,
    "turnover": 0.650769230769231
  }
}