{
  "exp_name": "fdg_skip32_symshare_csi300_official_seed29",
  "model": "fdg",
  "market": "csi300_aligned",
  "handler": "Alpha158",
  "device": "cuda",
  "model_config": {
    "name": "fdg",
    "rank": 32,
    "tau": 1.0,
    "d_hidden": 128,
    "dropout": 0.1,
    "b_init": "identity_perturbed",
    "bottleneck_dim": 64,
    "skip_hidden_dim": 32,
    "core_mode": "symmetric",
    "share_sr_weights": true,
    "symmetrize_adjacency": true
  },
  "best_epoch": 16,
  "valid_best_ICIR": 0.5568681152140823,
  "test_metrics": {
    "IC_mean": 0.055383501916817415,
    "IC_std": 0.11761426383374873,
    "ICIR": 0.4708910306585232,
    "RankIC_mean": 0.04542286955672287,
    "RankICIR": 0.43727937653250576,
    "annual_return": 0.458771311536043,
    "annual_vol": 0.24666247401055855,
    "sharpe": 1.6557648397287585,
    "max_drawdown": -0.26667318348722024,
    "turnover": 0.6175430539609648
  }
}