{
  "exp_name": "fdg_skip32_symshare_csi300_recent_seed90",
  "model": "fdg",
  "market": "csi300_aligned",
  "handler": "Alpha158",
  "device": "cuda",
  "model_config": {
    "name": "fdg",
    "rank": 32,
    "tau": 1.0,
    "d_hidden": 128,
    "dropout": 0.1,
    "b_init": "identity_perturbed",
    "bottleneck_dim": 64,
    "skip_hidden_dim": 32,
    "core_mode": "symmetric",
    "share_sr_weights": true,
    "symmetrize_adjacency": true
  },
  "best_epoch": 3,
  "valid_best_ICIR": 0.3726147436708676,
  "test_metrics": {
    "IC_mean": 0.040728366437312466,
    "IC_std": 0.11140855296574388,
    "ICIR": 0.3655766577440038,
    "RankIC_mean": 0.015987720239416185,
    "RankICIR": 0.13080878112820454,
    "annual_return": 0.3454335807750659,
    "annual_vol": 0.24361033743989913,
    "sharpe": 1.340150067854093,
    "max_drawdown": -0.286923602767601,
    "turnover": 0.6415350389321473
  }
}