{
  "exp_name": "fdg_skip32_symshare_csi300_recent_seed19",
  "model": "fdg",
  "market": "csi300_aligned",
  "handler": "Alpha158",
  "device": "cuda",
  "model_config": {
    "name": "fdg",
    "rank": 32,
    "tau": 1.0,
    "d_hidden": 128,
    "dropout": 0.1,
    "b_init": "identity_perturbed",
    "bottleneck_dim": 64,
    "skip_hidden_dim": 32,
    "core_mode": "symmetric",
    "share_sr_weights": true,
    "symmetrize_adjacency": true
  },
  "best_epoch": 26,
  "valid_best_ICIR": 0.3504699321201076,
  "test_metrics": {
    "IC_mean": 0.03784360546921924,
    "IC_std": 0.1316751718513606,
    "ICIR": 0.28740122330683865,
    "RankIC_mean": 0.022446987559630854,
    "RankICIR": 0.17620255147836522,
    "annual_return": 0.20547777880673057,
    "annual_vol": 0.24603547939258413,
    "sharpe": 0.882813037997882,
    "max_drawdown": -0.3594672347445268,
    "turnover": 0.6378197997775309
  }
}