{
  "exp_name": "fdg_skip32_random_csi300_official_seed75",
  "model": "fdg",
  "market": "csi300_aligned",
  "handler": "Alpha158",
  "device": "cuda",
  "model_config": {
    "name": "fdg",
    "rank": 32,
    "tau": 1.0,
    "d_hidden": 128,
    "dropout": 0.1,
    "b_init": "identity_perturbed",
    "bottleneck_dim": 64,
    "skip_hidden_dim": 32,
    "graph_mode": "random",
    "random_graph_seed": 75
  },
  "best_epoch": 13,
  "valid_best_ICIR": 0.5941304127140962,
  "test_metrics": {
    "IC_mean": 0.059460375877458345,
    "IC_std": 0.11029277626856,
    "ICIR": 0.5391139645689388,
    "RankIC_mean": 0.04664340356753812,
    "RankICIR": 0.4531587168949847,
    "annual_return": 0.5692539164495667,
    "annual_vol": 0.2551978138452178,
    "sharpe": 1.8953372660318848,
    "max_drawdown": -0.2095931018920395,
    "turnover": 0.6163490241102185
  }
}