{
  "exp_name": "fdg_skip32_symshare_csi300_recent_seed11",
  "model": "fdg",
  "market": "csi300_aligned",
  "handler": "Alpha158",
  "device": "cuda",
  "model_config": {
    "name": "fdg",
    "rank": 32,
    "tau": 1.0,
    "d_hidden": 128,
    "dropout": 0.1,
    "b_init": "identity_perturbed",
    "bottleneck_dim": 64,
    "skip_hidden_dim": 32,
    "core_mode": "symmetric",
    "share_sr_weights": true,
    "symmetrize_adjacency": true
  },
  "best_epoch": 5,
  "valid_best_ICIR": 0.33207587896684204,
  "test_metrics": {
    "IC_mean": 0.039921490122359536,
    "IC_std": 0.12470046000157914,
    "ICIR": 0.32013907664698266,
    "RankIC_mean": 0.017803135418271804,
    "RankICIR": 0.14078929882733043,
    "annual_return": 0.219173978426781,
    "annual_vol": 0.24686357118604704,
    "sharpe": 0.9263209815985011,
    "max_drawdown": -0.3262037243882687,
    "turnover": 0.6192213570634041
  }
}