{
  "exp_name": "fdg_skip32_symshare_csi300_recent_seed78",
  "model": "fdg",
  "market": "csi300_aligned",
  "handler": "Alpha158",
  "device": "cuda",
  "model_config": {
    "name": "fdg",
    "rank": 32,
    "tau": 1.0,
    "d_hidden": 128,
    "dropout": 0.1,
    "b_init": "identity_perturbed",
    "bottleneck_dim": 64,
    "skip_hidden_dim": 32,
    "core_mode": "symmetric",
    "share_sr_weights": true,
    "symmetrize_adjacency": true
  },
  "best_epoch": 37,
  "valid_best_ICIR": 0.3952446962565346,
  "test_metrics": {
    "IC_mean": 0.039693745332201935,
    "IC_std": 0.12240373224549761,
    "ICIR": 0.32428541682528633,
    "RankIC_mean": 0.013116846305306589,
    "RankICIR": 0.10519660301200306,
    "annual_return": 0.18855995393524716,
    "annual_vol": 0.22595547356709672,
    "sharpe": 0.8773864764852501,
    "max_drawdown": -0.2908221050357991,
    "turnover": 0.5755728587319247
  }
}