{
  "exp_name": "fdg_skip32_random_csi300_official_seed95",
  "model": "fdg",
  "market": "csi300_aligned",
  "handler": "Alpha158",
  "device": "cuda",
  "model_config": {
    "name": "fdg",
    "rank": 32,
    "tau": 1.0,
    "d_hidden": 128,
    "dropout": 0.1,
    "b_init": "identity_perturbed",
    "bottleneck_dim": 64,
    "skip_hidden_dim": 32,
    "graph_mode": "random",
    "random_graph_seed": 95
  },
  "best_epoch": 23,
  "valid_best_ICIR": 0.5773401295266157,
  "test_metrics": {
    "IC_mean": 0.0612584048594004,
    "IC_std": 0.11778072115211209,
    "ICIR": 0.5201055339123459,
    "RankIC_mean": 0.04663276141390036,
    "RankICIR": 0.41684544702985266,
    "annual_return": 0.43402168389597184,
    "annual_vol": 0.2565213630930914,
    "sharpe": 1.5350858316378972,
    "max_drawdown": -0.263306975896037,
    "turnover": 0.6491389207807122
  }
}