{
  "exp_name": "fdg_skip32_random_csi300_official_seed100",
  "model": "fdg",
  "market": "csi300_aligned",
  "handler": "Alpha158",
  "device": "cuda",
  "model_config": {
    "name": "fdg",
    "rank": 32,
    "tau": 1.0,
    "d_hidden": 128,
    "dropout": 0.1,
    "b_init": "identity_perturbed",
    "bottleneck_dim": 64,
    "skip_hidden_dim": 32,
    "graph_mode": "random",
    "random_graph_seed": 100
  },
  "best_epoch": 19,
  "valid_best_ICIR": 0.5994272625257737,
  "test_metrics": {
    "IC_mean": 0.06687506686339165,
    "IC_std": 0.11169952270640349,
    "ICIR": 0.5987050368976898,
    "RankIC_mean": 0.044642442592484115,
    "RankICIR": 0.44147525279375854,
    "annual_return": 0.47745911606823976,
    "annual_vol": 0.24565931540460684,
    "sharpe": 1.7133826130214533,
    "max_drawdown": -0.24715152588639455,
    "turnover": 0.615338691159587
  }
}