{
  "exp_name": "fdg_skip32_random_csi300_official_seed96",
  "model": "fdg",
  "market": "csi300_aligned",
  "handler": "Alpha158",
  "device": "cuda",
  "model_config": {
    "name": "fdg",
    "rank": 32,
    "tau": 1.0,
    "d_hidden": 128,
    "dropout": 0.1,
    "b_init": "identity_perturbed",
    "bottleneck_dim": 64,
    "skip_hidden_dim": 32,
    "graph_mode": "random",
    "random_graph_seed": 96
  },
  "best_epoch": 16,
  "valid_best_ICIR": 0.597717214459615,
  "test_metrics": {
    "IC_mean": 0.06404209386590531,
    "IC_std": 0.11595739669033715,
    "ICIR": 0.5522898555314153,
    "RankIC_mean": 0.051445450164371055,
    "RankICIR": 0.47561340785241435,
    "annual_return": 0.551520686412821,
    "annual_vol": 0.24980662335565523,
    "sharpe": 1.8851356794299172,
    "max_drawdown": -0.2465069837527556,
    "turnover": 0.6061308840413321
  }
}