{
  "exp_name": "fdg_skip32_symshare_csi300_official_seed77",
  "model": "fdg",
  "market": "csi300_aligned",
  "handler": "Alpha158",
  "device": "cuda",
  "model_config": {
    "name": "fdg",
    "rank": 32,
    "tau": 1.0,
    "d_hidden": 128,
    "dropout": 0.1,
    "b_init": "identity_perturbed",
    "bottleneck_dim": 64,
    "skip_hidden_dim": 32,
    "core_mode": "symmetric",
    "share_sr_weights": true,
    "symmetrize_adjacency": true
  },
  "best_epoch": 5,
  "valid_best_ICIR": 0.48731303236024615,
  "test_metrics": {
    "IC_mean": 0.04436426874296883,
    "IC_std": 0.12461945105532667,
    "ICIR": 0.3559979470883133,
    "RankIC_mean": 0.04619362410261684,
    "RankICIR": 0.3725084012328203,
    "annual_return": 0.4864969295736563,
    "annual_vol": 0.25581105711776364,
    "sharpe": 1.6792155665633024,
    "max_drawdown": -0.23586911215293338,
    "turnover": 0.6344202066590131
  }
}