{
  "exp_name": "fdg_skip32_symshare_csi300_recent_seed74",
  "model": "fdg",
  "market": "csi300_aligned",
  "handler": "Alpha158",
  "device": "cuda",
  "model_config": {
    "name": "fdg",
    "rank": 32,
    "tau": 1.0,
    "d_hidden": 128,
    "dropout": 0.1,
    "b_init": "identity_perturbed",
    "bottleneck_dim": 64,
    "skip_hidden_dim": 32,
    "core_mode": "symmetric",
    "share_sr_weights": true,
    "symmetrize_adjacency": true
  },
  "best_epoch": 7,
  "valid_best_ICIR": 0.32126187392044814,
  "test_metrics": {
    "IC_mean": 0.03831157901214504,
    "IC_std": 0.14138163642799717,
    "ICIR": 0.2709798809809105,
    "RankIC_mean": 0.022180949381878735,
    "RankICIR": 0.14842624343884803,
    "annual_return": 0.2675953225161056,
    "annual_vol": 0.24553149852150513,
    "sharpe": 1.0887530007869566,
    "max_drawdown": -0.31861685743192536,
    "turnover": 0.6458064516129036
  }
}