{
  "exp_name": "fdg_skip32_symshare_csi300_official_seed149",
  "model": "fdg",
  "market": "csi300_aligned",
  "handler": "Alpha158",
  "device": "cuda",
  "model_config": {
    "name": "fdg",
    "rank": 32,
    "tau": 1.0,
    "d_hidden": 128,
    "dropout": 0.1,
    "b_init": "identity_perturbed",
    "bottleneck_dim": 64,
    "skip_hidden_dim": 32,
    "core_mode": "symmetric",
    "share_sr_weights": true,
    "symmetrize_adjacency": true
  },
  "best_epoch": 11,
  "valid_best_ICIR": 0.5166127379390032,
  "test_metrics": {
    "IC_mean": 0.06127356574624846,
    "IC_std": 0.12069024369406363,
    "ICIR": 0.507692783366733,
    "RankIC_mean": 0.05023311388690951,
    "RankICIR": 0.4374352719932849,
    "annual_return": 0.5187956123141442,
    "annual_vol": 0.24995377028539256,
    "sharpe": 1.7988412210946243,
    "max_drawdown": -0.21926820738989983,
    "turnover": 0.6289552238805974
  }
}