{
  "exp_name": "fdg_skip32_random_csi300_recent_seed95",
  "model": "fdg",
  "market": "csi300_aligned",
  "handler": "Alpha158",
  "device": "cuda",
  "model_config": {
    "name": "fdg",
    "rank": 32,
    "tau": 1.0,
    "d_hidden": 128,
    "dropout": 0.1,
    "b_init": "identity_perturbed",
    "bottleneck_dim": 64,
    "skip_hidden_dim": 32,
    "graph_mode": "random",
    "random_graph_seed": 95
  },
  "best_epoch": 7,
  "valid_best_ICIR": 0.35941441312447486,
  "test_metrics": {
    "IC_mean": 0.04052197330274866,
    "IC_std": 0.1102454745090969,
    "ICIR": 0.3675613305959783,
    "RankIC_mean": 0.015085772153393863,
    "RankICIR": 0.14681401972461092,
    "annual_return": 0.2537082842598464,
    "annual_vol": 0.2298660777536406,
    "sharpe": 1.0986614095464236,
    "max_drawdown": -0.3047642497884213,
    "turnover": 0.6165294771968858
  }
}