{
  "exp_name": "fdg_skip32_symshare_csi300_recent_seed86",
  "model": "fdg",
  "market": "csi300_aligned",
  "handler": "Alpha158",
  "device": "cuda",
  "model_config": {
    "name": "fdg",
    "rank": 32,
    "tau": 1.0,
    "d_hidden": 128,
    "dropout": 0.1,
    "b_init": "identity_perturbed",
    "bottleneck_dim": 64,
    "skip_hidden_dim": 32,
    "core_mode": "symmetric",
    "share_sr_weights": true,
    "symmetrize_adjacency": true
  },
  "best_epoch": 18,
  "valid_best_ICIR": 0.3396312083147419,
  "test_metrics": {
    "IC_mean": 0.03327897907304336,
    "IC_std": 0.11862643550434838,
    "ICIR": 0.28053594404616067,
    "RankIC_mean": 0.012890327613482695,
    "RankICIR": 0.11130557127353838,
    "annual_return": 0.2328398943512653,
    "annual_vol": 0.23892716452499202,
    "sharpe": 0.9958567002971392,
    "max_drawdown": -0.34247894067579443,
    "turnover": 0.6434705228031149
  }
}