{
  "exp_name": "fdg_skip32_random_csi300_official_seed188",
  "model": "fdg",
  "market": "csi300_aligned",
  "handler": "Alpha158",
  "device": "cuda",
  "model_config": {
    "name": "fdg",
    "rank": 32,
    "tau": 1.0,
    "d_hidden": 128,
    "dropout": 0.1,
    "b_init": "identity_perturbed",
    "bottleneck_dim": 64,
    "skip_hidden_dim": 32,
    "graph_mode": "random",
    "random_graph_seed": 188
  },
  "best_epoch": 20,
  "valid_best_ICIR": 0.6317206584139867,
  "test_metrics": {
    "IC_mean": 0.05907014497766408,
    "IC_std": 0.11985296399278601,
    "ICIR": 0.4928551035351911,
    "RankIC_mean": 0.04337157515390025,
    "RankICIR": 0.3676048594609007,
    "annual_return": 0.4662040456858032,
    "annual_vol": 0.2598210899850414,
    "sharpe": 1.6044635208404874,
    "max_drawdown": -0.23666823278961657,
    "turnover": 0.5971067738231919
  }
}