{
  "exp_name": "fdg_skip32_random_csi300_official_seed168",
  "model": "fdg",
  "market": "csi300_aligned",
  "handler": "Alpha158",
  "device": "cuda",
  "model_config": {
    "name": "fdg",
    "rank": 32,
    "tau": 1.0,
    "d_hidden": 128,
    "dropout": 0.1,
    "b_init": "identity_perturbed",
    "bottleneck_dim": 64,
    "skip_hidden_dim": 32,
    "graph_mode": "random",
    "random_graph_seed": 168
  },
  "best_epoch": 24,
  "valid_best_ICIR": 0.6003111227901814,
  "test_metrics": {
    "IC_mean": 0.05987002226151496,
    "IC_std": 0.12216137605620084,
    "ICIR": 0.4900896191114572,
    "RankIC_mean": 0.04727402393429229,
    "RankICIR": 0.42352713086473553,
    "annual_return": 0.47967372636699923,
    "annual_vol": 0.25181278495155607,
    "sharpe": 1.6835620121702388,
    "max_drawdown": -0.2229604002777712,
    "turnover": 0.6538691159586686
  }
}