{
  "exp_name": "fdg_skip32_symshare_csi300_official_seed21",
  "model": "fdg",
  "market": "csi300_aligned",
  "handler": "Alpha158",
  "device": "cuda",
  "model_config": {
    "name": "fdg",
    "rank": 32,
    "tau": 1.0,
    "d_hidden": 128,
    "dropout": 0.1,
    "b_init": "identity_perturbed",
    "bottleneck_dim": 64,
    "skip_hidden_dim": 32,
    "core_mode": "symmetric",
    "share_sr_weights": true,
    "symmetrize_adjacency": true
  },
  "best_epoch": 10,
  "valid_best_ICIR": 0.4884726844897932,
  "test_metrics": {
    "IC_mean": 0.052949988677220325,
    "IC_std": 0.1264877634533305,
    "ICIR": 0.4186174791268011,
    "RankIC_mean": 0.05012312168627822,
    "RankICIR": 0.4163747531838391,
    "annual_return": 0.5234504971109899,
    "annual_vol": 0.25438902315253403,
    "sharpe": 1.783886782914457,
    "max_drawdown": -0.23657714718466416,
    "turnover": 0.612261768082664
  }
}