{
  "exp_name": "fdg_skip32_symshare_csi300_official_seed63",
  "model": "fdg",
  "market": "csi300_aligned",
  "handler": "Alpha158",
  "device": "cuda",
  "model_config": {
    "name": "fdg",
    "rank": 32,
    "tau": 1.0,
    "d_hidden": 128,
    "dropout": 0.1,
    "b_init": "identity_perturbed",
    "bottleneck_dim": 64,
    "skip_hidden_dim": 32,
    "core_mode": "symmetric",
    "share_sr_weights": true,
    "symmetrize_adjacency": true
  },
  "best_epoch": 9,
  "valid_best_ICIR": 0.5055210074994453,
  "test_metrics": {
    "IC_mean": 0.05022223868342323,
    "IC_std": 0.12391593424280664,
    "ICIR": 0.4052928220273548,
    "RankIC_mean": 0.04947004015961599,
    "RankICIR": 0.4015952940630818,
    "annual_return": 0.5723036018470795,
    "annual_vol": 0.25745912237260016,
    "sharpe": 1.8884914122079945,
    "max_drawdown": -0.21991811052869414,
    "turnover": 0.6187600459242254
  }
}