{
  "exp_name": "fdg_skip32_random_csi300_official_seed31",
  "model": "fdg",
  "market": "csi300_aligned",
  "handler": "Alpha158",
  "device": "cuda",
  "model_config": {
    "name": "fdg",
    "rank": 32,
    "tau": 1.0,
    "d_hidden": 128,
    "dropout": 0.1,
    "b_init": "identity_perturbed",
    "bottleneck_dim": 64,
    "skip_hidden_dim": 32,
    "graph_mode": "random",
    "random_graph_seed": 31
  },
  "best_epoch": 15,
  "valid_best_ICIR": 0.5710353574611878,
  "test_metrics": {
    "IC_mean": 0.057849917371570185,
    "IC_std": 0.11982800915308366,
    "ICIR": 0.48277458484406,
    "RankIC_mean": 0.04582744899886442,
    "RankICIR": 0.39250818187947495,
    "annual_return": 0.5216680104381477,
    "annual_vol": 0.2547165005769734,
    "sharpe": 1.777420135087321,
    "max_drawdown": -0.20598186327215529,
    "turnover": 0.6348794489092999
  }
}