{
  "exp_name": "fdg_skip32_symshare_csi300_official_seed89",
  "model": "fdg",
  "market": "csi300_aligned",
  "handler": "Alpha158",
  "device": "cuda",
  "model_config": {
    "name": "fdg",
    "rank": 32,
    "tau": 1.0,
    "d_hidden": 128,
    "dropout": 0.1,
    "b_init": "identity_perturbed",
    "bottleneck_dim": 64,
    "skip_hidden_dim": 32,
    "core_mode": "symmetric",
    "share_sr_weights": true,
    "symmetrize_adjacency": true
  },
  "best_epoch": 46,
  "valid_best_ICIR": 0.5727550862111768,
  "test_metrics": {
    "IC_mean": 0.055580551694841614,
    "IC_std": 0.11905797729887609,
    "ICIR": 0.4668360151568466,
    "RankIC_mean": 0.041404403807514846,
    "RankICIR": 0.3629001692570181,
    "annual_return": 0.4547391268305254,
    "annual_vol": 0.25917078304132846,
    "sharpe": 1.5775186515255288,
    "max_drawdown": -0.25794880605095405,
    "turnover": 0.5836509758897822
  }
}