{
  "exp_name": "fdg_skip32_csi300_official_seed86",
  "model": "fdg",
  "market": "csi300_aligned",
  "handler": "Alpha158",
  "device": "cuda",
  "best_epoch": 8,
  "valid_best_ICIR": 0.6108946145653387,
  "test_metrics": {
    "IC_mean": 0.04559253593799557,
    "IC_std": 0.11155227036226634,
    "ICIR": 0.4087100673965099,
    "RankIC_mean": 0.045498911986215404,
    "RankICIR": 0.42260329140030056,
    "annual_return": 0.3684542575086174,
    "annual_vol": 0.25107665122894235,
    "sharpe": 1.376272997225932,
    "max_drawdown": -0.28281658174994784,
    "turnover": 0.69435132032147
  }
}