{
  "exp_name": "fdg_skip32_random_csi300_recent_seed50",
  "model": "fdg",
  "market": "csi300_aligned",
  "handler": "Alpha158",
  "device": "cuda",
  "model_config": {
    "name": "fdg",
    "rank": 32,
    "tau": 1.0,
    "d_hidden": 128,
    "dropout": 0.1,
    "b_init": "identity_perturbed",
    "bottleneck_dim": 64,
    "skip_hidden_dim": 32,
    "graph_mode": "random",
    "random_graph_seed": 50
  },
  "best_epoch": 18,
  "valid_best_ICIR": 0.3578046329962032,
  "test_metrics": {
    "IC_mean": 0.03980190503355551,
    "IC_std": 0.11760845563853342,
    "ICIR": 0.3384272399247011,
    "RankIC_mean": 0.011904562627661586,
    "RankICIR": 0.11204444468494969,
    "annual_return": 0.22615244833237136,
    "annual_vol": 0.24681816390130662,
    "sharpe": 0.9492637537044271,
    "max_drawdown": -0.3514940156125609,
    "turnover": 0.6663626251390439
  }
}