{
  "exp_name": "fdg_skip32_random_csi300_recent_seed89",
  "model": "fdg",
  "market": "csi300_aligned",
  "handler": "Alpha158",
  "device": "cuda",
  "model_config": {
    "name": "fdg",
    "rank": 32,
    "tau": 1.0,
    "d_hidden": 128,
    "dropout": 0.1,
    "b_init": "identity_perturbed",
    "bottleneck_dim": 64,
    "skip_hidden_dim": 32,
    "graph_mode": "random",
    "random_graph_seed": 89
  },
  "best_epoch": 9,
  "valid_best_ICIR": 0.3788088857222181,
  "test_metrics": {
    "IC_mean": 0.0376119751067497,
    "IC_std": 0.11790788328496885,
    "ICIR": 0.31899457490765215,
    "RankIC_mean": 0.016086416511128167,
    "RankICIR": 0.14162589857279462,
    "annual_return": 0.2271092559717114,
    "annual_vol": 0.24119441460501093,
    "sharpe": 0.9690065057426025,
    "max_drawdown": -0.3617782251445745,
    "turnover": 0.6601557285873195
  }
}