{
  "exp_name": "fdg_skip32_symshare_csi300_recent_seed37",
  "model": "fdg",
  "market": "csi300_aligned",
  "handler": "Alpha158",
  "device": "cuda",
  "model_config": {
    "name": "fdg",
    "rank": 32,
    "tau": 1.0,
    "d_hidden": 128,
    "dropout": 0.1,
    "b_init": "identity_perturbed",
    "bottleneck_dim": 64,
    "skip_hidden_dim": 32,
    "core_mode": "symmetric",
    "share_sr_weights": true,
    "symmetrize_adjacency": true
  },
  "best_epoch": 7,
  "valid_best_ICIR": 0.3685127637121153,
  "test_metrics": {
    "IC_mean": 0.03999581994741165,
    "IC_std": 0.11359898531452,
    "ICIR": 0.3520790246204731,
    "RankIC_mean": 0.026224069115237003,
    "RankICIR": 0.2401666550276396,
    "annual_return": 0.2640560339719702,
    "annual_vol": 0.23599090748603047,
    "sharpe": 1.1113077030012657,
    "max_drawdown": -0.3225352412280067,
    "turnover": 0.6157063403781984
  }
}