{
  "exp_name": "fdg_skip32_random_csi300_recent_seed94",
  "model": "fdg",
  "market": "csi300_aligned",
  "handler": "Alpha158",
  "device": "cuda",
  "model_config": {
    "name": "fdg",
    "rank": 32,
    "tau": 1.0,
    "d_hidden": 128,
    "dropout": 0.1,
    "b_init": "identity_perturbed",
    "bottleneck_dim": 64,
    "skip_hidden_dim": 32,
    "graph_mode": "random",
    "random_graph_seed": 94
  },
  "best_epoch": 11,
  "valid_best_ICIR": 0.3859969506932563,
  "test_metrics": {
    "IC_mean": 0.04153279706157331,
    "IC_std": 0.11584831963218266,
    "ICIR": 0.3585101380273754,
    "RankIC_mean": 0.016757489916591675,
    "RankICIR": 0.15364380474720418,
    "annual_return": 0.20704441123171402,
    "annual_vol": 0.24265077495687185,
    "sharpe": 0.89670597598091,
    "max_drawdown": -0.3455778274554159,
    "turnover": 0.6397997775305899
  }
}