{
  "exp_name": "fdg_skip32_random_csi300_official_seed88",
  "model": "fdg",
  "market": "csi300_aligned",
  "handler": "Alpha158",
  "device": "cuda",
  "model_config": {
    "name": "fdg",
    "rank": 32,
    "tau": 1.0,
    "d_hidden": 128,
    "dropout": 0.1,
    "b_init": "identity_perturbed",
    "bottleneck_dim": 64,
    "skip_hidden_dim": 32,
    "graph_mode": "random",
    "random_graph_seed": 88
  },
  "best_epoch": 23,
  "valid_best_ICIR": 0.5869581426268328,
  "test_metrics": {
    "IC_mean": 0.05844168767922036,
    "IC_std": 0.12007863114546503,
    "ICIR": 0.4866951523491572,
    "RankIC_mean": 0.050454328792014495,
    "RankICIR": 0.43052139419470775,
    "annual_return": 0.538984244299324,
    "annual_vol": 0.2547280226606716,
    "sharpe": 1.8217897033523665,
    "max_drawdown": -0.2054821049200023,
    "turnover": 0.6665442020665906
  }
}