{
  "exp_name": "fdg_skip32_symshare_csi300_official_seed79",
  "model": "fdg",
  "market": "csi300_aligned",
  "handler": "Alpha158",
  "device": "cuda",
  "model_config": {
    "name": "fdg",
    "rank": 32,
    "tau": 1.0,
    "d_hidden": 128,
    "dropout": 0.1,
    "b_init": "identity_perturbed",
    "bottleneck_dim": 64,
    "skip_hidden_dim": 32,
    "core_mode": "symmetric",
    "share_sr_weights": true,
    "symmetrize_adjacency": true
  },
  "best_epoch": 23,
  "valid_best_ICIR": 0.5500211150425245,
  "test_metrics": {
    "IC_mean": 0.05533492053486027,
    "IC_std": 0.12254010928195107,
    "ICIR": 0.4515657841265737,
    "RankIC_mean": 0.04487672656836335,
    "RankICIR": 0.36817080894979975,
    "annual_return": 0.43190535944935937,
    "annual_vol": 0.2582178167859671,
    "sharpe": 1.5209180863236733,
    "max_drawdown": -0.256986137410377,
    "turnover": 0.5951779563719866
  }
}