{
  "exp_name": "fdg_skip32_random_csi300_recent_seed66",
  "model": "fdg",
  "market": "csi300_aligned",
  "handler": "Alpha158",
  "device": "cuda",
  "model_config": {
    "name": "fdg",
    "rank": 32,
    "tau": 1.0,
    "d_hidden": 128,
    "dropout": 0.1,
    "b_init": "identity_perturbed",
    "bottleneck_dim": 64,
    "skip_hidden_dim": 32,
    "graph_mode": "random",
    "random_graph_seed": 66
  },
  "best_epoch": 13,
  "valid_best_ICIR": 0.3333036735865198,
  "test_metrics": {
    "IC_mean": 0.036782558469091536,
    "IC_std": 0.12204567886810308,
    "ICIR": 0.3013835377886922,
    "RankIC_mean": 0.02117703095089969,
    "RankICIR": 0.18119147649140235,
    "annual_return": 0.2280337054736976,
    "annual_vol": 0.22618653253485807,
    "sharpe": 1.021216872762749,
    "max_drawdown": -0.28140497780730245,
    "turnover": 0.658487208008899
  }
}