{
  "exp_name": "fdg_skip32_random_csi300_official_seed47",
  "model": "fdg",
  "market": "csi300_aligned",
  "handler": "Alpha158",
  "device": "cuda",
  "model_config": {
    "name": "fdg",
    "rank": 32,
    "tau": 1.0,
    "d_hidden": 128,
    "dropout": 0.1,
    "b_init": "identity_perturbed",
    "bottleneck_dim": 64,
    "skip_hidden_dim": 32,
    "graph_mode": "random",
    "random_graph_seed": 47
  },
  "best_epoch": 9,
  "valid_best_ICIR": 0.596299237283846,
  "test_metrics": {
    "IC_mean": 0.05158151662677864,
    "IC_std": 0.10560839061477963,
    "ICIR": 0.4884225233099986,
    "RankIC_mean": 0.04456377580141048,
    "RankICIR": 0.42348678297754055,
    "annual_return": 0.549579528602371,
    "annual_vol": 0.24700818815254852,
    "sharpe": 1.8986564421815184,
    "max_drawdown": -0.23640832713895532,
    "turnover": 0.6414006888633758
  }
}