{
  "exp_name": "fdg_skip32_symshare_csi300_recent_seed200",
  "model": "fdg",
  "market": "csi300_aligned",
  "handler": "Alpha158",
  "device": "cuda",
  "model_config": {
    "name": "fdg",
    "rank": 32,
    "tau": 1.0,
    "d_hidden": 128,
    "dropout": 0.1,
    "b_init": "identity_perturbed",
    "bottleneck_dim": 64,
    "skip_hidden_dim": 32,
    "core_mode": "symmetric",
    "share_sr_weights": true,
    "symmetrize_adjacency": true
  },
  "best_epoch": 6,
  "valid_best_ICIR": 0.3426719995895626,
  "test_metrics": {
    "IC_mean": 0.03589332014731365,
    "IC_std": 0.1424275933666258,
    "ICIR": 0.2520109994059923,
    "RankIC_mean": 0.02387123634043143,
    "RankICIR": 0.16713625773436908,
    "annual_return": 0.2920034988048157,
    "annual_vol": 0.24705333404808755,
    "sharpe": 1.1609493304891159,
    "max_drawdown": -0.356511468541027,
    "turnover": 0.6564849833147945
  }
}