{
  "exp_name": "fdg_skip32_symshare_csi300_official_seed16",
  "model": "fdg",
  "market": "csi300_aligned",
  "handler": "Alpha158",
  "device": "cuda",
  "model_config": {
    "name": "fdg",
    "rank": 32,
    "tau": 1.0,
    "d_hidden": 128,
    "dropout": 0.1,
    "b_init": "identity_perturbed",
    "bottleneck_dim": 64,
    "skip_hidden_dim": 32,
    "core_mode": "symmetric",
    "share_sr_weights": true,
    "symmetrize_adjacency": true
  },
  "best_epoch": 17,
  "valid_best_ICIR": 0.5351015398379342,
  "test_metrics": {
    "IC_mean": 0.0580932247744728,
    "IC_std": 0.12080027107924977,
    "ICIR": 0.4809030994339519,
    "RankIC_mean": 0.046050805118764075,
    "RankICIR": 0.42011349075058774,
    "annual_return": 0.4855487188648413,
    "annual_vol": 0.26693542138693727,
    "sharpe": 1.6177925509097897,
    "max_drawdown": -0.24279671260394764,
    "turnover": 0.6290241102181404
  }
}