{
  "exp_name": "fdg_skip32_symshare_csi300_official_seed7",
  "model": "fdg",
  "market": "csi300_aligned",
  "handler": "Alpha158",
  "device": "cuda",
  "model_config": {
    "name": "fdg",
    "rank": 32,
    "tau": 1.0,
    "d_hidden": 128,
    "dropout": 0.1,
    "b_init": "identity_perturbed",
    "bottleneck_dim": 64,
    "skip_hidden_dim": 32,
    "core_mode": "symmetric",
    "share_sr_weights": true,
    "symmetrize_adjacency": true
  },
  "best_epoch": 4,
  "valid_best_ICIR": 0.47835475278634354,
  "test_metrics": {
    "IC_mean": 0.035504342172687976,
    "IC_std": 0.12685876851392563,
    "ICIR": 0.2798729846474157,
    "RankIC_mean": 0.036409280429355595,
    "RankICIR": 0.28018613289543304,
    "annual_return": 0.3640667747605477,
    "annual_vol": 0.2625344651862583,
    "sharpe": 1.315328652415074,
    "max_drawdown": -0.25429265345928875,
    "turnover": 0.5793111366245697
  }
}