{
  "exp_name": "fdg_skip32_symshare_csi300_recent_seed20",
  "model": "fdg",
  "market": "csi300_aligned",
  "handler": "Alpha158",
  "device": "cuda",
  "model_config": {
    "name": "fdg",
    "rank": 32,
    "tau": 1.0,
    "d_hidden": 128,
    "dropout": 0.1,
    "b_init": "identity_perturbed",
    "bottleneck_dim": 64,
    "skip_hidden_dim": 32,
    "core_mode": "symmetric",
    "share_sr_weights": true,
    "symmetrize_adjacency": true
  },
  "best_epoch": 15,
  "valid_best_ICIR": 0.31103604149344355,
  "test_metrics": {
    "IC_mean": 0.034907676554515696,
    "IC_std": 0.1295428273421238,
    "ICIR": 0.2694682312462133,
    "RankIC_mean": 0.016198986302553238,
    "RankICIR": 0.1278426203663985,
    "annual_return": 0.3194359910420359,
    "annual_vol": 0.2438767515982092,
    "sharpe": 1.2587353335407572,
    "max_drawdown": -0.32928790150094533,
    "turnover": 0.6622469410456067
  }
}