{
  "exp_name": "fdg_skip32_symshare_csi300_recent_seed71",
  "model": "fdg",
  "market": "csi300_aligned",
  "handler": "Alpha158",
  "device": "cuda",
  "model_config": {
    "name": "fdg",
    "rank": 32,
    "tau": 1.0,
    "d_hidden": 128,
    "dropout": 0.1,
    "b_init": "identity_perturbed",
    "bottleneck_dim": 64,
    "skip_hidden_dim": 32,
    "core_mode": "symmetric",
    "share_sr_weights": true,
    "symmetrize_adjacency": true
  },
  "best_epoch": 6,
  "valid_best_ICIR": 0.35144754144919477,
  "test_metrics": {
    "IC_mean": 0.036191424267659776,
    "IC_std": 0.12104895170668332,
    "ICIR": 0.2989817239835013,
    "RankIC_mean": 0.010438539068809592,
    "RankICIR": 0.0865335085582527,
    "annual_return": 0.19956563107686587,
    "annual_vol": 0.24721291166699114,
    "sharpe": 0.8598534199874487,
    "max_drawdown": -0.310368412306699,
    "turnover": 0.662002224694105
  }
}