{
  "exp_name": "fdg_skip32_symshare_csi300_recent_seed88",
  "model": "fdg",
  "market": "csi300_aligned",
  "handler": "Alpha158",
  "device": "cuda",
  "model_config": {
    "name": "fdg",
    "rank": 32,
    "tau": 1.0,
    "d_hidden": 128,
    "dropout": 0.1,
    "b_init": "identity_perturbed",
    "bottleneck_dim": 64,
    "skip_hidden_dim": 32,
    "core_mode": "symmetric",
    "share_sr_weights": true,
    "symmetrize_adjacency": true
  },
  "best_epoch": 16,
  "valid_best_ICIR": 0.33497371926267583,
  "test_metrics": {
    "IC_mean": 0.04074728159542882,
    "IC_std": 0.13233495147638005,
    "ICIR": 0.30791020165750876,
    "RankIC_mean": 0.020841751980977014,
    "RankICIR": 0.16249430141772292,
    "annual_return": 0.19968640531289994,
    "annual_vol": 0.24556266071472085,
    "sharpe": 0.8643471410219825,
    "max_drawdown": -0.39139596381731667,
    "turnover": 0.6604894327030036
  }
}