{
  "exp_name": "fdg_skip32_random_csi300_official_seed123",
  "model": "fdg",
  "market": "csi300_aligned",
  "handler": "Alpha158",
  "device": "cuda",
  "model_config": {
    "name": "fdg",
    "rank": 32,
    "tau": 1.0,
    "d_hidden": 128,
    "dropout": 0.1,
    "b_init": "identity_perturbed",
    "bottleneck_dim": 64,
    "skip_hidden_dim": 32,
    "graph_mode": "random",
    "random_graph_seed": 123
  },
  "best_epoch": 20,
  "valid_best_ICIR": 0.5629643431382333,
  "test_metrics": {
    "IC_mean": 0.05217388815598091,
    "IC_std": 0.12349279311557587,
    "ICIR": 0.4224852871142999,
    "RankIC_mean": 0.046945298490275955,
    "RankICIR": 0.4336726201131993,
    "annual_return": 0.44104261640369025,
    "annual_vol": 0.25129763594051463,
    "sharpe": 1.5810788086333187,
    "max_drawdown": -0.21481069382070017,
    "turnover": 0.6622043628013782
  }
}