{
  "exp_name": "fdg_skip32_symshare_csi300_recent_seed41",
  "model": "fdg",
  "market": "csi300_aligned",
  "handler": "Alpha158",
  "device": "cuda",
  "model_config": {
    "name": "fdg",
    "rank": 32,
    "tau": 1.0,
    "d_hidden": 128,
    "dropout": 0.1,
    "b_init": "identity_perturbed",
    "bottleneck_dim": 64,
    "skip_hidden_dim": 32,
    "core_mode": "symmetric",
    "share_sr_weights": true,
    "symmetrize_adjacency": true
  },
  "best_epoch": 10,
  "valid_best_ICIR": 0.32529833528967883,
  "test_metrics": {
    "IC_mean": 0.042140583271927774,
    "IC_std": 0.12370891117208518,
    "ICIR": 0.34064306986994775,
    "RankIC_mean": 0.024285082806369082,
    "RankICIR": 0.20004880881305875,
    "annual_return": 0.29913214456876136,
    "annual_vol": 0.23651323338989824,
    "sharpe": 1.2248393289475217,
    "max_drawdown": -0.31772589781462757,
    "turnover": 0.6632035595105675
  }
}