{
  "exp_name": "fdg_skip32_symshare_csi300_official_seed96",
  "model": "fdg",
  "market": "csi300_aligned",
  "handler": "Alpha158",
  "device": "cuda",
  "model_config": {
    "name": "fdg",
    "rank": 32,
    "tau": 1.0,
    "d_hidden": 128,
    "dropout": 0.1,
    "b_init": "identity_perturbed",
    "bottleneck_dim": 64,
    "skip_hidden_dim": 32,
    "core_mode": "symmetric",
    "share_sr_weights": true,
    "symmetrize_adjacency": true
  },
  "best_epoch": 20,
  "valid_best_ICIR": 0.5461285775629454,
  "test_metrics": {
    "IC_mean": 0.0549778613449525,
    "IC_std": 0.11470484695976044,
    "ICIR": 0.4792985022179513,
    "RankIC_mean": 0.044469989943612474,
    "RankICIR": 0.41055439070630506,
    "annual_return": 0.4688063020147748,
    "annual_vol": 0.24935668698295926,
    "sharpe": 1.6682132604426998,
    "max_drawdown": -0.21747956078807917,
    "turnover": 0.6487256027554539
  }
}