{
  "exp_name": "fdg_skip32_random_csi300_recent_seed15",
  "model": "fdg",
  "market": "csi300_aligned",
  "handler": "Alpha158",
  "device": "cuda",
  "model_config": {
    "name": "fdg",
    "rank": 32,
    "tau": 1.0,
    "d_hidden": 128,
    "dropout": 0.1,
    "b_init": "identity_perturbed",
    "bottleneck_dim": 64,
    "skip_hidden_dim": 32,
    "graph_mode": "random",
    "random_graph_seed": 15
  },
  "best_epoch": 21,
  "valid_best_ICIR": 0.38337520502203215,
  "test_metrics": {
    "IC_mean": 0.04324363222684144,
    "IC_std": 0.11707087603427668,
    "ICIR": 0.36937993198394037,
    "RankIC_mean": 0.024901615292942166,
    "RankICIR": 0.2386942464745695,
    "annual_return": 0.3043216386618268,
    "annual_vol": 0.22699496284018197,
    "sharpe": 1.2840834877330092,
    "max_drawdown": -0.28923295791769765,
    "turnover": 0.666918798665184
  }
}