{
  "exp_name": "fdg_skip32_random_csi300_recent_seed60",
  "model": "fdg",
  "market": "csi300_aligned",
  "handler": "Alpha158",
  "device": "cuda",
  "model_config": {
    "name": "fdg",
    "rank": 32,
    "tau": 1.0,
    "d_hidden": 128,
    "dropout": 0.1,
    "b_init": "identity_perturbed",
    "bottleneck_dim": 64,
    "skip_hidden_dim": 32,
    "graph_mode": "random",
    "random_graph_seed": 60
  },
  "best_epoch": 14,
  "valid_best_ICIR": 0.3585308388960922,
  "test_metrics": {
    "IC_mean": 0.040169386867036014,
    "IC_std": 0.11724026911722583,
    "ICIR": 0.3426244853367879,
    "RankIC_mean": 0.017753364185778255,
    "RankICIR": 0.15701354783526658,
    "annual_return": 0.31172944165205885,
    "annual_vol": 0.2291292041826339,
    "sharpe": 1.299055997395773,
    "max_drawdown": -0.28888004921148114,
    "turnover": 0.6313014460511683
  }
}