{
  "exp_name": "fdg_skip32_symshare_csi300_official_seed137",
  "model": "fdg",
  "market": "csi300_aligned",
  "handler": "Alpha158",
  "device": "cuda",
  "model_config": {
    "name": "fdg",
    "rank": 32,
    "tau": 1.0,
    "d_hidden": 128,
    "dropout": 0.1,
    "b_init": "identity_perturbed",
    "bottleneck_dim": 64,
    "skip_hidden_dim": 32,
    "core_mode": "symmetric",
    "share_sr_weights": true,
    "symmetrize_adjacency": true
  },
  "best_epoch": 8,
  "valid_best_ICIR": 0.5287950067634333,
  "test_metrics": {
    "IC_mean": 0.05944117540520336,
    "IC_std": 0.1154779416650439,
    "ICIR": 0.5147405170904313,
    "RankIC_mean": 0.05149447001598772,
    "RankICIR": 0.4661818256050547,
    "annual_return": 0.5738947240620447,
    "annual_vol": 0.2537024942036597,
    "sharpe": 1.9166323460593435,
    "max_drawdown": -0.2435175194822028,
    "turnover": 0.6381630309988523
  }
}