{
  "exp_name": "fdg_skip32_symshare_csi300_recent_seed43",
  "model": "fdg",
  "market": "csi300_aligned",
  "handler": "Alpha158",
  "device": "cuda",
  "model_config": {
    "name": "fdg",
    "rank": 32,
    "tau": 1.0,
    "d_hidden": 128,
    "dropout": 0.1,
    "b_init": "identity_perturbed",
    "bottleneck_dim": 64,
    "skip_hidden_dim": 32,
    "core_mode": "symmetric",
    "share_sr_weights": true,
    "symmetrize_adjacency": true
  },
  "best_epoch": 11,
  "valid_best_ICIR": 0.32011983637868846,
  "test_metrics": {
    "IC_mean": 0.04000213033213884,
    "IC_std": 0.11960839914986637,
    "ICIR": 0.3344424857824337,
    "RankIC_mean": 0.015620663065998136,
    "RankICIR": 0.13454814763116332,
    "annual_return": 0.24092507437619393,
    "annual_vol": 0.2393319779327457,
    "sharpe": 1.021597384028176,
    "max_drawdown": -0.33368910643262484,
    "turnover": 0.6496996662958847
  }
}