{
  "exp_name": "fdg_skip32_random_csi300_recent_seed18",
  "model": "fdg",
  "market": "csi300_aligned",
  "handler": "Alpha158",
  "device": "cuda",
  "model_config": {
    "name": "fdg",
    "rank": 32,
    "tau": 1.0,
    "d_hidden": 128,
    "dropout": 0.1,
    "b_init": "identity_perturbed",
    "bottleneck_dim": 64,
    "skip_hidden_dim": 32,
    "graph_mode": "random",
    "random_graph_seed": 18
  },
  "best_epoch": 6,
  "valid_best_ICIR": 0.37154380669847437,
  "test_metrics": {
    "IC_mean": 0.03914225151250686,
    "IC_std": 0.11186247238854088,
    "ICIR": 0.3499140567584716,
    "RankIC_mean": 0.018885139724533512,
    "RankICIR": 0.16705045640917848,
    "annual_return": 0.2675589796391036,
    "annual_vol": 0.22852382321958464,
    "sharpe": 1.15203406819707,
    "max_drawdown": -0.27626046371862256,
    "turnover": 0.6334371523915464
  }
}