{
  "exp_name": "fdg_skip32_random_csi300_official_seed199",
  "model": "fdg",
  "market": "csi300_aligned",
  "handler": "Alpha158",
  "device": "cuda",
  "model_config": {
    "name": "fdg",
    "rank": 32,
    "tau": 1.0,
    "d_hidden": 128,
    "dropout": 0.1,
    "b_init": "identity_perturbed",
    "bottleneck_dim": 64,
    "skip_hidden_dim": 32,
    "graph_mode": "random",
    "random_graph_seed": 199
  },
  "best_epoch": 10,
  "valid_best_ICIR": 0.5982896107691865,
  "test_metrics": {
    "IC_mean": 0.05590304829943298,
    "IC_std": 0.108956354249443,
    "ICIR": 0.5130774490806603,
    "RankIC_mean": 0.045857242736852454,
    "RankICIR": 0.4352962072113866,
    "annual_return": 0.5153943818776408,
    "annual_vol": 0.25163965378032704,
    "sharpe": 1.7794900026932927,
    "max_drawdown": -0.2614560272037554,
    "turnover": 0.6211021814006892
  }
}