{
  "exp_name": "fdg_skip32_symshare_csi300_official_seed27",
  "model": "fdg",
  "market": "csi300_aligned",
  "handler": "Alpha158",
  "device": "cuda",
  "model_config": {
    "name": "fdg",
    "rank": 32,
    "tau": 1.0,
    "d_hidden": 128,
    "dropout": 0.1,
    "b_init": "identity_perturbed",
    "bottleneck_dim": 64,
    "skip_hidden_dim": 32,
    "core_mode": "symmetric",
    "share_sr_weights": true,
    "symmetrize_adjacency": true
  },
  "best_epoch": 24,
  "valid_best_ICIR": 0.554957097181709,
  "test_metrics": {
    "IC_mean": 0.057507018527670144,
    "IC_std": 0.11353931802018133,
    "ICIR": 0.5064943099045954,
    "RankIC_mean": 0.04278022798073323,
    "RankICIR": 0.411550480683521,
    "annual_return": 0.4514084242878178,
    "annual_vol": 0.25027273276016243,
    "sharpe": 1.6151505607647954,
    "max_drawdown": -0.24926911346994796,
    "turnover": 0.6270723306544206
  }
}