{
  "exp_name": "fdg_skip32_symshare_csi300_recent_seed5",
  "model": "fdg",
  "market": "csi300_aligned",
  "handler": "Alpha158",
  "device": "cuda",
  "model_config": {
    "name": "fdg",
    "rank": 32,
    "tau": 1.0,
    "d_hidden": 128,
    "dropout": 0.1,
    "b_init": "identity_perturbed",
    "bottleneck_dim": 64,
    "skip_hidden_dim": 32,
    "core_mode": "symmetric",
    "share_sr_weights": true,
    "symmetrize_adjacency": true
  },
  "best_epoch": 9,
  "valid_best_ICIR": 0.3145778574834985,
  "test_metrics": {
    "IC_mean": 0.03909952297859075,
    "IC_std": 0.12894326155209662,
    "ICIR": 0.30323044808970856,
    "RankIC_mean": 0.023147033323511545,
    "RankICIR": 0.1755857563889113,
    "annual_return": 0.28513635216589983,
    "annual_vol": 0.24968836625504084,
    "sharpe": 1.1300082621271779,
    "max_drawdown": -0.3459867863646867,
    "turnover": 0.6270077864293663
  }
}