{
  "exp_name": "fdg_skip32_symshare_csi300_recent_seed83",
  "model": "fdg",
  "market": "csi300_aligned",
  "handler": "Alpha158",
  "device": "cuda",
  "model_config": {
    "name": "fdg",
    "rank": 32,
    "tau": 1.0,
    "d_hidden": 128,
    "dropout": 0.1,
    "b_init": "identity_perturbed",
    "bottleneck_dim": 64,
    "skip_hidden_dim": 32,
    "core_mode": "symmetric",
    "share_sr_weights": true,
    "symmetrize_adjacency": true
  },
  "best_epoch": 3,
  "valid_best_ICIR": 0.313854283734382,
  "test_metrics": {
    "IC_mean": 0.030705631340205236,
    "IC_std": 0.11904178906285556,
    "ICIR": 0.2579399350592108,
    "RankIC_mean": 0.01835390696767875,
    "RankICIR": 0.15998637479647468,
    "annual_return": 0.20209355235040904,
    "annual_vol": 0.22684707105859192,
    "sharpe": 0.9250614125996556,
    "max_drawdown": -0.35742414871497097,
    "turnover": 0.6219132369299225
  }
}