{
  "exp_name": "fdg_skip32_sepw_symb_csi300_recent_seed49",
  "model": "fdg",
  "market": "csi300_aligned",
  "handler": "Alpha158",
  "device": "cuda",
  "model_config": {
    "name": "fdg",
    "rank": 32,
    "tau": 1.0,
    "d_hidden": 128,
    "dropout": 0.1,
    "b_init": "identity_perturbed",
    "bottleneck_dim": 64,
    "skip_hidden_dim": 32,
    "core_mode": "symmetric",
    "share_sr_weights": false,
    "symmetrize_adjacency": false
  },
  "best_epoch": 10,
  "valid_best_ICIR": 0.35215199869244523,
  "test_metrics": {
    "IC_mean": 0.03691476056675281,
    "IC_std": 0.114023807353733,
    "ICIR": 0.32374607920460974,
    "RankIC_mean": 0.011835727300768371,
    "RankICIR": 0.1069821555854402,
    "annual_return": 0.23500867173967355,
    "annual_vol": 0.24420120025728057,
    "sharpe": 0.9866813529923337,
    "max_drawdown": -0.34325782986013686,
    "turnover": 0.6200667408231372
  }
}