{
  "exp_name": "fdg_skip32_random_csi300_recent_seed17",
  "model": "fdg",
  "market": "csi300_aligned",
  "handler": "Alpha158",
  "device": "cuda",
  "model_config": {
    "name": "fdg",
    "rank": 32,
    "tau": 1.0,
    "d_hidden": 128,
    "dropout": 0.1,
    "b_init": "identity_perturbed",
    "bottleneck_dim": 64,
    "skip_hidden_dim": 32,
    "graph_mode": "random",
    "random_graph_seed": 17
  },
  "best_epoch": 14,
  "valid_best_ICIR": 0.3907121922127737,
  "test_metrics": {
    "IC_mean": 0.03942129058593989,
    "IC_std": 0.12701880517875727,
    "ICIR": 0.3103579074804015,
    "RankIC_mean": 0.02202257299865261,
    "RankICIR": 0.17452100766370918,
    "annual_return": 0.24219097555948288,
    "annual_vol": 0.25432580531471416,
    "sharpe": 0.979800857074774,
    "max_drawdown": -0.31872272685529635,
    "turnover": 0.6357285873192439
  }
}