{
  "exp_name": "fdg_skip32_random_csi300_official_seed3",
  "model": "fdg",
  "market": "csi300_aligned",
  "handler": "Alpha158",
  "device": "cuda",
  "model_config": {
    "name": "fdg",
    "rank": 32,
    "tau": 1.0,
    "d_hidden": 128,
    "dropout": 0.1,
    "b_init": "identity_perturbed",
    "bottleneck_dim": 64,
    "skip_hidden_dim": 32,
    "graph_mode": "random",
    "random_graph_seed": 3
  },
  "best_epoch": 20,
  "valid_best_ICIR": 0.5988870273869005,
  "test_metrics": {
    "IC_mean": 0.0571320545014577,
    "IC_std": 0.11531168428359172,
    "ICIR": 0.4954576360271525,
    "RankIC_mean": 0.046867652088338284,
    "RankICIR": 0.45372504019379367,
    "annual_return": 0.5297654930060964,
    "annual_vol": 0.245142671666476,
    "sharpe": 1.8584544181872409,
    "max_drawdown": -0.20860139341111084,
    "turnover": 0.6580711825487948
  }
}