{
  "experiment": "hist_csi300_official_seed19",
  "config": "/home/jiajun/finance-gfm/results/seed100_gpu_master_hist_fixed/generated_configs/hist_official.yaml",
  "overrides": [
    "task.model.kwargs.GPU=0",
    "task.model.kwargs.n_jobs=4",
    "task.model.kwargs.seed=19"
  ],
  "recorder_id": "398db697e6924e2594757ea455673fe1",
  "recorder_name": "mlflow_recorder",
  "source_run": "file:/home/jiajun/finance-gfm/mlruns",
  "logged_metrics": {
    "ICIR": 0.22824961368186011,
    "Rank ICIR": 0.31058814719660405,
    "Rank IC": 0.039527090308438706,
    "1day.excess_return_without_cost.mean": -0.00047714996283144685,
    "IC": 0.028605453014592903
  },
  "test_metrics": {
    "IC_mean": 0.028605453014592906,
    "IC_std": 0.12532530747002218,
    "ICIR": 0.22824961368186014,
    "RankIC_mean": 0.039527090308438706,
    "RankIC_std": 0.12726528898547382,
    "RankICIR": 0.31058814719660416,
    "n_days": 871
  }
}