{
  "experiment": "hist_csi300_official_seed137",
  "config": "/home/jiajun/finance-gfm/results/seed100_gpu_master_hist_fixed/generated_configs/hist_official.yaml",
  "overrides": [
    "task.model.kwargs.GPU=0",
    "task.model.kwargs.n_jobs=4",
    "task.model.kwargs.seed=137"
  ],
  "recorder_id": "d6635c7b8e44479e8e413a2d53761c0f",
  "recorder_name": "mlflow_recorder",
  "source_run": "file:/home/jiajun/finance-gfm/mlruns",
  "logged_metrics": {
    "ICIR": 0.1924509776582301,
    "Rank ICIR": 0.2926328477096844,
    "Rank IC": 0.03715595830152573,
    "1day.excess_return_without_cost.mean": -0.00047714996283144685,
    "IC": 0.02369586957963105
  },
  "test_metrics": {
    "IC_mean": 0.02369586957963105,
    "IC_std": 0.12312678204062999,
    "ICIR": 0.1924509776582301,
    "RankIC_mean": 0.03715595830152573,
    "RankIC_std": 0.1269712494421934,
    "RankICIR": 0.2926328477096844,
    "n_days": 871
  }
}