{
  "experiment": "hist_csi300_official_seed12",
  "config": "/home/jiajun/finance-gfm/results/seed100_gpu_master_hist_fixed/generated_configs/hist_official.yaml",
  "overrides": [
    "task.model.kwargs.GPU=0",
    "task.model.kwargs.n_jobs=4",
    "task.model.kwargs.seed=12"
  ],
  "recorder_id": "67be2cafb7e94c678b7489962a065686",
  "recorder_name": "mlflow_recorder",
  "source_run": "file:/home/jiajun/finance-gfm/mlruns",
  "logged_metrics": {
    "ICIR": 0.18240329340673403,
    "Rank ICIR": 0.27512716664903397,
    "Rank IC": 0.035896658820838055,
    "1day.excess_return_without_cost.mean": -0.00047714996283144685,
    "IC": 0.02259743776880097
  },
  "test_metrics": {
    "IC_mean": 0.02259743776880097,
    "IC_std": 0.12388722454924003,
    "ICIR": 0.182403293406734,
    "RankIC_mean": 0.035896658820838055,
    "RankIC_std": 0.13047297094666638,
    "RankICIR": 0.275127166649034,
    "n_days": 871
  }
}