{
  "experiment": "hist_csi300_recent_seed37",
  "config": "/home/jiajun/finance-gfm/results/seed100_gpu_master_hist_fixed/generated_configs/hist_recent.yaml",
  "overrides": [
    "task.model.kwargs.GPU=0",
    "task.model.kwargs.n_jobs=4",
    "task.model.kwargs.seed=37"
  ],
  "recorder_id": "5d5ce540205d4270b00d8e88ec072fd2",
  "recorder_name": "mlflow_recorder",
  "source_run": "file:/home/jiajun/finance-gfm/mlruns",
  "logged_metrics": {
    "ICIR": 0.10767422724298228,
    "Rank ICIR": 0.208524618546491,
    "Rank IC": 0.02885344873434618,
    "1day.excess_return_without_cost.mean": 2.5816493564181856e-05,
    "IC": 0.014739426038589826
  },
  "test_metrics": {
    "IC_mean": 0.014739426038589826,
    "IC_std": 0.13688908122208487,
    "ICIR": 0.10767422724298228,
    "RankIC_mean": 0.02885344873434618,
    "RankIC_std": 0.13836950732948228,
    "RankICIR": 0.208524618546491,
    "n_days": 899
  }
}