{
  "experiment": "hist_csi300_official_seed512",
  "config": "/home/jiajun/finance-gfm/results/seed100_gpu_master_hist_fixed/generated_configs/hist_official.yaml",
  "overrides": [
    "task.model.kwargs.GPU=0",
    "task.model.kwargs.n_jobs=4",
    "task.model.kwargs.seed=512"
  ],
  "recorder_id": "30278fa9294448f1b99552dd1c960ccc",
  "recorder_name": "mlflow_recorder",
  "source_run": "file:/home/jiajun/finance-gfm/mlruns",
  "logged_metrics": {
    "ICIR": 0.2292624746019872,
    "Rank ICIR": 0.31247898663540385,
    "Rank IC": 0.03927481414635377,
    "1day.excess_return_without_cost.mean": -0.00047714996283144685,
    "IC": 0.028365513792528517
  },
  "test_metrics": {
    "IC_mean": 0.028365513792528517,
    "IC_std": 0.12372506159925506,
    "ICIR": 0.2292624746019872,
    "RankIC_mean": 0.03927481414635377,
    "RankIC_std": 0.1256878568675694,
    "RankICIR": 0.31247898663540385,
    "n_days": 871
  }
}