{
  "experiment": "hist_csi300_official_seed169",
  "config": "/home/jiajun/finance-gfm/results/seed100_gpu_master_hist_fixed/generated_configs/hist_official.yaml",
  "overrides": [
    "task.model.kwargs.GPU=0",
    "task.model.kwargs.n_jobs=4",
    "task.model.kwargs.seed=169"
  ],
  "recorder_id": "92d2e028d16f4f878f13d487f2ca900c",
  "recorder_name": "mlflow_recorder",
  "source_run": "file:/home/jiajun/finance-gfm/mlruns",
  "logged_metrics": {
    "ICIR": 0.17067329603157746,
    "Rank ICIR": 0.27445079269370715,
    "Rank IC": 0.03428734647146067,
    "1day.excess_return_without_cost.mean": -0.00047714996283144685,
    "IC": 0.020482821033139243
  },
  "test_metrics": {
    "IC_mean": 0.020482821033139243,
    "IC_std": 0.12001186775785692,
    "ICIR": 0.17067329603157746,
    "RankIC_mean": 0.03428734647146067,
    "RankIC_std": 0.12493076130308749,
    "RankICIR": 0.27445079269370715,
    "n_days": 871
  }
}