{
  "experiment": "hist_csi300_official_seed111",
  "config": "/home/jiajun/finance-gfm/results/seed100_gpu_master_hist_fixed/generated_configs/hist_official.yaml",
  "overrides": [
    "task.model.kwargs.GPU=0",
    "task.model.kwargs.n_jobs=4",
    "task.model.kwargs.seed=111"
  ],
  "recorder_id": "e797b5695c13430ebaa706a911236faa",
  "recorder_name": "mlflow_recorder",
  "source_run": "file:/home/jiajun/finance-gfm/mlruns",
  "logged_metrics": {
    "ICIR": 0.17694423071545648,
    "Rank ICIR": 0.29279979734268724,
    "1day.excess_return_without_cost.std": 0.012295189195465414,
    "Rank IC": 0.03670580686912618,
    "1day.excess_return_without_cost.mean": -0.00047714996283144685,
    "IC": 0.021633681696502025
  },
  "test_metrics": {
    "IC_mean": 0.021633681696502025,
    "IC_std": 0.12226271299735728,
    "ICIR": 0.17694423071545648,
    "RankIC_mean": 0.03670580686912619,
    "RankIC_std": 0.12536144902507024,
    "RankICIR": 0.2927997973426873,
    "n_days": 871
  }
}