{
  "experiment": "hist_csi300_official_seed90",
  "config": "/home/jiajun/finance-gfm/results/seed100_gpu_master_hist_fixed/generated_configs/hist_official.yaml",
  "overrides": [
    "task.model.kwargs.GPU=0",
    "task.model.kwargs.n_jobs=4",
    "task.model.kwargs.seed=90"
  ],
  "recorder_id": "8b260692aef44c16b7485afea2536055",
  "recorder_name": "mlflow_recorder",
  "source_run": "file:/home/jiajun/finance-gfm/mlruns",
  "logged_metrics": {
    "ICIR": 0.18010747271015767,
    "Rank ICIR": 0.2796061683027059,
    "Rank IC": 0.03569886486222353,
    "1day.excess_return_without_cost.mean": -0.00047714996283144685,
    "IC": 0.022175557265466442
  },
  "test_metrics": {
    "IC_mean": 0.022175557265466446,
    "IC_std": 0.12312402662577468,
    "ICIR": 0.18010747271015773,
    "RankIC_mean": 0.03569886486222353,
    "RankIC_std": 0.12767552689887512,
    "RankICIR": 0.2796061683027059,
    "n_days": 871
  }
}