{
  "experiment": "hist_csi300_recent_seed22",
  "config": "/home/jiajun/finance-gfm/results/seed100_gpu_master_hist_fixed/generated_configs/hist_recent.yaml",
  "overrides": [
    "task.model.kwargs.GPU=0",
    "task.model.kwargs.n_jobs=4",
    "task.model.kwargs.seed=22"
  ],
  "recorder_id": "1bf63255275a46e5a42ab1ca92dd012a",
  "recorder_name": "mlflow_recorder",
  "source_run": "file:/home/jiajun/finance-gfm/mlruns",
  "logged_metrics": {
    "ICIR": 0.11474273464073971,
    "Rank ICIR": 0.20580594223474796,
    "Rank IC": 0.027119487661520243,
    "1day.excess_return_without_cost.mean": 2.5816493564181856e-05,
    "IC": 0.014863790027813852
  },
  "test_metrics": {
    "IC_mean": 0.014863790027813854,
    "IC_std": 0.12954014103248002,
    "ICIR": 0.11474273464073972,
    "RankIC_mean": 0.027119487661520243,
    "RankIC_std": 0.13177213139252802,
    "RankICIR": 0.20580594223474796,
    "n_days": 899
  }
}