{
  "experiment": "hist_csi300_recent_seed512",
  "config": "/home/jiajun/finance-gfm/results/seed100_gpu_master_hist_fixed/generated_configs/hist_recent.yaml",
  "overrides": [
    "task.model.kwargs.GPU=0",
    "task.model.kwargs.n_jobs=4",
    "task.model.kwargs.seed=512"
  ],
  "recorder_id": "716ec8206abf4c32a1633f99116bc74d",
  "recorder_name": "mlflow_recorder",
  "source_run": "file:/home/jiajun/finance-gfm/mlruns",
  "logged_metrics": {
    "ICIR": 0.11475026923957765,
    "Rank ICIR": 0.20214114426346635,
    "Rank IC": 0.02677932318525284,
    "1day.excess_return_without_cost.mean": 2.5816493564181856e-05,
    "IC": 0.01483707982861546
  },
  "test_metrics": {
    "IC_mean": 0.01483707982861546,
    "IC_std": 0.12929886724394818,
    "ICIR": 0.11475026923957765,
    "RankIC_mean": 0.02677932318525284,
    "RankIC_std": 0.13247833974042048,
    "RankICIR": 0.20214114426346635,
    "n_days": 899
  }
}