{
  "experiment": "hist_csi300_official_seed3",
  "config": "/home/jiajun/finance-gfm/results/seed100_gpu_master_hist_fixed/generated_configs/hist_official.yaml",
  "overrides": [
    "task.model.kwargs.GPU=0",
    "task.model.kwargs.n_jobs=4",
    "task.model.kwargs.seed=3"
  ],
  "recorder_id": "e89bd38ef7254690ae44443ee2ed2dd2",
  "recorder_name": "mlflow_recorder",
  "source_run": "file:/home/jiajun/finance-gfm/mlruns",
  "logged_metrics": {
    "ICIR": 0.21806948603524884,
    "Rank ICIR": 0.29955603210603104,
    "Rank IC": 0.03777161655531958,
    "1day.excess_return_without_cost.mean": -0.00047714996283144685,
    "IC": 0.02690182022573388
  },
  "test_metrics": {
    "IC_mean": 0.026901820225733883,
    "IC_std": 0.12336352377785427,
    "ICIR": 0.21806948603524887,
    "RankIC_mean": 0.03777161655531958,
    "RankIC_std": 0.12609199117028602,
    "RankICIR": 0.29955603210603104,
    "n_days": 871
  }
}