{
  "experiment": "hist_csi300_official_seed188",
  "config": "/home/jiajun/finance-gfm/results/seed100_gpu_master_hist_fixed/generated_configs/hist_official.yaml",
  "overrides": [
    "task.model.kwargs.GPU=0",
    "task.model.kwargs.n_jobs=4",
    "task.model.kwargs.seed=188"
  ],
  "recorder_id": "b4a955caed23445b8072fce6282d6a1e",
  "recorder_name": "mlflow_recorder",
  "source_run": "file:/home/jiajun/finance-gfm/mlruns",
  "logged_metrics": {
    "ICIR": 0.18062266702334112,
    "Rank ICIR": 0.26628671395359116,
    "Rank IC": 0.034405946713178585,
    "1day.excess_return_without_cost.mean": -0.00047714996283144685,
    "IC": 0.022057572338188315
  },
  "test_metrics": {
    "IC_mean": 0.022057572338188315,
    "IC_std": 0.12211962486047172,
    "ICIR": 0.18062266702334112,
    "RankIC_mean": 0.034405946713178585,
    "RankIC_std": 0.12920639637760864,
    "RankICIR": 0.26628671395359116,
    "n_days": 871
  }
}