{
  "experiment": "hist_csi300_official_seed84",
  "config": "/home/jiajun/finance-gfm/results/seed100_gpu_master_hist_fixed/generated_configs/hist_official.yaml",
  "overrides": [
    "task.model.kwargs.GPU=0",
    "task.model.kwargs.n_jobs=4",
    "task.model.kwargs.seed=84"
  ],
  "recorder_id": "c7522c3a81da4f66aaee7ce6367a13b1",
  "recorder_name": "mlflow_recorder",
  "source_run": "file:/home/jiajun/finance-gfm/mlruns",
  "logged_metrics": {
    "ICIR": 0.24271578099586089,
    "Rank ICIR": 0.3064955364820934,
    "Rank IC": 0.038841145287254075,
    "1day.excess_return_without_cost.mean": -0.00047714996283144685,
    "IC": 0.02972363148266504
  },
  "test_metrics": {
    "IC_mean": 0.02972363148266504,
    "IC_std": 0.12246270663040211,
    "ICIR": 0.24271578099586089,
    "RankIC_mean": 0.038841145287254075,
    "RankIC_std": 0.1267266262114826,
    "RankICIR": 0.3064955364820934,
    "n_days": 871
  }
}