{
  "experiment": "hist_csi300_recent_seed83",
  "config": "/home/jiajun/finance-gfm/results/seed100_gpu_master_hist_fixed/generated_configs/hist_recent.yaml",
  "overrides": [
    "task.model.kwargs.GPU=0",
    "task.model.kwargs.n_jobs=4",
    "task.model.kwargs.seed=83"
  ],
  "recorder_id": "5f9ed3f899dd49dfa2c5f100fe020c0b",
  "recorder_name": "mlflow_recorder",
  "source_run": "file:/home/jiajun/finance-gfm/mlruns",
  "logged_metrics": {
    "ICIR": 0.10313593447942612,
    "Rank ICIR": 0.1905131159873294,
    "Rank IC": 0.02618558372596596,
    "1day.excess_return_without_cost.mean": 2.5816493564181856e-05,
    "IC": 0.013893936753988355
  },
  "test_metrics": {
    "IC_mean": 0.013893936753988353,
    "IC_std": 0.13471479968759056,
    "ICIR": 0.10313593447942611,
    "RankIC_mean": 0.026185583725965952,
    "RankIC_std": 0.1374476691027798,
    "RankICIR": 0.19051311598732934,
    "n_days": 899
  }
}