{
  "experiment": "hist_csi300_official_seed89",
  "config": "/home/jiajun/finance-gfm/results/seed100_gpu_master_hist_fixed/generated_configs/hist_official.yaml",
  "overrides": [
    "task.model.kwargs.GPU=0",
    "task.model.kwargs.n_jobs=4",
    "task.model.kwargs.seed=89"
  ],
  "recorder_id": "cf606496cc674c6ab8e0e3f1c61eea07",
  "recorder_name": "mlflow_recorder",
  "source_run": "file:/home/jiajun/finance-gfm/mlruns",
  "logged_metrics": {
    "ICIR": 0.22864034804028338,
    "Rank ICIR": 0.2919310850248309,
    "Rank IC": 0.03703723229794366,
    "1day.excess_return_without_cost.mean": -0.00047714996283144685,
    "IC": 0.027965285031967994
  },
  "test_metrics": {
    "IC_mean": 0.027965285031968,
    "IC_std": 0.1223112424017168,
    "ICIR": 0.22864034804028344,
    "RankIC_mean": 0.03703723229794366,
    "RankIC_std": 0.12686977919735187,
    "RankICIR": 0.29193108502483095,
    "n_days": 871
  }
}