{
  "experiment": "hist_csi300_official_seed314",
  "config": "/home/jiajun/finance-gfm/results/seed100_gpu_master_hist_fixed/generated_configs/hist_official.yaml",
  "overrides": [
    "task.model.kwargs.GPU=0",
    "task.model.kwargs.n_jobs=4",
    "task.model.kwargs.seed=314"
  ],
  "recorder_id": "9a0a6f31a39d496f88e9c345d6883714",
  "recorder_name": "mlflow_recorder",
  "source_run": "file:/home/jiajun/finance-gfm/mlruns",
  "logged_metrics": {
    "ICIR": 0.23841831691678697,
    "Rank ICIR": 0.31407648524867493,
    "Rank IC": 0.038968465976480286,
    "1day.excess_return_without_cost.mean": -0.00047714996283144685,
    "IC": 0.02928792396224869
  },
  "test_metrics": {
    "IC_mean": 0.029287923962248698,
    "IC_std": 0.12284259171442267,
    "ICIR": 0.238418316916787,
    "RankIC_mean": 0.038968465976480286,
    "RankIC_std": 0.12407317264018158,
    "RankICIR": 0.31407648524867493,
    "n_days": 871
  }
}