{
  "experiment": "hist_csi300_official_seed23",
  "config": "/home/jiajun/finance-gfm/results/seed100_gpu_master_hist_fixed/generated_configs/hist_official.yaml",
  "overrides": [
    "task.model.kwargs.GPU=0",
    "task.model.kwargs.n_jobs=4",
    "task.model.kwargs.seed=23"
  ],
  "recorder_id": "4dc8d25f0add47a8bdc0d46a50247979",
  "recorder_name": "mlflow_recorder",
  "source_run": "file:/home/jiajun/finance-gfm/mlruns",
  "logged_metrics": {
    "ICIR": 0.190679309980928,
    "Rank ICIR": 0.28735118084893096,
    "1day.excess_return_without_cost.std": 0.012295189195465414,
    "Rank IC": 0.03702078256030593,
    "1day.excess_return_without_cost.mean": -0.00047714996283144685,
    "IC": 0.02373485208447427
  },
  "test_metrics": {
    "IC_mean": 0.023734852084474272,
    "IC_std": 0.12447523586511959,
    "ICIR": 0.19067930998092805,
    "RankIC_mean": 0.03702078256030593,
    "RankIC_std": 0.12883462824455505,
    "RankICIR": 0.28735118084893096,
    "n_days": 871
  }
}