{
  "experiment": "hist_csi300_official_seed21",
  "config": "/home/jiajun/finance-gfm/results/seed100_gpu_master_hist_fixed/generated_configs/hist_official.yaml",
  "overrides": [
    "task.model.kwargs.GPU=0",
    "task.model.kwargs.n_jobs=4",
    "task.model.kwargs.seed=21"
  ],
  "recorder_id": "fd7a7a824c5042f691ec16f166aa13a7",
  "recorder_name": "mlflow_recorder",
  "source_run": "file:/home/jiajun/finance-gfm/mlruns",
  "logged_metrics": {
    "ICIR": 0.25205120430446576,
    "Rank ICIR": 0.32029705609336073,
    "Rank IC": 0.03996908691929411,
    "1day.excess_return_without_cost.mean": -0.00047714996283144685,
    "IC": 0.03083183630987437
  },
  "test_metrics": {
    "IC_mean": 0.03083183630987437,
    "IC_std": 0.12232370162624173,
    "ICIR": 0.2520512043044658,
    "RankIC_mean": 0.039969086919294114,
    "RankIC_std": 0.1247875562978757,
    "RankICIR": 0.3202970560933608,
    "n_days": 871
  }
}