{
  "experiment": "hist_csi300_official_seed888",
  "config": "/home/jiajun/finance-gfm/results/seed100_gpu_master_hist_fixed/generated_configs/hist_official.yaml",
  "overrides": [
    "task.model.kwargs.GPU=0",
    "task.model.kwargs.n_jobs=4",
    "task.model.kwargs.seed=888"
  ],
  "recorder_id": "d0ea5a9371404022b0f0e69d9e95b51a",
  "recorder_name": "mlflow_recorder",
  "source_run": "file:/home/jiajun/finance-gfm/mlruns",
  "logged_metrics": {
    "ICIR": 0.20959718487623574,
    "Rank ICIR": 0.2985235929451452,
    "Rank IC": 0.03807520776201255,
    "1day.excess_return_without_cost.mean": -0.00047714996283144685,
    "IC": 0.02615879778145572
  },
  "test_metrics": {
    "IC_mean": 0.026158797781455728,
    "IC_std": 0.12480510077891614,
    "ICIR": 0.2095971848762358,
    "RankIC_mean": 0.03807520776201255,
    "RankIC_std": 0.12754505393149612,
    "RankICIR": 0.2985235929451453,
    "n_days": 871
  }
}