{
  "experiment": "hist_csi300_recent_seed18",
  "config": "/home/jiajun/finance-gfm/results/seed100_gpu_master_hist_fixed/generated_configs/hist_recent.yaml",
  "overrides": [
    "task.model.kwargs.GPU=0",
    "task.model.kwargs.n_jobs=4",
    "task.model.kwargs.seed=18"
  ],
  "recorder_id": "91c223162b20422896b1575070b51c80",
  "recorder_name": "mlflow_recorder",
  "source_run": "file:/home/jiajun/finance-gfm/mlruns",
  "logged_metrics": {
    "ICIR": 0.10982264616478747,
    "Rank ICIR": 0.1913373840553146,
    "1day.excess_return_without_cost.std": 0.011450727157032388,
    "Rank IC": 0.025611768940097923,
    "1day.excess_return_without_cost.mean": 2.5816493564181856e-05,
    "IC": 0.01429249093219247
  },
  "test_metrics": {
    "IC_mean": 0.014292490932192465,
    "IC_std": 0.13014156397895177,
    "ICIR": 0.10982264616478743,
    "RankIC_mean": 0.025611768940097927,
    "RankIC_std": 0.13385658566698966,
    "RankICIR": 0.19133738405531464,
    "n_days": 899
  }
}