{
  "experiment": "hist_csi300_official_seed77",
  "config": "/home/jiajun/finance-gfm/results/seed100_gpu_master_hist_fixed/generated_configs/hist_official.yaml",
  "overrides": [
    "task.model.kwargs.GPU=0",
    "task.model.kwargs.n_jobs=4",
    "task.model.kwargs.seed=77"
  ],
  "recorder_id": "f6dbb4bf4a7649f8a2dbf229dff0fa35",
  "recorder_name": "mlflow_recorder",
  "source_run": "file:/home/jiajun/finance-gfm/mlruns",
  "logged_metrics": {
    "ICIR": 0.21726895814008962,
    "Rank ICIR": 0.28737819150447946,
    "Rank IC": 0.03664563778853938,
    "1day.excess_return_without_cost.mean": -0.00047714996283144685,
    "IC": 0.026769959810789223
  },
  "test_metrics": {
    "IC_mean": 0.02676995981078922,
    "IC_std": 0.12321115745180966,
    "ICIR": 0.2172689581400896,
    "RankIC_mean": 0.03664563778853938,
    "RankIC_std": 0.12751711463104595,
    "RankICIR": 0.28737819150447946,
    "n_days": 871
  }
}