{
  "experiment": "hist_csi300_recent_seed14",
  "config": "/home/jiajun/finance-gfm/results/seed100_gpu_master_hist_fixed/generated_configs/hist_recent.yaml",
  "overrides": [
    "task.model.kwargs.GPU=0",
    "task.model.kwargs.n_jobs=4",
    "task.model.kwargs.seed=14"
  ],
  "recorder_id": "20d5b543b64845fb89bb58b72b2032c6",
  "recorder_name": "mlflow_recorder",
  "source_run": "file:/home/jiajun/finance-gfm/mlruns",
  "logged_metrics": {
    "ICIR": 0.10098357578373227,
    "Rank ICIR": 0.19823133759656208,
    "Rank IC": 0.027118613313996835,
    "1day.excess_return_without_cost.mean": 2.5816493564181856e-05,
    "IC": 0.013613211731049114
  },
  "test_metrics": {
    "IC_mean": 0.013613211731049114,
    "IC_std": 0.13480619620960288,
    "ICIR": 0.10098357578373227,
    "RankIC_mean": 0.027118613313996835,
    "RankIC_std": 0.13680285691855792,
    "RankICIR": 0.19823133759656208,
    "n_days": 899
  }
}