{
  "experiment": "hist_csi300_recent_seed149",
  "config": "/home/jiajun/finance-gfm/results/seed100_gpu_master_hist_fixed/generated_configs/hist_recent.yaml",
  "overrides": [
    "task.model.kwargs.GPU=0",
    "task.model.kwargs.n_jobs=4",
    "task.model.kwargs.seed=149"
  ],
  "recorder_id": "97647099ed6845c8ae0ccee821b8b48a",
  "recorder_name": "mlflow_recorder",
  "source_run": "file:/home/jiajun/finance-gfm/mlruns",
  "logged_metrics": {
    "ICIR": 0.10677764443589045,
    "Rank ICIR": 0.19474655124553894,
    "Rank IC": 0.026288828103686004,
    "1day.excess_return_without_cost.mean": 2.5816493564181856e-05,
    "IC": 0.014112510973022779
  },
  "test_metrics": {
    "IC_mean": 0.014112510973022784,
    "IC_std": 0.13216728134039296,
    "ICIR": 0.1067776444358905,
    "RankIC_mean": 0.026288828103686,
    "RankIC_std": 0.134989954561715,
    "RankICIR": 0.1947465512455389,
    "n_days": 899
  }
}