{
  "experiment": "hist_csi300_official_seed44",
  "config": "/home/jiajun/finance-gfm/results/seed100_gpu_master_hist_fixed/generated_configs/hist_official.yaml",
  "overrides": [
    "task.model.kwargs.GPU=0",
    "task.model.kwargs.n_jobs=4",
    "task.model.kwargs.seed=44"
  ],
  "recorder_id": "4914ec8415ae471f812b17ab685718b0",
  "recorder_name": "mlflow_recorder",
  "source_run": "file:/home/jiajun/finance-gfm/mlruns",
  "logged_metrics": {
    "ICIR": 0.1926714116009155,
    "Rank ICIR": 0.28784682177853116,
    "1day.excess_return_without_cost.std": 0.012295189195465414,
    "Rank IC": 0.03670497688125472,
    "1day.excess_return_without_cost.mean": -0.00047714996283144685,
    "IC": 0.023567613007309175
  },
  "test_metrics": {
    "IC_mean": 0.023567613007309175,
    "IC_std": 0.12232023843851461,
    "ICIR": 0.1926714116009155,
    "RankIC_mean": 0.03670497688125473,
    "RankIC_std": 0.12751565799637513,
    "RankICIR": 0.2878468217785312,
    "n_days": 871
  }
}