{
  "experiment": "hist_csi300_official_seed57",
  "config": "/home/jiajun/finance-gfm/results/seed100_gpu_master_hist_fixed/generated_configs/hist_official.yaml",
  "overrides": [
    "task.model.kwargs.GPU=0",
    "task.model.kwargs.n_jobs=4",
    "task.model.kwargs.seed=57"
  ],
  "recorder_id": "f8ab5d60d67f4ca7b77b237ffa5e7450",
  "recorder_name": "mlflow_recorder",
  "source_run": "file:/home/jiajun/finance-gfm/mlruns",
  "logged_metrics": {
    "ICIR": 0.17979142561794884,
    "Rank ICIR": 0.2644221074992369,
    "1day.excess_return_without_cost.std": 0.012295189195465414,
    "Rank IC": 0.03425161275742459,
    "1day.excess_return_without_cost.mean": -0.00047714996283144685,
    "IC": 0.02193803928314182
  },
  "test_metrics": {
    "IC_mean": 0.02193803928314182,
    "IC_std": 0.12201938556157545,
    "ICIR": 0.1797914256179489,
    "RankIC_mean": 0.034251612757424596,
    "RankIC_std": 0.12953384677763163,
    "RankICIR": 0.26442210749923695,
    "n_days": 871
  }
}