{
  "experiment": "hist_csi300_recent_seed314",
  "config": "/home/jiajun/finance-gfm/results/seed100_gpu_master_hist_fixed/generated_configs/hist_recent.yaml",
  "overrides": [
    "task.model.kwargs.GPU=0",
    "task.model.kwargs.n_jobs=4",
    "task.model.kwargs.seed=314"
  ],
  "recorder_id": "10718ddd26514acbbceac032060d5b4e",
  "recorder_name": "mlflow_recorder",
  "source_run": "file:/home/jiajun/finance-gfm/mlruns",
  "logged_metrics": {
    "ICIR": 0.10361351475499761,
    "Rank ICIR": 0.20840333405403447,
    "Rank IC": 0.028585333917247345,
    "1day.excess_return_without_cost.mean": 2.5816493564181856e-05,
    "IC": 0.014008777163666844
  },
  "test_metrics": {
    "IC_mean": 0.014008777163666839,
    "IC_std": 0.13520221948644162,
    "ICIR": 0.10361351475499757,
    "RankIC_mean": 0.02858533391724734,
    "RankIC_std": 0.13716351538711846,
    "RankICIR": 0.20840333405403444,
    "n_days": 899
  }
}