{
  "experiment": "hist_csi300_recent_seed123",
  "config": "/home/jiajun/finance-gfm/results/seed100_gpu_master_hist_fixed/generated_configs/hist_recent.yaml",
  "overrides": [
    "task.model.kwargs.GPU=0",
    "task.model.kwargs.n_jobs=4",
    "task.model.kwargs.seed=123"
  ],
  "recorder_id": "180144a7611f4782a528d6e00ea4a3ac",
  "recorder_name": "mlflow_recorder",
  "source_run": "file:/home/jiajun/finance-gfm/mlruns",
  "logged_metrics": {
    "ICIR": 0.11387427938381335,
    "Rank ICIR": 0.20741143154963843,
    "Rank IC": 0.02844742262967907,
    "1day.excess_return_without_cost.mean": 2.5816493564181856e-05,
    "IC": 0.015436991424305527
  },
  "test_metrics": {
    "IC_mean": 0.015436991424305522,
    "IC_std": 0.13556170460824726,
    "ICIR": 0.11387427938381331,
    "RankIC_mean": 0.02844742262967907,
    "RankIC_std": 0.1371545551618785,
    "RankICIR": 0.20741143154963843,
    "n_days": 899
  }
}