{
  "experiment": "hist_csi300_official_seed199",
  "config": "/home/jiajun/finance-gfm/results/seed100_gpu_master_hist_fixed/generated_configs/hist_official.yaml",
  "overrides": [
    "task.model.kwargs.GPU=0",
    "task.model.kwargs.n_jobs=4",
    "task.model.kwargs.seed=199"
  ],
  "recorder_id": "95d952ba80ec44208ff53c185d4eac95",
  "recorder_name": "mlflow_recorder",
  "source_run": "file:/home/jiajun/finance-gfm/mlruns",
  "logged_metrics": {
    "ICIR": 0.21262721697925901,
    "Rank ICIR": 0.30156922981659945,
    "Rank IC": 0.03798679133165988,
    "1day.excess_return_without_cost.mean": -0.00047714996283144685,
    "IC": 0.026438507952174523
  },
  "test_metrics": {
    "IC_mean": 0.02643850795217452,
    "IC_std": 0.12434206837572209,
    "ICIR": 0.212627216979259,
    "RankIC_mean": 0.03798679133165988,
    "RankIC_std": 0.1259637508599989,
    "RankICIR": 0.30156922981659945,
    "n_days": 871
  }
}