{
  "experiment": "hist_csi300_recent_seed25",
  "config": "/home/jiajun/finance-gfm/results/seed100_gpu_master_hist_fixed/generated_configs/hist_recent.yaml",
  "overrides": [
    "task.model.kwargs.GPU=0",
    "task.model.kwargs.n_jobs=4",
    "task.model.kwargs.seed=25"
  ],
  "recorder_id": "ca94388ffe3341d984aaeb6cfa021760",
  "recorder_name": "mlflow_recorder",
  "source_run": "file:/home/jiajun/finance-gfm/mlruns",
  "logged_metrics": {
    "ICIR": 0.11537019145938796,
    "Rank ICIR": 0.20212043797070128,
    "Rank IC": 0.026035281823032053,
    "1day.excess_return_without_cost.mean": 2.5816493564181856e-05,
    "IC": 0.01465796089053796
  },
  "test_metrics": {
    "IC_mean": 0.01465796089053796,
    "IC_std": 0.1270515434283368,
    "ICIR": 0.11537019145938796,
    "RankIC_mean": 0.026035281823032053,
    "RankIC_std": 0.12881073326590575,
    "RankICIR": 0.20212043797070128,
    "n_days": 899
  }
}