{
  "experiment": "hist_csi300_official_seed99",
  "config": "/home/jiajun/finance-gfm/results/seed100_gpu_master_hist_fixed/generated_configs/hist_official.yaml",
  "overrides": [
    "task.model.kwargs.GPU=0",
    "task.model.kwargs.n_jobs=4",
    "task.model.kwargs.seed=99"
  ],
  "recorder_id": "9888083f6f074df6845f9e3a9cfefd0f",
  "recorder_name": "mlflow_recorder",
  "source_run": "file:/home/jiajun/finance-gfm/mlruns",
  "logged_metrics": {
    "ICIR": 0.22597369097374886,
    "Rank ICIR": 0.3029346818108633,
    "Rank IC": 0.03799932874139585,
    "1day.excess_return_without_cost.mean": -0.00047714996283144685,
    "IC": 0.027618475181800366
  },
  "test_metrics": {
    "IC_mean": 0.027618475181800366,
    "IC_std": 0.12221987021050507,
    "ICIR": 0.22597369097374886,
    "RankIC_mean": 0.03799932874139585,
    "RankIC_std": 0.12543736661066976,
    "RankICIR": 0.3029346818108633,
    "n_days": 871
  }
}