{
  "experiment": "hist_csi300_official_seed15",
  "config": "/home/jiajun/finance-gfm/results/seed100_gpu_master_hist_fixed/generated_configs/hist_official.yaml",
  "overrides": [
    "task.model.kwargs.GPU=0",
    "task.model.kwargs.n_jobs=4",
    "task.model.kwargs.seed=15"
  ],
  "recorder_id": "1b5d344340494f39a6b08c8a44adcc96",
  "recorder_name": "mlflow_recorder",
  "source_run": "file:/home/jiajun/finance-gfm/mlruns",
  "logged_metrics": {
    "ICIR": 0.23720939438517125,
    "Rank ICIR": 0.3269709678315659,
    "1day.excess_return_without_cost.std": 0.012295189195465414,
    "Rank IC": 0.04081966399107534,
    "1day.excess_return_without_cost.mean": -0.00047714996283144685,
    "IC": 0.029401236927525522
  },
  "test_metrics": {
    "IC_mean": 0.029401236927525526,
    "IC_std": 0.12394634286610486,
    "ICIR": 0.23720939438517127,
    "RankIC_mean": 0.04081966399107533,
    "RankIC_std": 0.12484186061467993,
    "RankICIR": 0.3269709678315658,
    "n_days": 871
  }
}