{
  "experiment": "hist_csi300_official_seed36",
  "config": "/home/jiajun/finance-gfm/results/seed100_gpu_master_hist_fixed/generated_configs/hist_official.yaml",
  "overrides": [
    "task.model.kwargs.GPU=0",
    "task.model.kwargs.n_jobs=4",
    "task.model.kwargs.seed=36"
  ],
  "recorder_id": "e92bb747755e4f0eb6c73973327d3d0f",
  "recorder_name": "mlflow_recorder",
  "source_run": "file:/home/jiajun/finance-gfm/mlruns",
  "logged_metrics": {
    "ICIR": 0.21201544001054434,
    "Rank ICIR": 0.29310453586151836,
    "1day.excess_return_without_cost.std": 0.012295189195465414,
    "Rank IC": 0.03749783711375897,
    "1day.excess_return_without_cost.mean": -0.00047714996283144685,
    "IC": 0.025965594358271032
  },
  "test_metrics": {
    "IC_mean": 0.025965594358271032,
    "IC_std": 0.12247029913000515,
    "ICIR": 0.21201544001054437,
    "RankIC_mean": 0.03749783711375897,
    "RankIC_std": 0.1279333225040072,
    "RankICIR": 0.2931045358615183,
    "n_days": 871
  }
}