{
  "experiment": "hist_csi300_recent_seed200",
  "config": "/home/jiajun/finance-gfm/results/seed100_gpu_master_hist_fixed/generated_configs/hist_recent.yaml",
  "overrides": [
    "task.model.kwargs.GPU=0",
    "task.model.kwargs.n_jobs=4",
    "task.model.kwargs.seed=200"
  ],
  "recorder_id": "78c045ac88cf4d2fa2612cf9405a10d3",
  "recorder_name": "mlflow_recorder",
  "source_run": "file:/home/jiajun/finance-gfm/mlruns",
  "logged_metrics": {
    "ICIR": 0.1073063283433533,
    "Rank ICIR": 0.21085479617694808,
    "Rank IC": 0.02871890405712586,
    "1day.excess_return_without_cost.mean": 2.5816493564181856e-05,
    "IC": 0.01443718015516001
  },
  "test_metrics": {
    "IC_mean": 0.014437180155160005,
    "IC_std": 0.13454174025006857,
    "ICIR": 0.10730632834335327,
    "RankIC_mean": 0.02871890405712586,
    "RankIC_std": 0.1362022803267189,
    "RankICIR": 0.21085479617694808,
    "n_days": 899
  }
}