{
  "experiment": "hist_csi300_official_seed14",
  "config": "/home/jiajun/finance-gfm/results/seed100_gpu_master_hist_fixed/generated_configs/hist_official.yaml",
  "overrides": [
    "task.model.kwargs.GPU=0",
    "task.model.kwargs.n_jobs=4",
    "task.model.kwargs.seed=14"
  ],
  "recorder_id": "28d75dfc5c19436392e640c16b7219bd",
  "recorder_name": "mlflow_recorder",
  "source_run": "file:/home/jiajun/finance-gfm/mlruns",
  "logged_metrics": {
    "ICIR": 0.21408305725305204,
    "Rank ICIR": 0.29654917975558664,
    "1day.excess_return_without_cost.std": 0.012295189195465414,
    "Rank IC": 0.03768997095352119,
    "1day.excess_return_without_cost.mean": -0.00047714996283144685,
    "IC": 0.02612788497331748
  },
  "test_metrics": {
    "IC_mean": 0.026127884973317483,
    "IC_std": 0.12204555235977223,
    "ICIR": 0.21408305725305207,
    "RankIC_mean": 0.03768997095352119,
    "RankIC_std": 0.12709517856223695,
    "RankICIR": 0.29654917975558664,
    "n_days": 871
  }
}