{
  "experiment": "hist_csi300_official_seed25",
  "config": "/home/jiajun/finance-gfm/results/seed100_gpu_master_hist_fixed/generated_configs/hist_official.yaml",
  "overrides": [
    "task.model.kwargs.GPU=0",
    "task.model.kwargs.n_jobs=4",
    "task.model.kwargs.seed=25"
  ],
  "recorder_id": "8e67649e3fa840959548659a0fa4899c",
  "recorder_name": "mlflow_recorder",
  "source_run": "file:/home/jiajun/finance-gfm/mlruns",
  "logged_metrics": {
    "ICIR": 0.20148048947193903,
    "Rank ICIR": 0.27973831492286005,
    "Rank IC": 0.03651871790115077,
    "1day.excess_return_without_cost.mean": -0.00047714996283144685,
    "IC": 0.024773245027587383
  },
  "test_metrics": {
    "IC_mean": 0.024773245027587383,
    "IC_std": 0.12295604945429542,
    "ICIR": 0.20148048947193903,
    "RankIC_mean": 0.03651871790115078,
    "RankIC_std": 0.13054599943243772,
    "RankICIR": 0.2797383149228601,
    "n_days": 871
  }
}