{
  "experiment": "hist_csi300_official_seed18",
  "config": "/home/jiajun/finance-gfm/results/seed100_gpu_master_hist_fixed/generated_configs/hist_official.yaml",
  "overrides": [
    "task.model.kwargs.GPU=0",
    "task.model.kwargs.n_jobs=4",
    "task.model.kwargs.seed=18"
  ],
  "recorder_id": "aa1a269782254faa8481506e103cc2d0",
  "recorder_name": "mlflow_recorder",
  "source_run": "file:/home/jiajun/finance-gfm/mlruns",
  "logged_metrics": {
    "ICIR": 0.24060151602930765,
    "Rank ICIR": 0.32233838880659377,
    "1day.excess_return_without_cost.std": 0.012295189195465414,
    "Rank IC": 0.0402406289139218,
    "1day.excess_return_without_cost.mean": -0.00047714996283144685,
    "IC": 0.02938984949433319
  },
  "test_metrics": {
    "IC_mean": 0.02938984949433319,
    "IC_std": 0.12215155573148266,
    "ICIR": 0.24060151602930765,
    "RankIC_mean": 0.0402406289139218,
    "RankIC_std": 0.12483970358884737,
    "RankICIR": 0.32233838880659377,
    "n_days": 871
  }
}