{
  "experiment": "hist_csi300_official_seed86",
  "config": "/home/jiajun/finance-gfm/results/seed100_gpu_master_hist_fixed/generated_configs/hist_official.yaml",
  "overrides": [
    "task.model.kwargs.GPU=0",
    "task.model.kwargs.n_jobs=4",
    "task.model.kwargs.seed=86"
  ],
  "recorder_id": "dc053d1a4bce4e46afd1bf071e6398c0",
  "recorder_name": "mlflow_recorder",
  "source_run": "file:/home/jiajun/finance-gfm/mlruns",
  "logged_metrics": {
    "ICIR": 0.164645720531588,
    "Rank ICIR": 0.2809624883725692,
    "Rank IC": 0.0349644552171921,
    "1day.excess_return_without_cost.mean": -0.00047714996283144685,
    "IC": 0.01991173653418211
  },
  "test_metrics": {
    "IC_mean": 0.01991173653418211,
    "IC_std": 0.12093686048986593,
    "ICIR": 0.164645720531588,
    "RankIC_mean": 0.034964455217192096,
    "RankIC_std": 0.12444527886878487,
    "RankICIR": 0.28096248837256915,
    "n_days": 871
  }
}