{
  "experiment": "hist_csi300_official_seed55",
  "config": "/home/jiajun/finance-gfm/results/seed100_gpu_master_hist_fixed/generated_configs/hist_official.yaml",
  "overrides": [
    "task.model.kwargs.GPU=0",
    "task.model.kwargs.n_jobs=4",
    "task.model.kwargs.seed=55"
  ],
  "recorder_id": "ab68e17a9b6d4187a474fd67fdfd5596",
  "recorder_name": "mlflow_recorder",
  "source_run": "file:/home/jiajun/finance-gfm/mlruns",
  "logged_metrics": {
    "ICIR": 0.1662085736315045,
    "Rank ICIR": 0.2661461882286478,
    "1day.excess_return_without_cost.std": 0.012295189195465414,
    "Rank IC": 0.03383827907816139,
    "1day.excess_return_without_cost.mean": -0.00047714996283144685,
    "IC": 0.020101911871624
  },
  "test_metrics": {
    "IC_mean": 0.020101911871624,
    "IC_std": 0.12094389255870322,
    "ICIR": 0.16620857363150454,
    "RankIC_mean": 0.03383827907816139,
    "RankIC_std": 0.1271417009703356,
    "RankICIR": 0.2661461882286478,
    "n_days": 871
  }
}