{
  "experiment": "hist_csi300_official_seed91",
  "config": "/home/jiajun/finance-gfm/results/seed100_gpu_master_hist_fixed/generated_configs/hist_official.yaml",
  "overrides": [
    "task.model.kwargs.GPU=0",
    "task.model.kwargs.n_jobs=4",
    "task.model.kwargs.seed=91"
  ],
  "recorder_id": "76dae05ddf814d2a99624f3aac52798e",
  "recorder_name": "mlflow_recorder",
  "source_run": "file:/home/jiajun/finance-gfm/mlruns",
  "logged_metrics": {
    "ICIR": 0.23760404141874478,
    "Rank ICIR": 0.31280599602776143,
    "Rank IC": 0.038552089645844285,
    "1day.excess_return_without_cost.mean": -0.00047714996283144685,
    "IC": 0.028775495508410565
  },
  "test_metrics": {
    "IC_mean": 0.02877549550841057,
    "IC_std": 0.12110692788132198,
    "ICIR": 0.23760404141874483,
    "RankIC_mean": 0.038552089645844285,
    "RankIC_std": 0.1232460059442812,
    "RankICIR": 0.31280599602776143,
    "n_days": 871
  }
}