{
  "experiment": "hist_csi300_official_seed63",
  "config": "/home/jiajun/finance-gfm/results/seed100_gpu_master_hist_fixed/generated_configs/hist_official.yaml",
  "overrides": [
    "task.model.kwargs.GPU=0",
    "task.model.kwargs.n_jobs=4",
    "task.model.kwargs.seed=63"
  ],
  "recorder_id": "1f2981a5733945f68d34219dd2a661e6",
  "recorder_name": "mlflow_recorder",
  "source_run": "file:/home/jiajun/finance-gfm/mlruns",
  "logged_metrics": {
    "ICIR": 0.2113105883222561,
    "Rank ICIR": 0.2965192566184409,
    "1day.excess_return_without_cost.std": 0.012295189195465414,
    "Rank IC": 0.03741857982841202,
    "1day.excess_return_without_cost.mean": -0.00047714996283144685,
    "IC": 0.025988849793018683
  },
  "test_metrics": {
    "IC_mean": 0.02598884979301869,
    "IC_std": 0.12298886676414326,
    "ICIR": 0.21131058832225616,
    "RankIC_mean": 0.03741857982841202,
    "RankIC_std": 0.1261927480027444,
    "RankICIR": 0.2965192566184409,
    "n_days": 871
  }
}