{
  "experiment": "hist_csi300_official_seed49",
  "config": "/home/jiajun/finance-gfm/results/seed100_gpu_master_hist_fixed/generated_configs/hist_official.yaml",
  "overrides": [
    "task.model.kwargs.GPU=0",
    "task.model.kwargs.n_jobs=4",
    "task.model.kwargs.seed=49"
  ],
  "recorder_id": "4d80115cdd304d318669470a0144273f",
  "recorder_name": "mlflow_recorder",
  "source_run": "file:/home/jiajun/finance-gfm/mlruns",
  "logged_metrics": {
    "ICIR": 0.2097280972558749,
    "Rank ICIR": 0.305566804694613,
    "Rank IC": 0.03871520625738068,
    "1day.excess_return_without_cost.mean": -0.00047714996283144685,
    "IC": 0.026188002268356055
  },
  "test_metrics": {
    "IC_mean": 0.02618800226835605,
    "IC_std": 0.12486644665643375,
    "ICIR": 0.20972809725587488,
    "RankIC_mean": 0.03871520625738068,
    "RankIC_std": 0.12669964689414842,
    "RankICIR": 0.305566804694613,
    "n_days": 871
  }
}