{
  "experiment": "hist_csi300_official_seed79",
  "config": "/home/jiajun/finance-gfm/results/seed100_gpu_master_hist_fixed/generated_configs/hist_official.yaml",
  "overrides": [
    "task.model.kwargs.GPU=0",
    "task.model.kwargs.n_jobs=4",
    "task.model.kwargs.seed=79"
  ],
  "recorder_id": "8ed783d181dc46f48670eeefa4464993",
  "recorder_name": "mlflow_recorder",
  "source_run": "file:/home/jiajun/finance-gfm/mlruns",
  "logged_metrics": {
    "ICIR": 0.22667951304670347,
    "Rank ICIR": 0.30026499864865236,
    "Rank IC": 0.03825279814339036,
    "1day.excess_return_without_cost.mean": -0.00047714996283144685,
    "IC": 0.027760031358479934
  },
  "test_metrics": {
    "IC_mean": 0.027760031358479934,
    "IC_std": 0.12246378592122902,
    "ICIR": 0.22667951304670347,
    "RankIC_mean": 0.03825279814339036,
    "RankIC_std": 0.12739679388389494,
    "RankICIR": 0.30026499864865236,
    "n_days": 871
  }
}