{
  "experiment": "hist_csi300_official_seed4",
  "config": "/home/jiajun/finance-gfm/results/seed100_gpu_master_hist_fixed/generated_configs/hist_official.yaml",
  "overrides": [
    "task.model.kwargs.GPU=0",
    "task.model.kwargs.n_jobs=4",
    "task.model.kwargs.seed=4"
  ],
  "recorder_id": "a7971cca0d194b42b00b5776d3fff3ce",
  "recorder_name": "mlflow_recorder",
  "source_run": "file:/home/jiajun/finance-gfm/mlruns",
  "logged_metrics": {
    "ICIR": 0.24777218232702067,
    "Rank ICIR": 0.31856900468038385,
    "1day.excess_return_without_cost.std": 0.012295189195465414,
    "Rank IC": 0.03993559200179809,
    "1day.excess_return_without_cost.mean": -0.00047714996283144685,
    "IC": 0.030122143986259953
  },
  "test_metrics": {
    "IC_mean": 0.030122143986259956,
    "IC_std": 0.12157193637865052,
    "ICIR": 0.2477721823270207,
    "RankIC_mean": 0.03993559200179809,
    "RankIC_std": 0.12535931435597428,
    "RankICIR": 0.3185690046803839,
    "n_days": 871
  }
}