{
  "experiment": "hist_csi300_recent_seed19",
  "config": "/home/jiajun/finance-gfm/results/seed100_gpu_master_hist_fixed/generated_configs/hist_recent.yaml",
  "overrides": [
    "task.model.kwargs.GPU=0",
    "task.model.kwargs.n_jobs=4",
    "task.model.kwargs.seed=19"
  ],
  "recorder_id": "cfacf23b80a24db39d89cefd540e378e",
  "recorder_name": "mlflow_recorder",
  "source_run": "file:/home/jiajun/finance-gfm/mlruns",
  "logged_metrics": {
    "ICIR": 0.10125543985606292,
    "Rank ICIR": 0.2060795710612765,
    "Rank IC": 0.02828807657178431,
    "1day.excess_return_without_cost.mean": 2.5816493564181856e-05,
    "IC": 0.013716042351636827
  },
  "test_metrics": {
    "IC_mean": 0.013716042351636822,
    "IC_std": 0.13545980710897623,
    "ICIR": 0.10125543985606288,
    "RankIC_mean": 0.028288076571784306,
    "RankIC_std": 0.13726773802034467,
    "RankICIR": 0.2060795710612765,
    "n_days": 899
  }
}