{
  "experiment": "hist_csi300_official_seed35",
  "config": "/home/jiajun/finance-gfm/results/seed100_gpu_master_hist_fixed/generated_configs/hist_official.yaml",
  "overrides": [
    "task.model.kwargs.GPU=0",
    "task.model.kwargs.n_jobs=4",
    "task.model.kwargs.seed=35"
  ],
  "recorder_id": "5ec0112be2c445fdacc70092cafe3a83",
  "recorder_name": "mlflow_recorder",
  "source_run": "file:/home/jiajun/finance-gfm/mlruns",
  "logged_metrics": {
    "ICIR": 0.169215876220535,
    "Rank ICIR": 0.2715297776799569,
    "Rank IC": 0.03459149435763375,
    "1day.excess_return_without_cost.mean": -0.00047714996283144685,
    "IC": 0.020498859582765483
  },
  "test_metrics": {
    "IC_mean": 0.02049885958276548,
    "IC_std": 0.1211402856552881,
    "ICIR": 0.16921587622053497,
    "RankIC_mean": 0.03459149435763375,
    "RankIC_std": 0.12739484653652092,
    "RankICIR": 0.2715297776799569,
    "n_days": 871
  }
}