{
  "experiment": "hist_csi300_official_seed2026",
  "config": "/home/jiajun/finance-gfm/results/seed100_gpu_master_hist_fixed/generated_configs/hist_official.yaml",
  "overrides": [
    "task.model.kwargs.GPU=0",
    "task.model.kwargs.n_jobs=4",
    "task.model.kwargs.seed=2026"
  ],
  "recorder_id": "961ff41bdc5241528609d7531812c912",
  "recorder_name": "mlflow_recorder",
  "source_run": "file:/home/jiajun/finance-gfm/mlruns",
  "logged_metrics": {
    "ICIR": 0.2384793756056651,
    "Rank ICIR": 0.30717286718064635,
    "Rank IC": 0.03911689105284101,
    "1day.excess_return_without_cost.mean": -0.00047714996283144685,
    "IC": 0.02945432696230924
  },
  "test_metrics": {
    "IC_mean": 0.029454326962309242,
    "IC_std": 0.12350890674509779,
    "ICIR": 0.23847937560566512,
    "RankIC_mean": 0.03911689105284101,
    "RankIC_std": 0.1273448772083005,
    "RankICIR": 0.30717286718064635,
    "n_days": 871
  }
}