{
  "experiment": "hist_csi300_official_seed47",
  "config": "/home/jiajun/finance-gfm/results/seed100_gpu_master_hist_fixed/generated_configs/hist_official.yaml",
  "overrides": [
    "task.model.kwargs.GPU=0",
    "task.model.kwargs.n_jobs=4",
    "task.model.kwargs.seed=47"
  ],
  "recorder_id": "b482f949e96f43f6b8f443607e61b831",
  "recorder_name": "mlflow_recorder",
  "source_run": "file:/home/jiajun/finance-gfm/mlruns",
  "logged_metrics": {
    "ICIR": 0.22688454769544458,
    "Rank ICIR": 0.3075415249087088,
    "Rank IC": 0.03872218650701937,
    "1day.excess_return_without_cost.mean": -0.00047714996283144685,
    "IC": 0.027687095854106426
  },
  "test_metrics": {
    "IC_mean": 0.02768709585410643,
    "IC_std": 0.12203165061409041,
    "ICIR": 0.22688454769544464,
    "RankIC_mean": 0.03872218650701937,
    "RankIC_std": 0.12590880700911442,
    "RankICIR": 0.3075415249087088,
    "n_days": 871
  }
}