{
  "experiment": "hist_csi300_recent_seed20",
  "config": "/home/jiajun/finance-gfm/results/seed100_gpu_master_hist_fixed/generated_configs/hist_recent.yaml",
  "overrides": [
    "task.model.kwargs.GPU=0",
    "task.model.kwargs.n_jobs=4",
    "task.model.kwargs.seed=20"
  ],
  "recorder_id": "b1641b33e5eb4da7af85f1c08e3323d3",
  "recorder_name": "mlflow_recorder",
  "source_run": "file:/home/jiajun/finance-gfm/mlruns",
  "logged_metrics": {
    "ICIR": 0.11179262690706367,
    "Rank ICIR": 0.20931242014382143,
    "1day.excess_return_without_cost.std": 0.011450727157032388,
    "Rank IC": 0.028216999516051715,
    "1day.excess_return_without_cost.mean": 2.5816493564181856e-05,
    "IC": 0.014813525454220154
  },
  "test_metrics": {
    "IC_mean": 0.014813525454220147,
    "IC_std": 0.13250896650398108,
    "ICIR": 0.11179262690706361,
    "RankIC_mean": 0.028216999516051715,
    "RankIC_std": 0.13480805150818775,
    "RankICIR": 0.20931242014382143,
    "n_days": 899
  }
}