{
  "experiment": "hist_csi300_official_seed69",
  "config": "/home/jiajun/finance-gfm/results/seed100_gpu_master_hist_fixed/generated_configs/hist_official.yaml",
  "overrides": [
    "task.model.kwargs.GPU=0",
    "task.model.kwargs.n_jobs=4",
    "task.model.kwargs.seed=69"
  ],
  "recorder_id": "aa138d7b230e4c1e808a5c3317dd88b3",
  "recorder_name": "mlflow_recorder",
  "source_run": "file:/home/jiajun/finance-gfm/mlruns",
  "logged_metrics": {
    "ICIR": 0.23908661881957,
    "Rank ICIR": 0.3110573577697427,
    "Rank IC": 0.039339626902362895,
    "1day.excess_return_without_cost.mean": -0.00047714996283144685,
    "IC": 0.029452785084055612
  },
  "test_metrics": {
    "IC_mean": 0.02945278508405562,
    "IC_std": 0.12318876409508539,
    "ICIR": 0.23908661881957005,
    "RankIC_mean": 0.0393396269023629,
    "RankIC_std": 0.1264706521794726,
    "RankICIR": 0.31105735776974275,
    "n_days": 871
  }
}