{
  "experiment": "hist_csi300_official_seed29",
  "config": "/home/jiajun/finance-gfm/results/seed100_gpu_master_hist_fixed/generated_configs/hist_official.yaml",
  "overrides": [
    "task.model.kwargs.GPU=0",
    "task.model.kwargs.n_jobs=4",
    "task.model.kwargs.seed=29"
  ],
  "recorder_id": "295e074232394a64bbb56aa3a8ee2e6e",
  "recorder_name": "mlflow_recorder",
  "source_run": "file:/home/jiajun/finance-gfm/mlruns",
  "logged_metrics": {
    "ICIR": 0.23015735123954031,
    "Rank ICIR": 0.3124157229745755,
    "Rank IC": 0.03859390186689158,
    "1day.excess_return_without_cost.mean": -0.00047714996283144685,
    "IC": 0.028067434108150956
  },
  "test_metrics": {
    "IC_mean": 0.028067434108150956,
    "IC_std": 0.12194889260321422,
    "ICIR": 0.23015735123954031,
    "RankIC_mean": 0.03859390186689158,
    "RankIC_std": 0.12353380137027344,
    "RankICIR": 0.3124157229745755,
    "n_days": 871
  }
}