{
  "experiment": "hist_csi300_official_seed32",
  "config": "/home/jiajun/finance-gfm/results/seed100_gpu_master_hist_fixed/generated_configs/hist_official.yaml",
  "overrides": [
    "task.model.kwargs.GPU=0",
    "task.model.kwargs.n_jobs=4",
    "task.model.kwargs.seed=32"
  ],
  "recorder_id": "c065fbdc0c8f43ecb24612c5bb260fce",
  "recorder_name": "mlflow_recorder",
  "source_run": "file:/home/jiajun/finance-gfm/mlruns",
  "logged_metrics": {
    "ICIR": 0.21690801366607698,
    "Rank ICIR": 0.2943734422377984,
    "Rank IC": 0.037620639036858486,
    "1day.excess_return_without_cost.mean": -0.00047714996283144685,
    "IC": 0.026929180911917025
  },
  "test_metrics": {
    "IC_mean": 0.026929180911917025,
    "IC_std": 0.12415023519312499,
    "ICIR": 0.21690801366607698,
    "RankIC_mean": 0.037620639036858486,
    "RankIC_std": 0.12779902545171887,
    "RankICIR": 0.2943734422377984,
    "n_days": 871
  }
}