{
  "experiment": "hist_csi300_official_seed83",
  "config": "/home/jiajun/finance-gfm/results/seed100_gpu_master_hist_fixed/generated_configs/hist_official.yaml",
  "overrides": [
    "task.model.kwargs.GPU=0",
    "task.model.kwargs.n_jobs=4",
    "task.model.kwargs.seed=83"
  ],
  "recorder_id": "735f41f907c848bab2713a395f736fc9",
  "recorder_name": "mlflow_recorder",
  "source_run": "file:/home/jiajun/finance-gfm/mlruns",
  "logged_metrics": {
    "ICIR": 0.20926795018148456,
    "Rank ICIR": 0.2956785444494692,
    "Rank IC": 0.037680734550208136,
    "1day.excess_return_without_cost.mean": -0.00047714996283144685,
    "IC": 0.02582839506671383
  },
  "test_metrics": {
    "IC_mean": 0.025828395066713826,
    "IC_std": 0.12342260266951786,
    "ICIR": 0.20926795018148456,
    "RankIC_mean": 0.037680734550208136,
    "RankIC_std": 0.12743817655206185,
    "RankICIR": 0.2956785444494693,
    "n_days": 871
  }
}