{
  "experiment": "hist_csi300_recent_seed60",
  "config": "/home/jiajun/finance-gfm/results/seed100_gpu_master_hist_fixed/generated_configs/hist_recent.yaml",
  "overrides": [
    "task.model.kwargs.GPU=0",
    "task.model.kwargs.n_jobs=4",
    "task.model.kwargs.seed=60"
  ],
  "recorder_id": "44d22758212f4a0784816657c44e7f5a",
  "recorder_name": "mlflow_recorder",
  "source_run": "file:/home/jiajun/finance-gfm/mlruns",
  "logged_metrics": {
    "ICIR": 0.10958173604921921,
    "Rank ICIR": 0.22094379295433506,
    "Rank IC": 0.030094614830045704,
    "1day.excess_return_without_cost.mean": 2.5816493564181856e-05,
    "IC": 0.014949226792344844
  },
  "test_metrics": {
    "IC_mean": 0.014949226792344844,
    "IC_std": 0.1364207880921901,
    "ICIR": 0.10958173604921921,
    "RankIC_mean": 0.030094614830045704,
    "RankIC_std": 0.13620936993810773,
    "RankICIR": 0.22094379295433506,
    "n_days": 899
  }
}