{
  "experiment": "hist_csi300_recent_seed256",
  "config": "/home/jiajun/finance-gfm/results/seed100_gpu_master_hist_fixed/generated_configs/hist_recent.yaml",
  "overrides": [
    "task.model.kwargs.GPU=0",
    "task.model.kwargs.n_jobs=4",
    "task.model.kwargs.seed=256"
  ],
  "recorder_id": "e5f618fb34e740f3bc0e9b4d1752a9cd",
  "recorder_name": "mlflow_recorder",
  "source_run": "file:/home/jiajun/finance-gfm/mlruns",
  "logged_metrics": {
    "ICIR": 0.1091142084762726,
    "Rank ICIR": 0.22042258383118105,
    "Rank IC": 0.029804329265206316,
    "1day.excess_return_without_cost.mean": 2.5816493564181856e-05,
    "IC": 0.014651824783128273
  },
  "test_metrics": {
    "IC_mean": 0.014651824783128273,
    "IC_std": 0.1342797146928338,
    "ICIR": 0.1091142084762726,
    "RankIC_mean": 0.02980432926520632,
    "RankIC_std": 0.13521449910973318,
    "RankICIR": 0.22042258383118107,
    "n_days": 899
  }
}