{
  "experiment": "hist_csi300_official_seed100",
  "config": "/home/jiajun/finance-gfm/results/seed100_gpu_master_hist_fixed/generated_configs/hist_official.yaml",
  "overrides": [
    "task.model.kwargs.GPU=0",
    "task.model.kwargs.n_jobs=4",
    "task.model.kwargs.seed=100"
  ],
  "recorder_id": "6faad356bcd0485286440a2dfb7ec6f6",
  "recorder_name": "mlflow_recorder",
  "source_run": "file:/home/jiajun/finance-gfm/mlruns",
  "logged_metrics": {
    "ICIR": 0.1920497595940085,
    "Rank ICIR": 0.29661600570884883,
    "Rank IC": 0.037511648960836856,
    "1day.excess_return_without_cost.mean": -0.00047714996283144685,
    "IC": 0.02397545175673557
  },
  "test_metrics": {
    "IC_mean": 0.023975451756735572,
    "IC_std": 0.1248397905179338,
    "ICIR": 0.19204975959400852,
    "RankIC_mean": 0.03751164896083685,
    "RankIC_std": 0.1264653566863057,
    "RankICIR": 0.2966160057088488,
    "n_days": 871
  }
}