{
  "experiment": "hist_csi300_official_seed17",
  "config": "/home/jiajun/finance-gfm/results/seed100_gpu_master_hist_fixed/generated_configs/hist_official.yaml",
  "overrides": [
    "task.model.kwargs.GPU=0",
    "task.model.kwargs.n_jobs=4",
    "task.model.kwargs.seed=17"
  ],
  "recorder_id": "0786f052d144455ba4dc8b4064b84d8f",
  "recorder_name": "mlflow_recorder",
  "source_run": "file:/home/jiajun/finance-gfm/mlruns",
  "logged_metrics": {
    "ICIR": 0.1853022611550638,
    "Rank ICIR": 0.2743198098031216,
    "Rank IC": 0.035781738419498034,
    "1day.excess_return_without_cost.mean": -0.00047714996283144685,
    "IC": 0.02278252106780561
  },
  "test_metrics": {
    "IC_mean": 0.02278252106780561,
    "IC_std": 0.1229478848546853,
    "ICIR": 0.1853022611550638,
    "RankIC_mean": 0.035781738419498034,
    "RankIC_std": 0.13043804034852044,
    "RankICIR": 0.27431980980312165,
    "n_days": 871
  }
}