{
  "experiment": "hist_csi300_recent_seed11",
  "config": "/home/jiajun/finance-gfm/results/seed100_gpu_master_hist_fixed/generated_configs/hist_recent.yaml",
  "overrides": [
    "task.model.kwargs.GPU=0",
    "task.model.kwargs.n_jobs=4",
    "task.model.kwargs.seed=11"
  ],
  "recorder_id": "fb1b52e89576406a9ad25cc24e8944b6",
  "recorder_name": "mlflow_recorder",
  "source_run": "file:/home/jiajun/finance-gfm/mlruns",
  "logged_metrics": {
    "ICIR": 0.10420844061291874,
    "Rank ICIR": 0.2083420896427508,
    "Rank IC": 0.029570572108050662,
    "1day.excess_return_without_cost.mean": 2.5816493564181856e-05,
    "IC": 0.014655069604181859
  },
  "test_metrics": {
    "IC_mean": 0.01465506960418186,
    "IC_std": 0.140632270457035,
    "ICIR": 0.10420844061291876,
    "RankIC_mean": 0.029570572108050662,
    "RankIC_std": 0.14193278064339296,
    "RankICIR": 0.2083420896427508,
    "n_days": 899
  }
}