{
  "experiment": "hist_csi300_official_seed40",
  "config": "/home/jiajun/finance-gfm/results/seed100_gpu_master_hist_fixed/generated_configs/hist_official.yaml",
  "overrides": [
    "task.model.kwargs.GPU=0",
    "task.model.kwargs.n_jobs=4",
    "task.model.kwargs.seed=40"
  ],
  "recorder_id": "4593af511bf04a828d6c4c4a515cf757",
  "recorder_name": "mlflow_recorder",
  "source_run": "file:/home/jiajun/finance-gfm/mlruns",
  "logged_metrics": {
    "ICIR": 0.23312500140002423,
    "Rank ICIR": 0.3109614615477636,
    "Rank IC": 0.03994353212985484,
    "1day.excess_return_without_cost.mean": -0.00047714996283144685,
    "IC": 0.02893408044299306
  },
  "test_metrics": {
    "IC_mean": 0.028934080442993056,
    "IC_std": 0.12411401724066672,
    "ICIR": 0.2331250014000242,
    "RankIC_mean": 0.03994353212985484,
    "RankIC_std": 0.12845171209011547,
    "RankICIR": 0.3109614615477636,
    "n_days": 871
  }
}