{
  "experiment": "hist_csi300_recent_seed80",
  "config": "/home/jiajun/finance-gfm/results/seed100_gpu_master_hist_fixed/generated_configs/hist_recent.yaml",
  "overrides": [
    "task.model.kwargs.GPU=0",
    "task.model.kwargs.n_jobs=4",
    "task.model.kwargs.seed=80"
  ],
  "recorder_id": "1bb8767d5cce4e04845d4d9e95a47be6",
  "recorder_name": "mlflow_recorder",
  "source_run": "file:/home/jiajun/finance-gfm/mlruns",
  "logged_metrics": {
    "ICIR": 0.10799972836898313,
    "Rank ICIR": 0.20796859770397869,
    "1day.excess_return_without_cost.std": 0.011450727157032388,
    "Rank IC": 0.028453258046938712,
    "1day.excess_return_without_cost.mean": 2.5816493564181856e-05,
    "IC": 0.014434543373663828
  },
  "test_metrics": {
    "IC_mean": 0.014434543373663834,
    "IC_std": 0.1336535155380015,
    "ICIR": 0.10799972836898317,
    "RankIC_mean": 0.02845325804693871,
    "RankIC_std": 0.13681516517911477,
    "RankICIR": 0.20796859770397866,
    "n_days": 899
  }
}