{
  "experiment": "hist_csi300_recent_seed41",
  "config": "/home/jiajun/finance-gfm/results/seed100_gpu_master_hist_fixed/generated_configs/hist_recent.yaml",
  "overrides": [
    "task.model.kwargs.GPU=0",
    "task.model.kwargs.n_jobs=4",
    "task.model.kwargs.seed=41"
  ],
  "recorder_id": "2432553dc7444786be6699f668ea9ee1",
  "recorder_name": "mlflow_recorder",
  "source_run": "file:/home/jiajun/finance-gfm/mlruns",
  "logged_metrics": {
    "ICIR": 0.11870368962493158,
    "Rank ICIR": 0.22226682591461386,
    "1day.excess_return_without_cost.std": 0.011450727157032388,
    "Rank IC": 0.030198154829323014,
    "1day.excess_return_without_cost.mean": 2.5816493564181856e-05,
    "IC": 0.0159661361272156
  },
  "test_metrics": {
    "IC_mean": 0.015966136127215605,
    "IC_std": 0.13450412685287078,
    "ICIR": 0.11870368962493164,
    "RankIC_mean": 0.03019815482932301,
    "RankIC_std": 0.13586442648406719,
    "RankICIR": 0.22226682591461383,
    "n_days": 899
  }
}