{
  "experiment": "hist_csi300_official_seed81",
  "config": "/home/jiajun/finance-gfm/results/seed100_gpu_master_hist_fixed/generated_configs/hist_official.yaml",
  "overrides": [
    "task.model.kwargs.GPU=0",
    "task.model.kwargs.n_jobs=4",
    "task.model.kwargs.seed=81"
  ],
  "recorder_id": "50fe9d878846476ca5ba2126ae0959a1",
  "recorder_name": "mlflow_recorder",
  "source_run": "file:/home/jiajun/finance-gfm/mlruns",
  "logged_metrics": {
    "ICIR": 0.19332584286492072,
    "Rank ICIR": 0.2873253183155949,
    "1day.excess_return_without_cost.std": 0.012295189195465414,
    "Rank IC": 0.036008751388808054,
    "1day.excess_return_without_cost.mean": -0.00047714996283144685,
    "IC": 0.022942847864934425
  },
  "test_metrics": {
    "IC_mean": 0.022942847864934425,
    "IC_std": 0.11867450065103242,
    "ICIR": 0.19332584286492072,
    "RankIC_mean": 0.036008751388808054,
    "RankIC_std": 0.12532397632030623,
    "RankICIR": 0.2873253183155948,
    "n_days": 871
  }
}