{
  "experiment": "hist_csi300_official_seed256",
  "config": "/home/jiajun/finance-gfm/results/seed100_gpu_master_hist_fixed/generated_configs/hist_official.yaml",
  "overrides": [
    "task.model.kwargs.GPU=0",
    "task.model.kwargs.n_jobs=4",
    "task.model.kwargs.seed=256"
  ],
  "recorder_id": "630f54bbad4a4a2b9c8147c12abd7e00",
  "recorder_name": "mlflow_recorder",
  "source_run": "file:/home/jiajun/finance-gfm/mlruns",
  "logged_metrics": {
    "ICIR": 0.23241258041117266,
    "Rank ICIR": 0.2987035268718926,
    "Rank IC": 0.03772125146206787,
    "1day.excess_return_without_cost.mean": -0.00047714996283144685,
    "IC": 0.02843088448300816
  },
  "test_metrics": {
    "IC_mean": 0.028430884483008165,
    "IC_std": 0.12232936974715254,
    "ICIR": 0.2324125804111727,
    "RankIC_mean": 0.03772125146206787,
    "RankIC_std": 0.12628324766398116,
    "RankICIR": 0.2987035268718926,
    "n_days": 871
  }
}