{
  "experiment": "hist_csi300_recent_seed27",
  "config": "/home/jiajun/finance-gfm/results/seed100_gpu_master_hist_fixed/generated_configs/hist_recent.yaml",
  "overrides": [
    "task.model.kwargs.GPU=0",
    "task.model.kwargs.n_jobs=4",
    "task.model.kwargs.seed=27"
  ],
  "recorder_id": "a067858091694a10b7a4b0549360b86c",
  "recorder_name": "mlflow_recorder",
  "source_run": "file:/home/jiajun/finance-gfm/mlruns",
  "logged_metrics": {
    "ICIR": 0.09952654900609277,
    "Rank ICIR": 0.1996711521550544,
    "1day.excess_return_without_cost.std": 0.011450727157032388,
    "Rank IC": 0.027369904730401465,
    "1day.excess_return_without_cost.mean": 2.5816493564181856e-05,
    "IC": 0.013410682378549567
  },
  "test_metrics": {
    "IC_mean": 0.013410682378549569,
    "IC_std": 0.1347447742584604,
    "ICIR": 0.09952654900609278,
    "RankIC_mean": 0.027369904730401462,
    "RankIC_std": 0.13707490759179572,
    "RankICIR": 0.19967115215505438,
    "n_days": 899
  }
}