{
  "experiment": "hist_csi300_official_seed128",
  "config": "/home/jiajun/finance-gfm/results/seed100_gpu_master_hist_fixed/generated_configs/hist_official.yaml",
  "overrides": [
    "task.model.kwargs.GPU=0",
    "task.model.kwargs.n_jobs=4",
    "task.model.kwargs.seed=128"
  ],
  "recorder_id": "f9decfe368294f20acc65d7c039d03fc",
  "recorder_name": "mlflow_recorder",
  "source_run": "file:/home/jiajun/finance-gfm/mlruns",
  "logged_metrics": {
    "ICIR": 0.1991402858495412,
    "Rank ICIR": 0.280981138185248,
    "Rank IC": 0.03591652372815548,
    "1day.excess_return_without_cost.mean": -0.00047714996283144685,
    "IC": 0.024297535111563635
  },
  "test_metrics": {
    "IC_mean": 0.02429753511156364,
    "IC_std": 0.12201215343198532,
    "ICIR": 0.19914028584954122,
    "RankIC_mean": 0.03591652372815548,
    "RankIC_std": 0.12782539055869324,
    "RankICIR": 0.280981138185248,
    "n_days": 871
  }
}