{
  "experiment": "hist_csi300_official_seed22",
  "config": "/home/jiajun/finance-gfm/results/seed100_gpu_master_hist_fixed/generated_configs/hist_official.yaml",
  "overrides": [
    "task.model.kwargs.GPU=0",
    "task.model.kwargs.n_jobs=4",
    "task.model.kwargs.seed=22"
  ],
  "recorder_id": "9cc3711df65a4f19b1009447cd784a85",
  "recorder_name": "mlflow_recorder",
  "source_run": "file:/home/jiajun/finance-gfm/mlruns",
  "logged_metrics": {
    "ICIR": 0.20759458106429868,
    "Rank ICIR": 0.2812345411759663,
    "Rank IC": 0.03594585460608106,
    "1day.excess_return_without_cost.mean": -0.00047714996283144685,
    "IC": 0.025588676358636205
  },
  "test_metrics": {
    "IC_mean": 0.025588676358636205,
    "IC_std": 0.12326273753123919,
    "ICIR": 0.20759458106429868,
    "RankIC_mean": 0.03594585460608105,
    "RankIC_std": 0.12781450833093086,
    "RankICIR": 0.28123454117596625,
    "n_days": 871
  }
}