{
  "experiment": "hist_csi300_recent_seed17",
  "config": "/home/jiajun/finance-gfm/results/seed100_gpu_master_hist_fixed/generated_configs/hist_recent.yaml",
  "overrides": [
    "task.model.kwargs.GPU=0",
    "task.model.kwargs.n_jobs=4",
    "task.model.kwargs.seed=17"
  ],
  "recorder_id": "d9c34a23012a495ea70259da9b1c5ed6",
  "recorder_name": "mlflow_recorder",
  "source_run": "file:/home/jiajun/finance-gfm/mlruns",
  "logged_metrics": {
    "ICIR": 0.10903943645060765,
    "Rank ICIR": 0.21513628539429755,
    "1day.excess_return_without_cost.std": 0.011450727157032388,
    "Rank IC": 0.029893303090638795,
    "1day.excess_return_without_cost.mean": 2.5816493564181856e-05,
    "IC": 0.01493808337377696
  },
  "test_metrics": {
    "IC_mean": 0.014938083373776964,
    "IC_std": 0.1369970706015485,
    "ICIR": 0.1090394364506077,
    "RankIC_mean": 0.029893303090638795,
    "RankIC_std": 0.138950540285898,
    "RankICIR": 0.21513628539429755,
    "n_days": 899
  }
}