{
  "experiment": "hist_csi300_recent_seed12",
  "config": "/home/jiajun/finance-gfm/results/seed100_gpu_master_hist_fixed/generated_configs/hist_recent.yaml",
  "overrides": [
    "task.model.kwargs.GPU=0",
    "task.model.kwargs.n_jobs=4",
    "task.model.kwargs.seed=12"
  ],
  "recorder_id": "d510c1e0d91641179ebdf203da3cb7e1",
  "recorder_name": "mlflow_recorder",
  "source_run": "file:/home/jiajun/finance-gfm/mlruns",
  "logged_metrics": {
    "ICIR": 0.11735989512796069,
    "Rank ICIR": 0.2303846757658589,
    "1day.excess_return_without_cost.std": 0.011450727157032388,
    "Rank IC": 0.03086667672918475,
    "1day.excess_return_without_cost.mean": 2.5816493564181856e-05,
    "IC": 0.01569367671531625
  },
  "test_metrics": {
    "IC_mean": 0.015693676715316247,
    "IC_std": 0.13372265455933655,
    "ICIR": 0.11735989512796066,
    "RankIC_mean": 0.03086667672918475,
    "RankIC_std": 0.13397886220763533,
    "RankICIR": 0.2303846757658589,
    "n_days": 899
  }
}