{
  "experiment": "hist_csi300_official_seed168",
  "config": "/home/jiajun/finance-gfm/results/seed100_gpu_master_hist_fixed/generated_configs/hist_official.yaml",
  "overrides": [
    "task.model.kwargs.GPU=0",
    "task.model.kwargs.n_jobs=4",
    "task.model.kwargs.seed=168"
  ],
  "recorder_id": "0de36e8ef9c048f685d4e53f57cadeef",
  "recorder_name": "mlflow_recorder",
  "source_run": "file:/home/jiajun/finance-gfm/mlruns",
  "logged_metrics": {
    "ICIR": 0.1971097976772006,
    "Rank ICIR": 0.27913070271904816,
    "Rank IC": 0.03671458838964434,
    "1day.excess_return_without_cost.mean": -0.00047714996283144685,
    "IC": 0.02478939643628609
  },
  "test_metrics": {
    "IC_mean": 0.0247893964362861,
    "IC_std": 0.12576440505957376,
    "ICIR": 0.1971097976772007,
    "RankIC_mean": 0.03671458838964434,
    "RankIC_std": 0.13153188822298228,
    "RankICIR": 0.27913070271904816,
    "n_days": 871
  }
}