{
  "experiment": "hist_csi300_recent_seed1",
  "config": "/home/jiajun/finance-gfm/results/seed100_gpu_master_hist_fixed/generated_configs/hist_recent.yaml",
  "overrides": [
    "task.model.kwargs.GPU=0",
    "task.model.kwargs.n_jobs=4",
    "task.model.kwargs.seed=1"
  ],
  "recorder_id": "c0ea6793a83348a7a8b668ab3fdfef22",
  "recorder_name": "mlflow_recorder",
  "source_run": "file:/home/jiajun/finance-gfm/mlruns",
  "logged_metrics": {
    "ICIR": 0.11861246168849117,
    "Rank ICIR": 0.2071283774278425,
    "1day.excess_return_without_cost.std": 0.011450727157032388,
    "Rank IC": 0.027379130085987947,
    "1day.excess_return_without_cost.mean": 2.5816493564181856e-05,
    "IC": 0.015507979955995583
  },
  "test_metrics": {
    "IC_mean": 0.015507979955995581,
    "IC_std": 0.13074494648567186,
    "ICIR": 0.11861246168849116,
    "RankIC_mean": 0.027379130085987947,
    "RankIC_std": 0.13218435072000714,
    "RankICIR": 0.2071283774278425,
    "n_days": 899
  }
}