{
  "experiment": "hist_csi300_recent_seed2026",
  "config": "/home/jiajun/finance-gfm/results/seed100_gpu_master_hist_fixed/generated_configs/hist_recent.yaml",
  "overrides": [
    "task.model.kwargs.GPU=0",
    "task.model.kwargs.n_jobs=4",
    "task.model.kwargs.seed=2026"
  ],
  "recorder_id": "e6959c898d694910b5d417d408c3fce5",
  "recorder_name": "mlflow_recorder",
  "source_run": "file:/home/jiajun/finance-gfm/mlruns",
  "logged_metrics": {
    "ICIR": 0.11165787644264454,
    "Rank ICIR": 0.214605481968056,
    "Rank IC": 0.029158747012934406,
    "1day.excess_return_without_cost.mean": 2.5816493564181856e-05,
    "IC": 0.015111762680704688
  },
  "test_metrics": {
    "IC_mean": 0.015111762680704688,
    "IC_std": 0.13533987177758275,
    "ICIR": 0.11165787644264454,
    "RankIC_mean": 0.029158747012934406,
    "RankIC_std": 0.1358713987430884,
    "RankICIR": 0.214605481968056,
    "n_days": 899
  }
}