{
  "experiment": "hist_csi300_recent_seed8",
  "config": "/home/jiajun/finance-gfm/results/seed100_gpu_master_hist_fixed/generated_configs/hist_recent.yaml",
  "overrides": [
    "task.model.kwargs.GPU=0",
    "task.model.kwargs.n_jobs=4",
    "task.model.kwargs.seed=8"
  ],
  "recorder_id": "7f2991f08fc446b48b8d715eae894ccd",
  "recorder_name": "mlflow_recorder",
  "source_run": "file:/home/jiajun/finance-gfm/mlruns",
  "logged_metrics": {
    "ICIR": 0.1057404968871902,
    "Rank ICIR": 0.2051858101283559,
    "1day.excess_return_without_cost.std": 0.011450727157032388,
    "Rank IC": 0.027630728042068307,
    "1day.excess_return_without_cost.mean": 2.5816493564181856e-05,
    "IC": 0.01402920431171478
  },
  "test_metrics": {
    "IC_mean": 0.014029204311714779,
    "IC_std": 0.1326757933309308,
    "ICIR": 0.1057404968871902,
    "RankIC_mean": 0.027630728042068307,
    "RankIC_std": 0.13466198283781733,
    "RankICIR": 0.2051858101283559,
    "n_days": 899
  }
}