{
  "experiment": "hist_csi300_official_seed71",
  "config": "/home/jiajun/finance-gfm/results/seed100_gpu_master_hist_fixed/generated_configs/hist_official.yaml",
  "overrides": [
    "task.model.kwargs.GPU=0",
    "task.model.kwargs.n_jobs=4",
    "task.model.kwargs.seed=71"
  ],
  "recorder_id": "032ef018f7f146f492176fd4dfcca420",
  "recorder_name": "mlflow_recorder",
  "source_run": "file:/home/jiajun/finance-gfm/mlruns",
  "logged_metrics": {
    "ICIR": 0.2115401136547381,
    "Rank ICIR": 0.2842375213721566,
    "Rank IC": 0.036221160291298536,
    "1day.excess_return_without_cost.mean": -0.00047714996283144685,
    "IC": 0.025622974271397675
  },
  "test_metrics": {
    "IC_mean": 0.025622974271397682,
    "IC_std": 0.1211258414714564,
    "ICIR": 0.21154011365473815,
    "RankIC_mean": 0.036221160291298536,
    "RankIC_std": 0.12743271935542108,
    "RankICIR": 0.28423752137215663,
    "n_days": 871
  }
}