{
  "experiment": "hist_csi300_official_seed20",
  "config": "/home/jiajun/finance-gfm/results/seed100_gpu_master_hist_fixed/generated_configs/hist_official.yaml",
  "overrides": [
    "task.model.kwargs.GPU=0",
    "task.model.kwargs.n_jobs=4",
    "task.model.kwargs.seed=20"
  ],
  "recorder_id": "7fd5cc3e19fd4d33b7f7abf0e0d32dcd",
  "recorder_name": "mlflow_recorder",
  "source_run": "file:/home/jiajun/finance-gfm/mlruns",
  "logged_metrics": {
    "ICIR": 0.1737828638225682,
    "Rank ICIR": 0.2748039867301399,
    "1day.excess_return_without_cost.std": 0.012295189195465414,
    "Rank IC": 0.03510745267712775,
    "1day.excess_return_without_cost.mean": -0.00047714996283144685,
    "IC": 0.021323154803179464
  },
  "test_metrics": {
    "IC_mean": 0.021323154803179464,
    "IC_std": 0.12269998510871787,
    "ICIR": 0.17378286382256822,
    "RankIC_mean": 0.03510745267712775,
    "RankIC_std": 0.12775452457901784,
    "RankICIR": 0.2748039867301399,
    "n_days": 871
  }
}