{
  "experiment": "hist_csi300_official_seed70",
  "config": "/home/jiajun/finance-gfm/results/seed100_gpu_master_hist_fixed/generated_configs/hist_official.yaml",
  "overrides": [
    "task.model.kwargs.GPU=0",
    "task.model.kwargs.n_jobs=4",
    "task.model.kwargs.seed=70"
  ],
  "recorder_id": "fea4c79a9c7642428fb240f73b960dc5",
  "recorder_name": "mlflow_recorder",
  "source_run": "file:/home/jiajun/finance-gfm/mlruns",
  "logged_metrics": {
    "ICIR": 0.229665494721402,
    "Rank ICIR": 0.30793131156311965,
    "Rank IC": 0.03858888035463384,
    "1day.excess_return_without_cost.mean": -0.00047714996283144685,
    "IC": 0.028334056624387146
  },
  "test_metrics": {
    "IC_mean": 0.028334056624387146,
    "IC_std": 0.12337097768542922,
    "ICIR": 0.229665494721402,
    "RankIC_mean": 0.03858888035463384,
    "RankIC_std": 0.1253165199691747,
    "RankICIR": 0.30793131156311965,
    "n_days": 871
  }
}