{
  "experiment": "hist_csi300_official_seed82",
  "config": "/home/jiajun/finance-gfm/results/seed100_gpu_master_hist_fixed/generated_configs/hist_official.yaml",
  "overrides": [
    "task.model.kwargs.GPU=0",
    "task.model.kwargs.n_jobs=4",
    "task.model.kwargs.seed=82"
  ],
  "recorder_id": "8c342ab38aa14ae3a2f173705003fc34",
  "recorder_name": "mlflow_recorder",
  "source_run": "file:/home/jiajun/finance-gfm/mlruns",
  "logged_metrics": {
    "ICIR": 0.1993372093954376,
    "Rank ICIR": 0.3053546904590926,
    "Rank IC": 0.038317740615416054,
    "1day.excess_return_without_cost.mean": -0.00047714996283144685,
    "IC": 0.02437966022924557
  },
  "test_metrics": {
    "IC_mean": 0.024379660229245582,
    "IC_std": 0.12230360956283945,
    "ICIR": 0.19933720939543767,
    "RankIC_mean": 0.038317740615416054,
    "RankIC_std": 0.1254860063154961,
    "RankICIR": 0.3053546904590926,
    "n_days": 871
  }
}