{
  "experiment": "hist_csi300_official_seed96",
  "config": "/home/jiajun/finance-gfm/results/seed100_gpu_master_hist_fixed/generated_configs/hist_official.yaml",
  "overrides": [
    "task.model.kwargs.GPU=0",
    "task.model.kwargs.n_jobs=4",
    "task.model.kwargs.seed=96"
  ],
  "recorder_id": "3ac064e60cb142d4b942821ad065fc7c",
  "recorder_name": "mlflow_recorder",
  "source_run": "file:/home/jiajun/finance-gfm/mlruns",
  "logged_metrics": {
    "ICIR": 0.22802388144141827,
    "Rank ICIR": 0.28194585188235677,
    "Rank IC": 0.036609727393185944,
    "1day.excess_return_without_cost.mean": -0.00047714996283144685,
    "IC": 0.028258689158511336
  },
  "test_metrics": {
    "IC_mean": 0.028258689158511336,
    "IC_std": 0.12392863843856324,
    "ICIR": 0.22802388144141827,
    "RankIC_mean": 0.03660972739318594,
    "RankIC_std": 0.12984666079946983,
    "RankICIR": 0.2819458518823567,
    "n_days": 871
  }
}