{
  "experiment": "hist_csi300_official_seed72",
  "config": "/home/jiajun/finance-gfm/results/seed100_gpu_master_hist_fixed/generated_configs/hist_official.yaml",
  "overrides": [
    "task.model.kwargs.GPU=0",
    "task.model.kwargs.n_jobs=4",
    "task.model.kwargs.seed=72"
  ],
  "recorder_id": "ac4e5adb57f74101b8c40c47be7eb25c",
  "recorder_name": "mlflow_recorder",
  "source_run": "file:/home/jiajun/finance-gfm/mlruns",
  "logged_metrics": {
    "ICIR": 0.24145652904776643,
    "Rank ICIR": 0.30660752909487293,
    "1day.excess_return_without_cost.std": 0.012295189195465414,
    "Rank IC": 0.038406094889155064,
    "1day.excess_return_without_cost.mean": -0.00047714996283144685,
    "IC": 0.02950301070975244
  },
  "test_metrics": {
    "IC_mean": 0.02950301070975243,
    "IC_std": 0.12218767007918005,
    "ICIR": 0.24145652904776635,
    "RankIC_mean": 0.03840609488915507,
    "RankIC_std": 0.1252614213438677,
    "RankICIR": 0.3066075290948731,
    "n_days": 871
  }
}