{
  "experiment": "hist_csi300_recent_seed100",
  "config": "/home/jiajun/finance-gfm/results/seed100_gpu_master_hist_fixed/generated_configs/hist_recent.yaml",
  "overrides": [
    "task.model.kwargs.GPU=0",
    "task.model.kwargs.n_jobs=4",
    "task.model.kwargs.seed=100"
  ],
  "recorder_id": "8f1f315740744cd7bcb1c6b32f135169",
  "recorder_name": "mlflow_recorder",
  "source_run": "file:/home/jiajun/finance-gfm/mlruns",
  "logged_metrics": {
    "ICIR": 0.11070415689992362,
    "Rank ICIR": 0.20442601213005962,
    "Rank IC": 0.027167575712697064,
    "1day.excess_return_without_cost.mean": 2.5816493564181856e-05,
    "IC": 0.014486500277649335
  },
  "test_metrics": {
    "IC_mean": 0.014486500277649335,
    "IC_std": 0.13085778062286413,
    "ICIR": 0.11070415689992362,
    "RankIC_mean": 0.027167575712697054,
    "RankIC_std": 0.13289686292668346,
    "RankICIR": 0.20442601213005954,
    "n_days": 899
  }
}