{
  "experiment": "hist_csi300_recent_seed777",
  "config": "/home/jiajun/finance-gfm/results/seed100_gpu_master_hist_fixed/generated_configs/hist_recent.yaml",
  "overrides": [
    "task.model.kwargs.GPU=0",
    "task.model.kwargs.n_jobs=4",
    "task.model.kwargs.seed=777"
  ],
  "recorder_id": "a796eefbe67946148fa856810109f0ce",
  "recorder_name": "mlflow_recorder",
  "source_run": "file:/home/jiajun/finance-gfm/mlruns",
  "logged_metrics": {
    "ICIR": 0.12518045841766676,
    "Rank ICIR": 0.20666886521120878,
    "Rank IC": 0.027116514803129526,
    "1day.excess_return_without_cost.mean": 2.5816493564181856e-05,
    "IC": 0.016227607842127827
  },
  "test_metrics": {
    "IC_mean": 0.016227607842127827,
    "IC_std": 0.12963371477666374,
    "ICIR": 0.12518045841766676,
    "RankIC_mean": 0.027116514803129526,
    "RankIC_std": 0.13120754679432403,
    "RankICIR": 0.2066688652112088,
    "n_days": 899
  }
}