{
  "experiment": "hist_csi300_official_seed24",
  "config": "/home/jiajun/finance-gfm/results/seed100_gpu_master_hist_fixed/generated_configs/hist_official.yaml",
  "overrides": [
    "task.model.kwargs.GPU=0",
    "task.model.kwargs.n_jobs=4",
    "task.model.kwargs.seed=24"
  ],
  "recorder_id": "80d7230fbc1c4f1c8b7025d52eda1bec",
  "recorder_name": "mlflow_recorder",
  "source_run": "file:/home/jiajun/finance-gfm/mlruns",
  "logged_metrics": {
    "ICIR": 0.2306190870841344,
    "Rank ICIR": 0.3390666433659229,
    "Rank IC": 0.041271101189208424,
    "1day.excess_return_without_cost.mean": -0.00047714996283144685,
    "IC": 0.028693850238761136
  },
  "test_metrics": {
    "IC_mean": 0.028693850238761136,
    "IC_std": 0.12442096879992005,
    "ICIR": 0.23061908708413442,
    "RankIC_mean": 0.041271101189208424,
    "RankIC_std": 0.12171973267411146,
    "RankICIR": 0.3390666433659229,
    "n_days": 871
  }
}