{
  "experiment": "hist_csi300_recent_seed57",
  "config": "/home/jiajun/finance-gfm/results/seed100_gpu_master_hist_fixed/generated_configs/hist_recent.yaml",
  "overrides": [
    "task.model.kwargs.GPU=0",
    "task.model.kwargs.n_jobs=4",
    "task.model.kwargs.seed=57"
  ],
  "recorder_id": "d64e2b6b67684c7b9af2b0370a07c565",
  "recorder_name": "mlflow_recorder",
  "source_run": "file:/home/jiajun/finance-gfm/mlruns",
  "logged_metrics": {
    "ICIR": 0.10979913956960878,
    "Rank ICIR": 0.20213705561520975,
    "1day.excess_return_without_cost.std": 0.011450727157032388,
    "1day.excess_return_without_cost.annualized_return": 0.006144325468275282,
    "Rank IC": 0.02759076321219975,
    "1day.excess_return_without_cost.mean": 2.5816493564181856e-05,
    "IC": 0.014805670873869066
  },
  "test_metrics": {
    "IC_mean": 0.014805670873869066,
    "IC_std": 0.1348432322138808,
    "ICIR": 0.10979913956960878,
    "RankIC_mean": 0.027590763212199745,
    "RankIC_std": 0.13649532555140123,
    "RankICIR": 0.2021370556152097,
    "n_days": 899
  }
}