{
  "experiment": "hist_csi300_official_seed200",
  "config": "/home/jiajun/finance-gfm/results/seed100_gpu_master_hist_fixed/generated_configs/hist_official.yaml",
  "overrides": [
    "task.model.kwargs.GPU=0",
    "task.model.kwargs.n_jobs=4",
    "task.model.kwargs.seed=200"
  ],
  "recorder_id": "ec4e6fb354c14a848c44435a7b963546",
  "recorder_name": "mlflow_recorder",
  "source_run": "file:/home/jiajun/finance-gfm/mlruns",
  "logged_metrics": {
    "ICIR": 0.18169198641538148,
    "Rank ICIR": 0.27854859891747497,
    "Rank IC": 0.0351407444965906,
    "1day.excess_return_without_cost.mean": -0.00047714996283144685,
    "IC": 0.021941983763844874
  },
  "test_metrics": {
    "IC_mean": 0.021941983763844874,
    "IC_std": 0.12076473044706243,
    "ICIR": 0.18169198641538148,
    "RankIC_mean": 0.03514074449659059,
    "RankIC_std": 0.126156601157422,
    "RankICIR": 0.2785485989174749,
    "n_days": 871
  }
}