{
  "experiment": "hist_csi300_official_seed42",
  "config": "/home/jiajun/finance-gfm/results/seed100_gpu_master_hist_fixed/generated_configs/hist_official.yaml",
  "overrides": [
    "task.model.kwargs.GPU=0",
    "task.model.kwargs.n_jobs=4",
    "task.model.kwargs.seed=42"
  ],
  "recorder_id": "1ac877bcc3304f37a624d7d5164f871e",
  "recorder_name": "mlflow_recorder",
  "source_run": "file:/home/jiajun/finance-gfm/mlruns",
  "logged_metrics": {
    "ICIR": 0.1768397507811922,
    "Rank ICIR": 0.2794996061575664,
    "Rank IC": 0.03571482711261824,
    "1day.excess_return_without_cost.mean": -0.00047714996283144685,
    "IC": 0.02184731736385029
  },
  "test_metrics": {
    "IC_mean": 0.021847317363850295,
    "IC_std": 0.12354302280646429,
    "ICIR": 0.17683975078119224,
    "RankIC_mean": 0.03571482711261824,
    "RankIC_std": 0.1277813146272707,
    "RankICIR": 0.2794996061575664,
    "n_days": 871
  }
}