{
  "experiment": "hist_csi300_recent_seed79",
  "config": "/home/jiajun/finance-gfm/results/seed100_gpu_master_hist_fixed/generated_configs/hist_recent.yaml",
  "overrides": [
    "task.model.kwargs.GPU=0",
    "task.model.kwargs.n_jobs=4",
    "task.model.kwargs.seed=79"
  ],
  "recorder_id": "9d53b2465f3f4f7fbb029d35cf0c7df3",
  "recorder_name": "mlflow_recorder",
  "source_run": "file:/home/jiajun/finance-gfm/mlruns",
  "logged_metrics": {
    "ICIR": 0.1267553173556145,
    "Rank ICIR": 0.21261385938795516,
    "Rank IC": 0.027482941349105835,
    "1day.excess_return_without_cost.mean": 2.5816493564181856e-05,
    "IC": 0.01628472146987004
  },
  "test_metrics": {
    "IC_mean": 0.01628472146987004,
    "IC_std": 0.12847367518463104,
    "ICIR": 0.1267553173556145,
    "RankIC_mean": 0.02748294134910583,
    "RankIC_std": 0.12926222885102653,
    "RankICIR": 0.21261385938795513,
    "n_days": 899
  }
}