{
  "experiment": "hist_csi300_official_seed34",
  "config": "/home/jiajun/finance-gfm/results/seed100_gpu_master_hist_fixed/generated_configs/hist_official.yaml",
  "overrides": [
    "task.model.kwargs.GPU=0",
    "task.model.kwargs.n_jobs=4",
    "task.model.kwargs.seed=34"
  ],
  "recorder_id": "9294128134724bba96e96a561e276860",
  "recorder_name": "mlflow_recorder",
  "source_run": "file:/home/jiajun/finance-gfm/mlruns",
  "logged_metrics": {
    "ICIR": 0.18724518479164645,
    "Rank ICIR": 0.2909275202072478,
    "Rank IC": 0.03596170418168851,
    "1day.excess_return_without_cost.mean": -0.00047714996283144685,
    "IC": 0.02237813371048371
  },
  "test_metrics": {
    "IC_mean": 0.02237813371048371,
    "IC_std": 0.11951246562299885,
    "ICIR": 0.18724518479164645,
    "RankIC_mean": 0.03596170418168851,
    "RankIC_std": 0.12361052730958727,
    "RankICIR": 0.2909275202072478,
    "n_days": 871
  }
}