{
  "experiment": "hist_csi300_official_seed88",
  "config": "/home/jiajun/finance-gfm/results/seed100_gpu_master_hist_fixed/generated_configs/hist_official.yaml",
  "overrides": [
    "task.model.kwargs.GPU=0",
    "task.model.kwargs.n_jobs=4",
    "task.model.kwargs.seed=88"
  ],
  "recorder_id": "34dc83856dfb4cfd8d1157bb630151a8",
  "recorder_name": "mlflow_recorder",
  "source_run": "file:/home/jiajun/finance-gfm/mlruns",
  "logged_metrics": {
    "ICIR": 0.14401094680221904,
    "Rank ICIR": 0.2834267715714334,
    "Rank IC": 0.03461848881420918,
    "1day.excess_return_without_cost.mean": -0.00047714996283144685,
    "IC": 0.01722088987085093
  },
  "test_metrics": {
    "IC_mean": 0.01722088987085093,
    "IC_std": 0.1195804225528887,
    "ICIR": 0.14401094680221904,
    "RankIC_mean": 0.03461848881420918,
    "RankIC_std": 0.12214262125723051,
    "RankICIR": 0.2834267715714334,
    "n_days": 871
  }
}