{
  "experiment": "hist_csi300_recent_seed7",
  "config": "/home/jiajun/finance-gfm/results/seed100_gpu_master_hist_fixed/generated_configs/hist_recent.yaml",
  "overrides": [
    "task.model.kwargs.GPU=0",
    "task.model.kwargs.n_jobs=4",
    "task.model.kwargs.seed=7"
  ],
  "recorder_id": "bfe28ce9533c47fdbd3a5227394cf1a2",
  "recorder_name": "mlflow_recorder",
  "source_run": "file:/home/jiajun/finance-gfm/mlruns",
  "logged_metrics": {
    "ICIR": 0.10552132258798662,
    "Rank ICIR": 0.19394440385316558,
    "Rank IC": 0.026674464451643284,
    "1day.excess_return_without_cost.mean": 2.5816493564181856e-05,
    "IC": 0.014178133420266378
  },
  "test_metrics": {
    "IC_mean": 0.014178133420266381,
    "IC_std": 0.13436273420894868,
    "ICIR": 0.10552132258798665,
    "RankIC_mean": 0.02667446445164328,
    "RankIC_std": 0.1375366544313307,
    "RankICIR": 0.1939444038531656,
    "n_days": 899
  }
}