{
  "experiment": "hist_csi300_official_seed94",
  "config": "/home/jiajun/finance-gfm/results/seed100_gpu_master_hist_fixed/generated_configs/hist_official.yaml",
  "overrides": [
    "task.model.kwargs.GPU=0",
    "task.model.kwargs.n_jobs=4",
    "task.model.kwargs.seed=94"
  ],
  "recorder_id": "bb98d317e64b4818a5c8ed6db9cd467b",
  "recorder_name": "mlflow_recorder",
  "source_run": "file:/home/jiajun/finance-gfm/mlruns",
  "logged_metrics": {
    "ICIR": 0.2428712904515497,
    "Rank ICIR": 0.31931337177251423,
    "Rank IC": 0.03984292999922572,
    "1day.excess_return_without_cost.mean": -0.00047714996283144685,
    "IC": 0.029572592968813215
  },
  "test_metrics": {
    "IC_mean": 0.029572592968813215,
    "IC_std": 0.12176240721507856,
    "ICIR": 0.2428712904515497,
    "RankIC_mean": 0.03984292999922572,
    "RankIC_std": 0.12477689167245615,
    "RankICIR": 0.31931337177251423,
    "n_days": 871
  }
}