{
  "experiment": "hist_csi300_recent_seed76",
  "config": "/home/jiajun/finance-gfm/results/seed100_gpu_master_hist_fixed/generated_configs/hist_recent.yaml",
  "overrides": [
    "task.model.kwargs.GPU=0",
    "task.model.kwargs.n_jobs=4",
    "task.model.kwargs.seed=76"
  ],
  "recorder_id": "1118cf5dfd64405182ef3d8676e01999",
  "recorder_name": "mlflow_recorder",
  "source_run": "file:/home/jiajun/finance-gfm/mlruns",
  "logged_metrics": {
    "ICIR": 0.10522898113066192,
    "Rank ICIR": 0.19562967970428008,
    "1day.excess_return_without_cost.std": 0.011450727157032388,
    "Rank IC": 0.02725701746295247,
    "1day.excess_return_without_cost.mean": 2.5816493564181856e-05,
    "IC": 0.014401897446816766
  },
  "test_metrics": {
    "IC_mean": 0.014401897446816771,
    "IC_std": 0.1368624621475148,
    "ICIR": 0.10522898113066197,
    "RankIC_mean": 0.027257017462952466,
    "RankIC_std": 0.1393296635978499,
    "RankICIR": 0.19562967970428008,
    "n_days": 899
  }
}