{
  "experiment": "hist_csi300_recent_seed85",
  "config": "/home/jiajun/finance-gfm/results/seed100_gpu_master_hist_fixed/generated_configs/hist_recent.yaml",
  "overrides": [
    "task.model.kwargs.GPU=0",
    "task.model.kwargs.n_jobs=4",
    "task.model.kwargs.seed=85"
  ],
  "recorder_id": "1a17eeec67914805828c4fad6e0b304a",
  "recorder_name": "mlflow_recorder",
  "source_run": "file:/home/jiajun/finance-gfm/mlruns",
  "logged_metrics": {
    "ICIR": 0.10857544152949873,
    "Rank ICIR": 0.20248074200195942,
    "1day.excess_return_without_cost.std": 0.011450727157032388,
    "Rank IC": 0.0276944471454626,
    "1day.excess_return_without_cost.mean": 2.5816493564181856e-05,
    "IC": 0.014554039386507848
  },
  "test_metrics": {
    "IC_mean": 0.014554039386507843,
    "IC_std": 0.13404540825701988,
    "ICIR": 0.10857544152949869,
    "RankIC_mean": 0.0276944471454626,
    "RankIC_std": 0.1367757094904097,
    "RankICIR": 0.20248074200195942,
    "n_days": 899
  }
}