{
  "experiment": "hist_csi300_official_seed92",
  "config": "/home/jiajun/finance-gfm/results/seed100_gpu_master_hist_fixed/generated_configs/hist_official.yaml",
  "overrides": [
    "task.model.kwargs.GPU=0",
    "task.model.kwargs.n_jobs=4",
    "task.model.kwargs.seed=92"
  ],
  "recorder_id": "46e6ce0bf21d44d0b98c4e0d08bfef8c",
  "recorder_name": "mlflow_recorder",
  "source_run": "file:/home/jiajun/finance-gfm/mlruns",
  "logged_metrics": {
    "ICIR": 0.1737166374003267,
    "Rank ICIR": 0.27218432347648347,
    "Rank IC": 0.03485372605657937,
    "1day.excess_return_without_cost.mean": -0.00047714996283144685,
    "IC": 0.021265684827426346
  },
  "test_metrics": {
    "IC_mean": 0.02126568482742635,
    "IC_std": 0.12241593635283175,
    "ICIR": 0.17371663740032672,
    "RankIC_mean": 0.034853726056579375,
    "RankIC_std": 0.12805192309170849,
    "RankICIR": 0.2721843234764835,
    "n_days": 871
  }
}