{
  "experiment": "hist_csi300_recent_seed95",
  "config": "/home/jiajun/finance-gfm/results/seed100_gpu_master_hist_fixed/generated_configs/hist_recent.yaml",
  "overrides": [
    "task.model.kwargs.GPU=0",
    "task.model.kwargs.n_jobs=4",
    "task.model.kwargs.seed=95"
  ],
  "recorder_id": "490e0c99e97141259d888071ae0556a1",
  "recorder_name": "mlflow_recorder",
  "source_run": "file:/home/jiajun/finance-gfm/mlruns",
  "logged_metrics": {
    "ICIR": 0.10403239753938243,
    "Rank ICIR": 0.20352065369414135,
    "Rank IC": 0.0286701102571334,
    "1day.excess_return_without_cost.mean": 2.5816493564181856e-05,
    "IC": 0.014418519606195742
  },
  "test_metrics": {
    "IC_mean": 0.014418519606195742,
    "IC_std": 0.13859643675651595,
    "ICIR": 0.10403239753938243,
    "RankIC_mean": 0.0286701102571334,
    "RankIC_std": 0.14087076538295687,
    "RankICIR": 0.20352065369414135,
    "n_days": 899
  }
}