{
  "experiment": "hist_csi300_recent_seed47",
  "config": "/home/jiajun/finance-gfm/results/seed100_gpu_master_hist_fixed/generated_configs/hist_recent.yaml",
  "overrides": [
    "task.model.kwargs.GPU=0",
    "task.model.kwargs.n_jobs=4",
    "task.model.kwargs.seed=47"
  ],
  "recorder_id": "cf1dba85be55496aa3f9b62b64f2b9b3",
  "recorder_name": "mlflow_recorder",
  "source_run": "file:/home/jiajun/finance-gfm/mlruns",
  "logged_metrics": {
    "ICIR": 0.12185788795604142,
    "Rank ICIR": 0.22079612798131107,
    "Rank IC": 0.028624380436294644,
    "1day.excess_return_without_cost.mean": 2.5816493564181856e-05,
    "IC": 0.015636831567871122
  },
  "test_metrics": {
    "IC_mean": 0.015636831567871122,
    "IC_std": 0.128320224731877,
    "ICIR": 0.12185788795604142,
    "RankIC_mean": 0.028624380436294644,
    "RankIC_std": 0.1296416775873783,
    "RankICIR": 0.22079612798131107,
    "n_days": 899
  }
}