{
  "experiment": "hist_csi300_official_seed9",
  "config": "/home/jiajun/finance-gfm/results/seed100_gpu_master_hist_fixed/generated_configs/hist_official.yaml",
  "overrides": [
    "task.model.kwargs.GPU=0",
    "task.model.kwargs.n_jobs=4",
    "task.model.kwargs.seed=9"
  ],
  "recorder_id": "a9f9db7f723b4ab6bd04b5d6b11132c2",
  "recorder_name": "mlflow_recorder",
  "source_run": "file:/home/jiajun/finance-gfm/mlruns",
  "logged_metrics": {
    "ICIR": 0.2174096239864792,
    "Rank ICIR": 0.31784593809276585,
    "Rank IC": 0.0390890476607156,
    "1day.excess_return_without_cost.mean": -0.00047714996283144685,
    "IC": 0.026707561613585132
  },
  "test_metrics": {
    "IC_mean": 0.026707561613585132,
    "IC_std": 0.12284443128077019,
    "ICIR": 0.2174096239864792,
    "RankIC_mean": 0.039089047660715595,
    "RankIC_std": 0.12298111435769599,
    "RankICIR": 0.31784593809276585,
    "n_days": 871
  }
}