{
  "experiment": "lstm_csi300_official_seed76",
  "config": "/home/jiajun/finance-gfm/results/seed100_gpu_master_hist_fixed/generated_configs/lstm_official.yaml",
  "overrides": [
    "task.model.kwargs.GPU=0",
    "task.model.kwargs.seed=76"
  ],
  "recorder_id": "1f72370d0a1947688986bd04ce074701",
  "recorder_name": "mlflow_recorder",
  "source_run": "file:/home/jiajun/finance-gfm/mlruns",
  "logged_metrics": {
    "ICIR": 0.27720332271797526,
    "Rank ICIR": 0.4064642467733909,
    "Rank IC": 0.04249712254163019,
    "1day.excess_return_without_cost.mean": -0.00047714996283144685,
    "IC": 0.03134742942084526
  },
  "test_metrics": {
    "IC_mean": 0.03134742942084526,
    "IC_std": 0.11308460920844703,
    "ICIR": 0.27720332271797526,
    "RankIC_mean": 0.04249712254163019,
    "RankIC_std": 0.1045531627418214,
    "RankICIR": 0.4064642467733909,
    "n_days": 871
  }
}