{
  "experiment": "lstm_csi300_recent_seed40",
  "config": "/home/jiajun/finance-gfm/results/seed100_gpu_master_hist_fixed/generated_configs/lstm_recent.yaml",
  "overrides": [
    "task.model.kwargs.GPU=0",
    "task.model.kwargs.seed=40"
  ],
  "recorder_id": "53f8bfede30242428afd0226e2689f7b",
  "recorder_name": "mlflow_recorder",
  "source_run": "file:/home/jiajun/finance-gfm/mlruns",
  "logged_metrics": {
    "ICIR": 0.24594502015983932,
    "Rank ICIR": 0.2877899802380651,
    "Rank IC": 0.03575559093624883,
    "1day.excess_return_without_cost.mean": 2.5816493564181856e-05,
    "IC": 0.02941415524110464
  },
  "test_metrics": {
    "IC_mean": 0.029414155241104634,
    "IC_std": 0.1195964659987359,
    "ICIR": 0.24594502015983927,
    "RankIC_mean": 0.03575559093624883,
    "RankIC_std": 0.124241959037876,
    "RankICIR": 0.2877899802380651,
    "n_days": 899
  }
}