{
  "experiment": "lstm_csi300_recent_seed11",
  "config": "/home/jiajun/finance-gfm/results/seed100_gpu_master_hist_fixed/generated_configs/lstm_recent.yaml",
  "overrides": [
    "task.model.kwargs.GPU=0",
    "task.model.kwargs.seed=11"
  ],
  "recorder_id": "cf89d6e20e1c453b8a857ed0c7cdfc3b",
  "recorder_name": "mlflow_recorder",
  "source_run": "file:/home/jiajun/finance-gfm/mlruns",
  "logged_metrics": {
    "ICIR": 0.16246791572448438,
    "Rank ICIR": 0.29152283612045005,
    "Rank IC": 0.03845646275698027,
    "1day.excess_return_without_cost.mean": 2.5816493564181856e-05,
    "IC": 0.021994117304346018
  },
  "test_metrics": {
    "IC_mean": 0.02199411730434602,
    "IC_std": 0.13537514287832672,
    "ICIR": 0.1624679157244844,
    "RankIC_mean": 0.03845646275698027,
    "RankIC_std": 0.13191578151733882,
    "RankICIR": 0.2915228361204501,
    "n_days": 899
  }
}