{
  "experiment": "lstm_csi300_recent_seed36",
  "config": "/home/jiajun/finance-gfm/results/seed100_gpu_master_hist_fixed/generated_configs/lstm_recent.yaml",
  "overrides": [
    "task.model.kwargs.GPU=0",
    "task.model.kwargs.seed=36"
  ],
  "recorder_id": "41e6fc2bf2d948ddbb2de93288180ff3",
  "recorder_name": "mlflow_recorder",
  "source_run": "file:/home/jiajun/finance-gfm/mlruns",
  "logged_metrics": {
    "ICIR": 0.22451736778453255,
    "Rank ICIR": 0.2725898141020224,
    "Rank IC": 0.033418314390752664,
    "1day.excess_return_without_cost.mean": 2.5816493564181856e-05,
    "IC": 0.02673183532516211
  },
  "test_metrics": {
    "IC_mean": 0.02673183532516211,
    "IC_std": 0.1190635521382757,
    "ICIR": 0.22451736778453255,
    "RankIC_mean": 0.033418314390752664,
    "RankIC_std": 0.12259560945386304,
    "RankICIR": 0.2725898141020224,
    "n_days": 899
  }
}