{
  "experiment": "lstm_csi300_official_seed44",
  "config": "/home/jiajun/finance-gfm/results/seed100_gpu_master_hist_fixed/generated_configs/lstm_official.yaml",
  "overrides": [
    "task.model.kwargs.GPU=0",
    "task.model.kwargs.seed=44"
  ],
  "recorder_id": "ae0db90cb1db4e32b7e7aad5fe70ba9a",
  "recorder_name": "mlflow_recorder",
  "source_run": "file:/home/jiajun/finance-gfm/mlruns",
  "logged_metrics": {
    "ICIR": 0.4268375555634193,
    "Rank ICIR": 0.5018418488058101,
    "Rank IC": 0.052777738139879404,
    "1day.excess_return_without_cost.mean": -0.00047714996283144685,
    "IC": 0.04645658374417186
  },
  "test_metrics": {
    "IC_mean": 0.04645658374417186,
    "IC_std": 0.10883902585106377,
    "ICIR": 0.4268375555634193,
    "RankIC_mean": 0.052777738139879384,
    "RankIC_std": 0.10516806891547616,
    "RankICIR": 0.50184184880581,
    "n_days": 871
  }
}