{
  "experiment": "lstm_csi300_official_seed74",
  "config": "/home/jiajun/finance-gfm/results/seed100_gpu_master_hist_fixed/generated_configs/lstm_official.yaml",
  "overrides": [
    "task.model.kwargs.GPU=0",
    "task.model.kwargs.seed=74"
  ],
  "recorder_id": "5d7e36bc640148359d651dcdd91a99fe",
  "recorder_name": "mlflow_recorder",
  "source_run": "file:/home/jiajun/finance-gfm/mlruns",
  "logged_metrics": {
    "ICIR": 0.3801440984377662,
    "Rank ICIR": 0.437488561711719,
    "Rank IC": 0.04551928920289261,
    "1day.excess_return_without_cost.mean": -0.00047714996283144685,
    "IC": 0.040656433578922485
  },
  "test_metrics": {
    "IC_mean": 0.040656433578922485,
    "IC_std": 0.10695005853307597,
    "ICIR": 0.38014409843776614,
    "RankIC_mean": 0.04551928920289262,
    "RankIC_std": 0.10404680987496841,
    "RankICIR": 0.43748856171171907,
    "n_days": 871
  }
}