{
  "experiment": "lstm_csi300_recent_seed90",
  "config": "/home/jiajun/finance-gfm/results/seed100_gpu_master_hist_fixed/generated_configs/lstm_recent.yaml",
  "overrides": [
    "task.model.kwargs.GPU=0",
    "task.model.kwargs.seed=90"
  ],
  "recorder_id": "401305f61f244d99850dccd10da72fa9",
  "recorder_name": "mlflow_recorder",
  "source_run": "file:/home/jiajun/finance-gfm/mlruns",
  "logged_metrics": {
    "ICIR": 0.1885125724473151,
    "Rank ICIR": 0.3209895455435528,
    "Rank IC": 0.038760337509503084,
    "1day.excess_return_without_cost.mean": 2.5816493564181856e-05,
    "IC": 0.023616929523091
  },
  "test_metrics": {
    "IC_mean": 0.023616929523091006,
    "IC_std": 0.1252803949173808,
    "ICIR": 0.1885125724473152,
    "RankIC_mean": 0.038760337509503084,
    "RankIC_std": 0.12075264770342486,
    "RankICIR": 0.3209895455435528,
    "n_days": 899
  }
}