{
  "experiment": "lstm_csi300_recent_seed71",
  "config": "/home/jiajun/finance-gfm/results/seed100_gpu_master_hist_fixed/generated_configs/lstm_recent.yaml",
  "overrides": [
    "task.model.kwargs.GPU=0",
    "task.model.kwargs.seed=71"
  ],
  "recorder_id": "f1ecb71a42444ee291a1df1efd1f58f5",
  "recorder_name": "mlflow_recorder",
  "source_run": "file:/home/jiajun/finance-gfm/mlruns",
  "logged_metrics": {
    "ICIR": 0.24625373793803332,
    "Rank ICIR": 0.3379894755301648,
    "Rank IC": 0.04366999553324366,
    "1day.excess_return_without_cost.mean": 2.5816493564181856e-05,
    "IC": 0.031106027723612633
  },
  "test_metrics": {
    "IC_mean": 0.031106027723612623,
    "IC_std": 0.12631697688763643,
    "ICIR": 0.24625373793803323,
    "RankIC_mean": 0.04366999553324366,
    "RankIC_std": 0.12920519334143057,
    "RankICIR": 0.3379894755301648,
    "n_days": 899
  }
}