{
  "experiment": "lstm_csi300_recent_seed41",
  "config": "/home/jiajun/finance-gfm/results/seed100_gpu_master_hist_fixed/generated_configs/lstm_recent.yaml",
  "overrides": [
    "task.model.kwargs.GPU=0",
    "task.model.kwargs.seed=41"
  ],
  "recorder_id": "6b2d527acc224b73869874bcd845538f",
  "recorder_name": "mlflow_recorder",
  "source_run": "file:/home/jiajun/finance-gfm/mlruns",
  "logged_metrics": {
    "ICIR": 0.21708813477798664,
    "Rank ICIR": 0.3551423617478147,
    "Rank IC": 0.045930362749792744,
    "1day.excess_return_without_cost.mean": 2.5816493564181856e-05,
    "IC": 0.029285155520774826
  },
  "test_metrics": {
    "IC_mean": 0.029285155520774826,
    "IC_std": 0.13489984402290983,
    "ICIR": 0.21708813477798664,
    "RankIC_mean": 0.045930362749792744,
    "RankIC_std": 0.12932943995683543,
    "RankICIR": 0.3551423617478148,
    "n_days": 899
  }
}