{
  "experiment": "lstm_csi300_recent_seed256",
  "config": "/home/jiajun/finance-gfm/results/seed100_gpu_master_hist_fixed/generated_configs/lstm_recent.yaml",
  "overrides": [
    "task.model.kwargs.GPU=0",
    "task.model.kwargs.seed=256"
  ],
  "recorder_id": "b8c5901f65624282990a248c7cbad3c6",
  "recorder_name": "mlflow_recorder",
  "source_run": "file:/home/jiajun/finance-gfm/mlruns",
  "logged_metrics": {
    "ICIR": 0.21489456410971708,
    "Rank ICIR": 0.3016328993325459,
    "Rank IC": 0.03717609811766954,
    "1day.excess_return_without_cost.mean": 2.5816493564181856e-05,
    "IC": 0.026546109471474802
  },
  "test_metrics": {
    "IC_mean": 0.0265461094714748,
    "IC_std": 0.12353085608029318,
    "ICIR": 0.21489456410971708,
    "RankIC_mean": 0.03717609811766954,
    "RankIC_std": 0.12324948041123136,
    "RankICIR": 0.3016328993325459,
    "n_days": 899
  }
}