{
  "experiment": "lstm_csi300_official_seed66",
  "config": "/home/jiajun/finance-gfm/results/seed100_gpu_master_hist_fixed/generated_configs/lstm_official.yaml",
  "overrides": [
    "task.model.kwargs.GPU=0",
    "task.model.kwargs.seed=66"
  ],
  "recorder_id": "eca52360cc5244559e88ec1580d38690",
  "recorder_name": "mlflow_recorder",
  "source_run": "file:/home/jiajun/finance-gfm/mlruns",
  "logged_metrics": {
    "ICIR": 0.46129958112528474,
    "Rank ICIR": 0.5535667171677854,
    "Rank IC": 0.05275793596396826,
    "1day.excess_return_without_cost.mean": -0.00047714996283144685,
    "IC": 0.047296125153707375
  },
  "test_metrics": {
    "IC_mean": 0.047296125153707375,
    "IC_std": 0.10252800368544489,
    "ICIR": 0.46129958112528474,
    "RankIC_mean": 0.05275793596396826,
    "RankIC_std": 0.09530546965304164,
    "RankICIR": 0.5535667171677854,
    "n_days": 871
  }
}