{
  "experiment": "lstm_csi300_official_seed128",
  "config": "/home/jiajun/finance-gfm/results/seed100_gpu_master_hist_fixed/generated_configs/lstm_official.yaml",
  "overrides": [
    "task.model.kwargs.GPU=0",
    "task.model.kwargs.seed=128"
  ],
  "recorder_id": "f7f0929e403047a48f7d3b1cf7c7f1e3",
  "recorder_name": "mlflow_recorder",
  "source_run": "file:/home/jiajun/finance-gfm/mlruns",
  "logged_metrics": {
    "ICIR": 0.29196065047537495,
    "Rank ICIR": 0.4204170640633459,
    "Rank IC": 0.046188485579922244,
    "1day.excess_return_without_cost.mean": -0.00047714996283144685,
    "IC": 0.033359936940679055
  },
  "test_metrics": {
    "IC_mean": 0.03335993694067906,
    "IC_std": 0.11426175714556698,
    "ICIR": 0.291960650475375,
    "RankIC_mean": 0.046188485579922244,
    "RankIC_std": 0.10986348920642965,
    "RankICIR": 0.4204170640633459,
    "n_days": 871
  }
}