{
  "experiment": "lstm_csi300_recent_seed63",
  "config": "/home/jiajun/finance-gfm/results/seed100_gpu_master_hist_fixed/generated_configs/lstm_recent.yaml",
  "overrides": [
    "task.model.kwargs.GPU=0",
    "task.model.kwargs.seed=63"
  ],
  "recorder_id": "05f97fb10c0f42b19f552700476f306b",
  "recorder_name": "mlflow_recorder",
  "source_run": "file:/home/jiajun/finance-gfm/mlruns",
  "logged_metrics": {
    "ICIR": 0.21298439466507174,
    "Rank ICIR": 0.2879680512164775,
    "Rank IC": 0.0330017677570384,
    "1day.excess_return_without_cost.mean": 2.5816493564181856e-05,
    "IC": 0.025131631807814917
  },
  "test_metrics": {
    "IC_mean": 0.025131631807814917,
    "IC_std": 0.11799752675465085,
    "ICIR": 0.21298439466507174,
    "RankIC_mean": 0.0330017677570384,
    "RankIC_std": 0.11460218457439086,
    "RankICIR": 0.2879680512164775,
    "n_days": 899
  }
}