{
  "experiment": "lstm_csi300_official_seed15",
  "config": "/home/jiajun/finance-gfm/results/seed100_gpu_master_hist_fixed/generated_configs/lstm_official.yaml",
  "overrides": [
    "task.model.kwargs.GPU=0",
    "task.model.kwargs.seed=15"
  ],
  "recorder_id": "c1e845224d084685a450887d425bade0",
  "recorder_name": "mlflow_recorder",
  "source_run": "file:/home/jiajun/finance-gfm/mlruns",
  "logged_metrics": {
    "ICIR": 0.27799438493267786,
    "Rank ICIR": 0.3771261940664387,
    "1day.excess_return_without_cost.std": 0.012295189195465414,
    "Rank IC": 0.042902337575224984,
    "1day.excess_return_without_cost.mean": -0.00047714996283144685,
    "IC": 0.03198402401637191
  },
  "test_metrics": {
    "IC_mean": 0.03198402401637192,
    "IC_std": 0.11505276994755671,
    "ICIR": 0.2779943849326779,
    "RankIC_mean": 0.042902337575224984,
    "RankIC_std": 0.11376122435999987,
    "RankICIR": 0.3771261940664387,
    "n_days": 871
  }
}