{
  "experiment": "lstm_csi300_official_seed49",
  "config": "/home/jiajun/finance-gfm/results/seed100_gpu_master_hist_fixed/generated_configs/lstm_official.yaml",
  "overrides": [
    "task.model.kwargs.GPU=0",
    "task.model.kwargs.seed=49"
  ],
  "recorder_id": "247e6ec9ec1847af9c954fe986428e57",
  "recorder_name": "mlflow_recorder",
  "source_run": "file:/home/jiajun/finance-gfm/mlruns",
  "logged_metrics": {
    "ICIR": 0.2882853616680339,
    "Rank ICIR": 0.4028987816928696,
    "Rank IC": 0.04412817697730449,
    "1day.excess_return_without_cost.mean": -0.00047714996283144685,
    "IC": 0.0330905960648205
  },
  "test_metrics": {
    "IC_mean": 0.0330905960648205,
    "IC_std": 0.11478417035591615,
    "ICIR": 0.2882853616680339,
    "RankIC_mean": 0.04412817697730449,
    "RankIC_std": 0.10952670740747852,
    "RankICIR": 0.4028987816928696,
    "n_days": 871
  }
}