{
  "experiment": "lstm_csi300_official_seed2",
  "config": "/home/jiajun/finance-gfm/results/seed100_gpu_master_hist_fixed/generated_configs/lstm_official.yaml",
  "overrides": [
    "task.model.kwargs.GPU=0",
    "task.model.kwargs.seed=2"
  ],
  "recorder_id": "aaf0496102744fb09ce84f329135af16",
  "recorder_name": "mlflow_recorder",
  "source_run": "file:/home/jiajun/finance-gfm/mlruns",
  "logged_metrics": {
    "ICIR": 0.40054713901251443,
    "Rank ICIR": 0.48941733373330043,
    "Rank IC": 0.0476564499704682,
    "1day.excess_return_without_cost.mean": -0.00047714996283144685,
    "IC": 0.04127475936470317
  },
  "test_metrics": {
    "IC_mean": 0.04127475936470317,
    "IC_std": 0.10304594726717949,
    "ICIR": 0.40054713901251443,
    "RankIC_mean": 0.0476564499704682,
    "RankIC_std": 0.0973738498531353,
    "RankICIR": 0.48941733373330043,
    "n_days": 871
  }
}