{
  "experiment": "lstm_csi300_official_seed40",
  "config": "/home/jiajun/finance-gfm/results/seed100_gpu_master_hist_fixed/generated_configs/lstm_official.yaml",
  "overrides": [
    "task.model.kwargs.GPU=0",
    "task.model.kwargs.seed=40"
  ],
  "recorder_id": "a4883d67eddc4427be88ab5cbfc47a10",
  "recorder_name": "mlflow_recorder",
  "source_run": "file:/home/jiajun/finance-gfm/mlruns",
  "logged_metrics": {
    "ICIR": 0.40396490099531196,
    "Rank ICIR": 0.46238503393856284,
    "Rank IC": 0.04486256017220078,
    "1day.excess_return_without_cost.mean": -0.00047714996283144685,
    "IC": 0.041687082588412916
  },
  "test_metrics": {
    "IC_mean": 0.04168708258841292,
    "IC_std": 0.10319481342488387,
    "ICIR": 0.4039649009953121,
    "RankIC_mean": 0.04486256017220077,
    "RankIC_std": 0.09702424793048486,
    "RankICIR": 0.46238503393856273,
    "n_days": 871
  }
}