{
  "experiment": "lstm_csi300_recent_seed84",
  "config": "/home/jiajun/finance-gfm/results/seed100_gpu_master_hist_fixed/generated_configs/lstm_recent.yaml",
  "overrides": [
    "task.model.kwargs.GPU=0",
    "task.model.kwargs.seed=84"
  ],
  "recorder_id": "5ad53c665fe7434b89fb0906581f79fd",
  "recorder_name": "mlflow_recorder",
  "source_run": "file:/home/jiajun/finance-gfm/mlruns",
  "logged_metrics": {
    "ICIR": 0.21266534683960261,
    "Rank ICIR": 0.3026067721460793,
    "Rank IC": 0.037271958913399975,
    "1day.excess_return_without_cost.mean": 2.5816493564181856e-05,
    "IC": 0.025559347870298947
  },
  "test_metrics": {
    "IC_mean": 0.025559347870298947,
    "IC_std": 0.12018576721658573,
    "ICIR": 0.21266534683960261,
    "RankIC_mean": 0.037271958913399975,
    "RankIC_std": 0.1231696126595853,
    "RankICIR": 0.3026067721460793,
    "n_days": 899
  }
}