{
  "experiment": "lstm_csi300_official_seed888",
  "config": "/home/jiajun/finance-gfm/results/seed100_gpu_master_hist_fixed/generated_configs/lstm_official.yaml",
  "overrides": [
    "task.model.kwargs.GPU=0",
    "task.model.kwargs.seed=888"
  ],
  "recorder_id": "59ad54232a15457ab523c253a0844d91",
  "recorder_name": "mlflow_recorder",
  "source_run": "file:/home/jiajun/finance-gfm/mlruns",
  "logged_metrics": {
    "ICIR": 0.35469886246905996,
    "Rank ICIR": 0.4832963530697507,
    "Rank IC": 0.05034624650000798,
    "1day.excess_return_without_cost.mean": -0.00047714996283144685,
    "IC": 0.04027546686295451
  },
  "test_metrics": {
    "IC_mean": 0.04027546686295451,
    "IC_std": 0.11354833951988695,
    "ICIR": 0.35469886246905996,
    "RankIC_mean": 0.05034624650000798,
    "RankIC_std": 0.10417261827080632,
    "RankICIR": 0.4832963530697507,
    "n_days": 871
  }
}