{
  "experiment": "lstm_csi300_official_seed188",
  "config": "/home/jiajun/finance-gfm/results/seed100_gpu_master_hist_fixed/generated_configs/lstm_official.yaml",
  "overrides": [
    "task.model.kwargs.GPU=0",
    "task.model.kwargs.seed=188"
  ],
  "recorder_id": "2e2277f4d29c4cdcb2771612023f7fc2",
  "recorder_name": "mlflow_recorder",
  "source_run": "file:/home/jiajun/finance-gfm/mlruns",
  "logged_metrics": {
    "ICIR": 0.30095848436655154,
    "Rank ICIR": 0.44771982164120017,
    "Rank IC": 0.04631539673172085,
    "1day.excess_return_without_cost.mean": -0.00047714996283144685,
    "IC": 0.03366110831501893
  },
  "test_metrics": {
    "IC_mean": 0.03366110831501893,
    "IC_std": 0.11184635112004841,
    "ICIR": 0.3009584843665516,
    "RankIC_mean": 0.04631539673172085,
    "RankIC_std": 0.10344727772369595,
    "RankICIR": 0.44771982164120017,
    "n_days": 871
  }
}