{
  "experiment": "lstm_csi300_official_seed512",
  "config": "/home/jiajun/finance-gfm/results/seed100_gpu_master_hist_fixed/generated_configs/lstm_official.yaml",
  "overrides": [
    "task.model.kwargs.GPU=0",
    "task.model.kwargs.seed=512"
  ],
  "recorder_id": "2fde538803704d66961f2acc6f43d0c9",
  "recorder_name": "mlflow_recorder",
  "source_run": "file:/home/jiajun/finance-gfm/mlruns",
  "logged_metrics": {
    "ICIR": 0.28166023333861195,
    "Rank ICIR": 0.42274516484183855,
    "Rank IC": 0.04693729807104431,
    "1day.excess_return_without_cost.mean": -0.00047714996283144685,
    "IC": 0.03357364644098413
  },
  "test_metrics": {
    "IC_mean": 0.03357364644098413,
    "IC_std": 0.11919910043041783,
    "ICIR": 0.281660233338612,
    "RankIC_mean": 0.04693729807104431,
    "RankIC_std": 0.1110297691721795,
    "RankICIR": 0.4227451648418386,
    "n_days": 871
  }
}