{
  "experiment": "lstm_csi300_official_seed93",
  "config": "/home/jiajun/finance-gfm/results/seed100_gpu_master_hist_fixed/generated_configs/lstm_official.yaml",
  "overrides": [
    "task.model.kwargs.GPU=0",
    "task.model.kwargs.seed=93"
  ],
  "recorder_id": "cc2d08d3b7a745cd85ab6995e221ab57",
  "recorder_name": "mlflow_recorder",
  "source_run": "file:/home/jiajun/finance-gfm/mlruns",
  "logged_metrics": {
    "ICIR": 0.44859642903604224,
    "Rank ICIR": 0.5287797834831749,
    "Rank IC": 0.05039898454834774,
    "1day.excess_return_without_cost.mean": -0.00047714996283144685,
    "IC": 0.04574773807576345
  },
  "test_metrics": {
    "IC_mean": 0.04574773807576345,
    "IC_std": 0.10197971966488362,
    "ICIR": 0.44859642903604224,
    "RankIC_mean": 0.05039898454834774,
    "RankIC_std": 0.09531185972421236,
    "RankICIR": 0.5287797834831749,
    "n_days": 871
  }
}