{
  "experiment": "lstm_csi300_recent_seed92",
  "config": "/home/jiajun/finance-gfm/results/seed100_gpu_master_hist_fixed/generated_configs/lstm_recent.yaml",
  "overrides": [
    "task.model.kwargs.GPU=0",
    "task.model.kwargs.seed=92"
  ],
  "recorder_id": "d05987306cb2441899bba7d769fbdae0",
  "recorder_name": "mlflow_recorder",
  "source_run": "file:/home/jiajun/finance-gfm/mlruns",
  "logged_metrics": {
    "ICIR": 0.17929823022558578,
    "Rank ICIR": 0.2741887862336371,
    "Rank IC": 0.037256021694623886,
    "1day.excess_return_without_cost.mean": 2.5816493564181856e-05,
    "IC": 0.02404764459457949
  },
  "test_metrics": {
    "IC_mean": 0.0240476445945795,
    "IC_std": 0.13412092559041836,
    "ICIR": 0.17929823022558586,
    "RankIC_mean": 0.03725602169462388,
    "RankIC_std": 0.1358772625474111,
    "RankICIR": 0.27418878623363707,
    "n_days": 899
  }
}