{
  "experiment": "lstm_csi300_official_seed94",
  "config": "/home/jiajun/finance-gfm/results/seed100_gpu_master_hist_fixed/generated_configs/lstm_official.yaml",
  "overrides": [
    "task.model.kwargs.GPU=0",
    "task.model.kwargs.seed=94"
  ],
  "recorder_id": "6888807828634704a427ab8a95a022fa",
  "recorder_name": "mlflow_recorder",
  "source_run": "file:/home/jiajun/finance-gfm/mlruns",
  "logged_metrics": {
    "ICIR": 0.4007104238700632,
    "Rank ICIR": 0.4945754266124008,
    "Rank IC": 0.05133277913926325,
    "1day.excess_return_without_cost.mean": -0.00047714996283144685,
    "IC": 0.04413348399188343
  },
  "test_metrics": {
    "IC_mean": 0.04413348399188343,
    "IC_std": 0.11013809814489482,
    "ICIR": 0.4007104238700632,
    "RankIC_mean": 0.05133277913926325,
    "RankIC_std": 0.10379160867507636,
    "RankICIR": 0.4945754266124008,
    "n_days": 871
  }
}