{
  "experiment": "lstm_csi300_recent_seed93",
  "config": "/home/jiajun/finance-gfm/results/seed100_gpu_master_hist_fixed/generated_configs/lstm_recent.yaml",
  "overrides": [
    "task.model.kwargs.GPU=0",
    "task.model.kwargs.seed=93"
  ],
  "recorder_id": "25c1881a050046a9bac0222aee0289a0",
  "recorder_name": "mlflow_recorder",
  "source_run": "file:/home/jiajun/finance-gfm/mlruns",
  "logged_metrics": {
    "ICIR": 0.25446578741220455,
    "Rank ICIR": 0.2788799500634993,
    "Rank IC": 0.03537483774178861,
    "1day.excess_return_without_cost.mean": 2.5816493564181856e-05,
    "IC": 0.03001388350238711
  },
  "test_metrics": {
    "IC_mean": 0.03001388350238711,
    "IC_std": 0.11794860050780877,
    "ICIR": 0.25446578741220455,
    "RankIC_mean": 0.03537483774178861,
    "RankIC_std": 0.12684611329618342,
    "RankICIR": 0.2788799500634993,
    "n_days": 899
  }
}