{
  "experiment": "lstm_csi300_recent_seed14",
  "config": "/home/jiajun/finance-gfm/results/seed100_gpu_master_hist_fixed/generated_configs/lstm_recent.yaml",
  "overrides": [
    "task.model.kwargs.GPU=0",
    "task.model.kwargs.seed=14"
  ],
  "recorder_id": "8195de80cf694b1bbbc8a73523dfb65a",
  "recorder_name": "mlflow_recorder",
  "source_run": "file:/home/jiajun/finance-gfm/mlruns",
  "logged_metrics": {
    "ICIR": 0.264318509155748,
    "Rank ICIR": 0.3210859936781475,
    "Rank IC": 0.03699659422235782,
    "1day.excess_return_without_cost.mean": 2.5816493564181856e-05,
    "IC": 0.029890498501628594
  },
  "test_metrics": {
    "IC_mean": 0.029890498501628594,
    "IC_std": 0.11308515093059868,
    "ICIR": 0.264318509155748,
    "RankIC_mean": 0.03699659422235781,
    "RankIC_std": 0.11522332007867878,
    "RankICIR": 0.32108599367814744,
    "n_days": 899
  }
}