{
  "experiment": "lstm_csi300_recent_seed7",
  "config": "/home/jiajun/finance-gfm/results/seed100_gpu_master_hist_fixed/generated_configs/lstm_recent.yaml",
  "overrides": [
    "task.model.kwargs.GPU=0",
    "task.model.kwargs.seed=7"
  ],
  "recorder_id": "66992f7c941544ba9fb4c33af117e3e8",
  "recorder_name": "mlflow_recorder",
  "source_run": "file:/home/jiajun/finance-gfm/mlruns",
  "logged_metrics": {
    "ICIR": 0.17274984448459405,
    "Rank ICIR": 0.27369449908965693,
    "1day.excess_return_without_cost.std": 0.011450727157032388,
    "Rank IC": 0.03357438423068701,
    "1day.excess_return_without_cost.mean": 2.5816493564181856e-05,
    "IC": 0.02227534152186875
  },
  "test_metrics": {
    "IC_mean": 0.02227534152186875,
    "IC_std": 0.12894565311087897,
    "ICIR": 0.17274984448459405,
    "RankIC_mean": 0.033574384230686996,
    "RankIC_std": 0.12267102313842525,
    "RankICIR": 0.2736944990896568,
    "n_days": 899
  }
}