{
  "experiment": "lstm_csi300_official_seed8",
  "config": "/home/jiajun/finance-gfm/results/seed100_gpu_master_hist_fixed/generated_configs/lstm_official.yaml",
  "overrides": [
    "task.model.kwargs.GPU=0",
    "task.model.kwargs.seed=8"
  ],
  "recorder_id": "5de54966bf594179a70841c03abc0eaf",
  "recorder_name": "mlflow_recorder",
  "source_run": "file:/home/jiajun/finance-gfm/mlruns",
  "logged_metrics": {
    "ICIR": 0.3067664647882678,
    "Rank ICIR": 0.24290018231583768,
    "Rank IC": 0.02907038414680937,
    "1day.excess_return_without_cost.mean": -0.00047714996283144685,
    "IC": 0.03392402913284469
  },
  "test_metrics": {
    "IC_mean": 0.03392402913284469,
    "IC_std": 0.11058584632534485,
    "ICIR": 0.30676646478826775,
    "RankIC_mean": 0.029070384146809375,
    "RankIC_std": 0.11968037186983169,
    "RankICIR": 0.24290018231583774,
    "n_days": 871
  }
}