{
  "experiment": "lstm_csi300_official_seed64",
  "config": "/home/jiajun/finance-gfm/results/seed100_gpu_master_hist_fixed/generated_configs/lstm_official.yaml",
  "overrides": [
    "task.model.kwargs.GPU=0",
    "task.model.kwargs.seed=64"
  ],
  "recorder_id": "58a27ecbe19248158b1c79b3c97a0e59",
  "recorder_name": "mlflow_recorder",
  "source_run": "file:/home/jiajun/finance-gfm/mlruns",
  "logged_metrics": {
    "ICIR": 0.23015096467097693,
    "Rank ICIR": 0.41606151590577556,
    "Rank IC": 0.044521975046163176,
    "1day.excess_return_without_cost.mean": -0.00047714996283144685,
    "IC": 0.02740547738339828
  },
  "test_metrics": {
    "IC_mean": 0.02740547738339828,
    "IC_std": 0.11907609174081481,
    "ICIR": 0.23015096467097695,
    "RankIC_mean": 0.044521975046163176,
    "RankIC_std": 0.10700815466971947,
    "RankICIR": 0.41606151590577556,
    "n_days": 871
  }
}