{
  "experiment": "lstm_csi300_recent_seed49",
  "config": "/home/jiajun/finance-gfm/results/seed100_gpu_master_hist_fixed/generated_configs/lstm_recent.yaml",
  "overrides": [
    "task.model.kwargs.GPU=0",
    "task.model.kwargs.seed=49"
  ],
  "recorder_id": "dfcf4cdbe61b4660ad72c2b12e24a1e2",
  "recorder_name": "mlflow_recorder",
  "source_run": "file:/home/jiajun/finance-gfm/mlruns",
  "logged_metrics": {
    "ICIR": 0.24406793205795344,
    "Rank ICIR": 0.3345469081560865,
    "Rank IC": 0.03970177685480314,
    "1day.excess_return_without_cost.mean": 2.5816493564181856e-05,
    "IC": 0.030221022780371833
  },
  "test_metrics": {
    "IC_mean": 0.030221022780371833,
    "IC_std": 0.12382217739770873,
    "ICIR": 0.24406793205795344,
    "RankIC_mean": 0.039701776854803146,
    "RankIC_std": 0.11867327387249337,
    "RankICIR": 0.33454690815608656,
    "n_days": 899
  }
}