{
  "experiment": "lstm_csi300_recent_seed87",
  "config": "/home/jiajun/finance-gfm/results/seed100_gpu_master_hist_fixed/generated_configs/lstm_recent.yaml",
  "overrides": [
    "task.model.kwargs.GPU=0",
    "task.model.kwargs.seed=87"
  ],
  "recorder_id": "414be1b0310b4fe7b7f64f26c0788288",
  "recorder_name": "mlflow_recorder",
  "source_run": "file:/home/jiajun/finance-gfm/mlruns",
  "logged_metrics": {
    "ICIR": 0.24204049022001142,
    "Rank ICIR": 0.28396531381052564,
    "Rank IC": 0.033554363502231566,
    "1day.excess_return_without_cost.mean": 2.5816493564181856e-05,
    "IC": 0.02809235115820366
  },
  "test_metrics": {
    "IC_mean": 0.028092351158203657,
    "IC_std": 0.11606467633852544,
    "ICIR": 0.24204049022001142,
    "RankIC_mean": 0.03355436350223156,
    "RankIC_std": 0.11816359910992698,
    "RankICIR": 0.2839653138105256,
    "n_days": 899
  }
}