{
  "experiment": "lstm_csi300_official_seed27",
  "config": "/home/jiajun/finance-gfm/results/seed100_gpu_master_hist_fixed/generated_configs/lstm_official.yaml",
  "overrides": [
    "task.model.kwargs.GPU=0",
    "task.model.kwargs.seed=27"
  ],
  "recorder_id": "579c3ff4c5d34ed197f7b6af899bd2e7",
  "recorder_name": "mlflow_recorder",
  "source_run": "file:/home/jiajun/finance-gfm/mlruns",
  "logged_metrics": {
    "ICIR": 0.4500087296141439,
    "Rank ICIR": 0.47996074483907913,
    "1day.excess_return_without_cost.std": 0.012295189195465414,
    "Rank IC": 0.04821867069688603,
    "1day.excess_return_without_cost.mean": -0.00047714996283144685,
    "IC": 0.04592395902251564
  },
  "test_metrics": {
    "IC_mean": 0.04592395902251564,
    "IC_std": 0.10205126256526789,
    "ICIR": 0.4500087296141439,
    "RankIC_mean": 0.04821867069688604,
    "RankIC_std": 0.10046378003903789,
    "RankICIR": 0.4799607448390792,
    "n_days": 871
  }
}