{
  "experiment": "lstm_csi300_recent_seed23",
  "config": "/home/jiajun/finance-gfm/results/seed100_gpu_master_hist_fixed/generated_configs/lstm_recent.yaml",
  "overrides": [
    "task.model.kwargs.GPU=0",
    "task.model.kwargs.seed=23"
  ],
  "recorder_id": "e662fa1290dc4ab285c02d2afbddea3f",
  "recorder_name": "mlflow_recorder",
  "source_run": "file:/home/jiajun/finance-gfm/mlruns",
  "logged_metrics": {
    "ICIR": 0.20963399004559746,
    "Rank ICIR": 0.31404921798666025,
    "Rank IC": 0.03724551802914108,
    "1day.excess_return_without_cost.mean": 2.5816493564181856e-05,
    "IC": 0.025101393376184975
  },
  "test_metrics": {
    "IC_mean": 0.025101393376184982,
    "IC_std": 0.11973913853724374,
    "ICIR": 0.20963399004559755,
    "RankIC_mean": 0.03724551802914107,
    "RankIC_std": 0.11859770983643443,
    "RankICIR": 0.3140492179866602,
    "n_days": 899
  }
}