{
  "experiment": "lstm_csi300_official_seed314",
  "config": "/home/jiajun/finance-gfm/results/seed100_gpu_master_hist_fixed/generated_configs/lstm_official.yaml",
  "overrides": [
    "task.model.kwargs.GPU=0",
    "task.model.kwargs.seed=314"
  ],
  "recorder_id": "ceb500d36a75441392defebf89f1668c",
  "recorder_name": "mlflow_recorder",
  "source_run": "file:/home/jiajun/finance-gfm/mlruns",
  "logged_metrics": {
    "ICIR": 0.4236952395120015,
    "Rank ICIR": 0.5292473765969476,
    "Rank IC": 0.05197277649985638,
    "1day.excess_return_without_cost.mean": -0.00047714996283144685,
    "IC": 0.044411339196961955
  },
  "test_metrics": {
    "IC_mean": 0.04441133919696196,
    "IC_std": 0.10481906581748121,
    "ICIR": 0.4236952395120016,
    "RankIC_mean": 0.05197277649985638,
    "RankIC_std": 0.09820129262433103,
    "RankICIR": 0.5292473765969476,
    "n_days": 871
  }
}