{
  "experiment": "lstm_csi300_official_seed7",
  "config": "/home/jiajun/finance-gfm/results/seed100_gpu_master_hist_fixed/generated_configs/lstm_official.yaml",
  "overrides": [
    "task.model.kwargs.GPU=0",
    "task.model.kwargs.seed=7"
  ],
  "recorder_id": "d7794e85ed754bd4bcee3c7585ddb045",
  "recorder_name": "mlflow_recorder",
  "source_run": "file:/home/jiajun/finance-gfm/mlruns",
  "logged_metrics": {
    "ICIR": 0.2799038625468626,
    "Rank ICIR": 0.3716266534371075,
    "Rank IC": 0.0385313535616445,
    "1day.excess_return_without_cost.mean": -0.00047714996283144685,
    "IC": 0.030613881524451984
  },
  "test_metrics": {
    "IC_mean": 0.03061388152445199,
    "IC_std": 0.10937284411116865,
    "ICIR": 0.27990386254686267,
    "RankIC_mean": 0.0385313535616445,
    "RankIC_std": 0.10368296570032047,
    "RankICIR": 0.3716266534371075,
    "n_days": 871
  }
}