{
  "experiment": "lstm_csi300_recent_seed82",
  "config": "/home/jiajun/finance-gfm/results/seed100_gpu_master_hist_fixed/generated_configs/lstm_recent.yaml",
  "overrides": [
    "task.model.kwargs.GPU=0",
    "task.model.kwargs.seed=82"
  ],
  "recorder_id": "fd0959799d9d46eabe3168cf68e0df9a",
  "recorder_name": "mlflow_recorder",
  "source_run": "file:/home/jiajun/finance-gfm/mlruns",
  "logged_metrics": {
    "ICIR": 0.17816304319651277,
    "Rank ICIR": 0.25111055551072603,
    "Rank IC": 0.032823083806723025,
    "1day.excess_return_without_cost.mean": 2.5816493564181856e-05,
    "IC": 0.023724125134259075
  },
  "test_metrics": {
    "IC_mean": 0.023724125134259078,
    "IC_std": 0.1331596312490661,
    "ICIR": 0.1781630431965128,
    "RankIC_mean": 0.03282308380672303,
    "RankIC_std": 0.13071168489896876,
    "RankICIR": 0.2511105555107261,
    "n_days": 899
  }
}