{
  "experiment": "lstm_csi300_official_seed50",
  "config": "/home/jiajun/finance-gfm/results/seed100_gpu_master_hist_fixed/generated_configs/lstm_official.yaml",
  "overrides": [
    "task.model.kwargs.GPU=0",
    "task.model.kwargs.seed=50"
  ],
  "recorder_id": "757d1546440a40cebbd84e56ee945183",
  "recorder_name": "mlflow_recorder",
  "source_run": "file:/home/jiajun/finance-gfm/mlruns",
  "logged_metrics": {
    "ICIR": 0.3772746255046694,
    "Rank ICIR": 0.4723510553617691,
    "Rank IC": 0.048737361684998835,
    "1day.excess_return_without_cost.mean": -0.00047714996283144685,
    "IC": 0.04157746724690341
  },
  "test_metrics": {
    "IC_mean": 0.04157746724690341,
    "IC_std": 0.11020478038056873,
    "ICIR": 0.3772746255046694,
    "RankIC_mean": 0.048737361684998835,
    "RankIC_std": 0.10318038063378807,
    "RankICIR": 0.4723510553617691,
    "n_days": 871
  }
}