{
  "experiment": "lstm_csi300_official_seed666",
  "config": "/home/jiajun/finance-gfm/results/seed100_gpu_master_hist_fixed/generated_configs/lstm_official.yaml",
  "overrides": [
    "task.model.kwargs.GPU=0",
    "task.model.kwargs.seed=666"
  ],
  "recorder_id": "a9e415edb16c4cafa2d2c5d4505b5e87",
  "recorder_name": "mlflow_recorder",
  "source_run": "file:/home/jiajun/finance-gfm/mlruns",
  "logged_metrics": {
    "ICIR": 0.3876722256878332,
    "Rank ICIR": 0.4502054877088715,
    "Rank IC": 0.04766482544582712,
    "1day.excess_return_without_cost.mean": -0.00047714996283144685,
    "IC": 0.04268512429475155
  },
  "test_metrics": {
    "IC_mean": 0.042685124294751534,
    "IC_std": 0.11010622238675166,
    "ICIR": 0.3876722256878331,
    "RankIC_mean": 0.04766482544582712,
    "RankIC_std": 0.10587348832284763,
    "RankICIR": 0.4502054877088714,
    "n_days": 871
  }
}