{
  "experiment": "lstm_csi300_official_seed79",
  "config": "/home/jiajun/finance-gfm/results/seed100_gpu_master_hist_fixed/generated_configs/lstm_official.yaml",
  "overrides": [
    "task.model.kwargs.GPU=0",
    "task.model.kwargs.seed=79"
  ],
  "recorder_id": "2142d580bc3b4daeb55b78d5243251d7",
  "recorder_name": "mlflow_recorder",
  "source_run": "file:/home/jiajun/finance-gfm/mlruns",
  "logged_metrics": {
    "ICIR": 0.38816995083615274,
    "Rank ICIR": 0.4348780765900447,
    "1day.excess_return_without_cost.std": 0.012295189195465414,
    "Rank IC": 0.042271251999671855,
    "1day.excess_return_without_cost.mean": -0.00047714996283144685,
    "IC": 0.039046336338980865
  },
  "test_metrics": {
    "IC_mean": 0.039046336338980865,
    "IC_std": 0.10059082691710569,
    "ICIR": 0.38816995083615274,
    "RankIC_mean": 0.042271251999671855,
    "RankIC_std": 0.09720253623987707,
    "RankICIR": 0.4348780765900447,
    "n_days": 871
  }
}