{
  "experiment": "lstm_csi300_official_seed83",
  "config": "/home/jiajun/finance-gfm/results/seed100_gpu_master_hist_fixed/generated_configs/lstm_official.yaml",
  "overrides": [
    "task.model.kwargs.GPU=0",
    "task.model.kwargs.seed=83"
  ],
  "recorder_id": "bc22bf4b92b848ae97765460bce5b61f",
  "recorder_name": "mlflow_recorder",
  "source_run": "file:/home/jiajun/finance-gfm/mlruns",
  "logged_metrics": {
    "ICIR": 0.43857717503783955,
    "Rank ICIR": 0.5055307800816545,
    "Rank IC": 0.049077966052920245,
    "1day.excess_return_without_cost.mean": -0.00047714996283144685,
    "IC": 0.047246868578769426
  },
  "test_metrics": {
    "IC_mean": 0.047246868578769426,
    "IC_std": 0.10772760478174237,
    "ICIR": 0.43857717503783955,
    "RankIC_mean": 0.049077966052920245,
    "RankIC_std": 0.09708205313431767,
    "RankICIR": 0.5055307800816545,
    "n_days": 871
  }
}