{
  "experiment": "lstm_csi300_recent_seed91",
  "config": "/home/jiajun/finance-gfm/results/seed100_gpu_master_hist_fixed/generated_configs/lstm_recent.yaml",
  "overrides": [
    "task.model.kwargs.GPU=0",
    "task.model.kwargs.seed=91"
  ],
  "recorder_id": "a50757586fe540889ede81dc44d3a7a2",
  "recorder_name": "mlflow_recorder",
  "source_run": "file:/home/jiajun/finance-gfm/mlruns",
  "logged_metrics": {
    "ICIR": 0.2213110099675698,
    "Rank ICIR": 0.26151278881959245,
    "Rank IC": 0.031064692063553147,
    "1day.excess_return_without_cost.mean": 2.5816493564181856e-05,
    "IC": 0.025690399968977116
  },
  "test_metrics": {
    "IC_mean": 0.02569039996897712,
    "IC_std": 0.11608279214279354,
    "ICIR": 0.22131100996756983,
    "RankIC_mean": 0.031064692063553147,
    "RankIC_std": 0.11878842409111959,
    "RankICIR": 0.26151278881959245,
    "n_days": 899
  }
}