{
  "experiment": "lstm_csi300_recent_seed233",
  "config": "/home/jiajun/finance-gfm/results/seed100_gpu_master_hist_fixed/generated_configs/lstm_recent.yaml",
  "overrides": [
    "task.model.kwargs.GPU=0",
    "task.model.kwargs.seed=233"
  ],
  "recorder_id": "8642fb0a3c714e63b160f14545f50abb",
  "recorder_name": "mlflow_recorder",
  "source_run": "file:/home/jiajun/finance-gfm/mlruns",
  "logged_metrics": {
    "ICIR": 0.2017585425974265,
    "Rank ICIR": 0.31194715450444277,
    "Rank IC": 0.03997077146887771,
    "1day.excess_return_without_cost.mean": 2.5816493564181856e-05,
    "IC": 0.026505781946814664
  },
  "test_metrics": {
    "IC_mean": 0.026505781946814667,
    "IC_std": 0.13137377781173937,
    "ICIR": 0.20175854259742654,
    "RankIC_mean": 0.03997077146887772,
    "RankIC_std": 0.12813314977139323,
    "RankICIR": 0.3119471545044428,
    "n_days": 899
  }
}