{
  "experiment": "lstm_csi300_official_seed32",
  "config": "/home/jiajun/finance-gfm/results/seed100_gpu_master_hist_fixed/generated_configs/lstm_official.yaml",
  "overrides": [
    "task.model.kwargs.GPU=0",
    "task.model.kwargs.seed=32"
  ],
  "recorder_id": "00ba23d0b62e41d68f5077e42675c3b8",
  "recorder_name": "mlflow_recorder",
  "source_run": "file:/home/jiajun/finance-gfm/mlruns",
  "logged_metrics": {
    "ICIR": 0.3991861844147378,
    "Rank ICIR": 0.4592360053339725,
    "Rank IC": 0.04549712459912319,
    "1day.excess_return_without_cost.mean": -0.00047714996283144685,
    "IC": 0.040475924190854114
  },
  "test_metrics": {
    "IC_mean": 0.040475924190854114,
    "IC_std": 0.10139610480306933,
    "ICIR": 0.3991861844147378,
    "RankIC_mean": 0.04549712459912319,
    "RankIC_std": 0.0990713360247877,
    "RankICIR": 0.4592360053339725,
    "n_days": 871
  }
}