{
  "experiment": "lstm_csi300_official_seed41",
  "config": "/home/jiajun/finance-gfm/results/seed100_gpu_master_hist_fixed/generated_configs/lstm_official.yaml",
  "overrides": [
    "task.model.kwargs.GPU=0",
    "task.model.kwargs.seed=41"
  ],
  "recorder_id": "3a1472bc71844c628e2500b561105deb",
  "recorder_name": "mlflow_recorder",
  "source_run": "file:/home/jiajun/finance-gfm/mlruns",
  "logged_metrics": {
    "ICIR": 0.3812025701340296,
    "Rank ICIR": 0.45222299976053104,
    "Rank IC": 0.04498393704117525,
    "1day.excess_return_without_cost.mean": -0.00047714996283144685,
    "IC": 0.04057749815612198
  },
  "test_metrics": {
    "IC_mean": 0.04057749815612198,
    "IC_std": 0.10644602459488944,
    "ICIR": 0.3812025701340296,
    "RankIC_mean": 0.044983937041175245,
    "RankIC_std": 0.09947290842127872,
    "RankICIR": 0.452222999760531,
    "n_days": 871
  }
}