{
  "experiment": "lstm_csi300_official_seed70",
  "config": "/home/jiajun/finance-gfm/results/seed100_gpu_master_hist_fixed/generated_configs/lstm_official.yaml",
  "overrides": [
    "task.model.kwargs.GPU=0",
    "task.model.kwargs.seed=70"
  ],
  "recorder_id": "e952820d3aa347c1bae93ec097583267",
  "recorder_name": "mlflow_recorder",
  "source_run": "file:/home/jiajun/finance-gfm/mlruns",
  "logged_metrics": {
    "ICIR": 0.3933017603511452,
    "Rank ICIR": 0.48731664795478236,
    "Rank IC": 0.04872988519742925,
    "1day.excess_return_without_cost.mean": -0.00047714996283144685,
    "IC": 0.042548701429233456
  },
  "test_metrics": {
    "IC_mean": 0.042548701429233456,
    "IC_std": 0.10818334855975571,
    "ICIR": 0.3933017603511452,
    "RankIC_mean": 0.04872988519742925,
    "RankIC_std": 0.09999634816898528,
    "RankICIR": 0.48731664795478236,
    "n_days": 871
  }
}