{
  "experiment": "lstm_csi300_official_seed25",
  "config": "/home/jiajun/finance-gfm/results/seed100_gpu_master_hist_fixed/generated_configs/lstm_official.yaml",
  "overrides": [
    "task.model.kwargs.GPU=0",
    "task.model.kwargs.seed=25"
  ],
  "recorder_id": "0db2f2a62c1143ecb3640742ea128b66",
  "recorder_name": "mlflow_recorder",
  "source_run": "file:/home/jiajun/finance-gfm/mlruns",
  "logged_metrics": {
    "ICIR": 0.3704250390177025,
    "Rank ICIR": 0.48313892513273937,
    "Rank IC": 0.04856009095083509,
    "1day.excess_return_without_cost.mean": -0.00047714996283144685,
    "IC": 0.040603504378316
  },
  "test_metrics": {
    "IC_mean": 0.040603504378316,
    "IC_std": 0.10961328231479397,
    "ICIR": 0.3704250390177025,
    "RankIC_mean": 0.04856009095083509,
    "RankIC_std": 0.10050958104336867,
    "RankICIR": 0.4831389251327393,
    "n_days": 871
  }
}