{
  "experiment": "lstm_csi300_recent_seed13",
  "config": "/home/jiajun/finance-gfm/results/seed100_gpu_master_hist_fixed/generated_configs/lstm_recent.yaml",
  "overrides": [
    "task.model.kwargs.GPU=0",
    "task.model.kwargs.seed=13"
  ],
  "recorder_id": "45d93ca2fd99445d8932209fcf959ac9",
  "recorder_name": "mlflow_recorder",
  "source_run": "file:/home/jiajun/finance-gfm/mlruns",
  "logged_metrics": {
    "ICIR": 0.21793339446718102,
    "Rank ICIR": 0.322386982792189,
    "Rank IC": 0.03786748093252175,
    "1day.excess_return_without_cost.mean": 2.5816493564181856e-05,
    "IC": 0.026332399553644553
  },
  "test_metrics": {
    "IC_mean": 0.026332399553644543,
    "IC_std": 0.12082774013603499,
    "ICIR": 0.21793339446718094,
    "RankIC_mean": 0.03786748093252175,
    "RankIC_std": 0.11745970821945738,
    "RankICIR": 0.322386982792189,
    "n_days": 899
  }
}