{
  "experiment": "master_csi300_official_seed2",
  "config": "/home/jiajun/finance-gfm/results/seed100_gpu_master_hist_fixed/generated_configs/master_official.yaml",
  "overrides": [
    "task.model.kwargs.GPU=0",
    "task.model.kwargs.seed=2",
    "task.model.kwargs.save_path=/home/jiajun/finance-gfm/results/seed100_gpu_master_hist_fixed/model_ckpt/master/",
    "task.model.kwargs.save_prefix=official_seed2_"
  ],
  "recorder_id": "dcc2765017a84508bc48a4a5b61c770b",
  "recorder_name": "mlflow_recorder",
  "source_run": "file:/home/jiajun/finance-gfm/mlruns",
  "logged_metrics": {
    "ICIR": 0.5053045272022857,
    "Rank ICIR": 0.5792602737380844,
    "1day.excess_return_without_cost.std": 0.012295189195465414,
    "Rank IC": 0.05844822498876577,
    "1day.excess_return_without_cost.mean": -0.00047714996283144685,
    "IC": 0.05201855180114658
  },
  "test_metrics": {
    "IC_mean": 0.05201855180114658,
    "IC_std": 0.10294495497429472,
    "ICIR": 0.5053045272022857,
    "RankIC_mean": 0.05844822498876577,
    "RankIC_std": 0.1009014904674672,
    "RankICIR": 0.5792602737380844,
    "n_days": 871
  }
}