{
  "experiment": "master_csi300_official_seed71",
  "config": "/home/jiajun/finance-gfm/results/seed100_gpu_master_hist_fixed/generated_configs/master_official.yaml",
  "overrides": [
    "task.model.kwargs.GPU=0",
    "task.model.kwargs.seed=71",
    "task.model.kwargs.save_path=/home/jiajun/finance-gfm/results/seed100_gpu_master_hist_fixed/model_ckpt/master/",
    "task.model.kwargs.save_prefix=official_seed71_"
  ],
  "recorder_id": "b9023af8b72d45a7bd29f9da79d353ed",
  "recorder_name": "mlflow_recorder",
  "source_run": "file:/home/jiajun/finance-gfm/mlruns",
  "logged_metrics": {
    "ICIR": 0.5184673010093972,
    "Rank ICIR": 0.5564383067649893,
    "Rank IC": 0.060397204618498,
    "1day.excess_return_without_cost.mean": -0.00047714996283144685,
    "IC": 0.054899354726453554
  },
  "test_metrics": {
    "IC_mean": 0.054899354726453554,
    "IC_std": 0.10588778621056857,
    "ICIR": 0.5184673010093972,
    "RankIC_mean": 0.060397204618498,
    "RankIC_std": 0.10854249947246469,
    "RankICIR": 0.5564383067649893,
    "n_days": 871
  }
}