{
  "experiment": "master_csi300_recent_seed777",
  "config": "/home/jiajun/finance-gfm/results/seed100_gpu_master_hist_fixed/generated_configs/master_recent.yaml",
  "overrides": [
    "task.model.kwargs.GPU=0",
    "task.model.kwargs.seed=777",
    "task.model.kwargs.save_path=/home/jiajun/finance-gfm/results/seed100_gpu_master_hist_fixed/model_ckpt/master/",
    "task.model.kwargs.save_prefix=recent_seed777_"
  ],
  "recorder_id": "e7083fb77d224ec5919216692df148e5",
  "recorder_name": "mlflow_recorder",
  "source_run": "file:/home/jiajun/finance-gfm/mlruns",
  "logged_metrics": {
    "ICIR": 0.7224072561860527,
    "Rank ICIR": 0.7809897835187916,
    "Rank IC": 0.08321525558812037,
    "1day.excess_return_without_cost.mean": 2.5816493564181856e-05,
    "IC": 0.07348842317050457
  },
  "test_metrics": {
    "IC_mean": 0.07348842317050457,
    "IC_std": 0.10172713873125598,
    "ICIR": 0.7224072561860527,
    "RankIC_mean": 0.08321525558812037,
    "RankIC_std": 0.10655101685605867,
    "RankICIR": 0.7809897835187916,
    "n_days": 899
  }
}