{
  "experiment": "master_csi300_recent_seed202",
  "config": "/home/jiajun/finance-gfm/results/seed100_gpu_master_hist_fixed/generated_configs/master_recent.yaml",
  "overrides": [
    "task.model.kwargs.GPU=0",
    "task.model.kwargs.seed=202",
    "task.model.kwargs.save_path=/home/jiajun/finance-gfm/results/seed100_gpu_master_hist_fixed/model_ckpt/master/",
    "task.model.kwargs.save_prefix=recent_seed202_"
  ],
  "recorder_id": "8f1a316b5ab842c1a5b88425968a3f8f",
  "recorder_name": "mlflow_recorder",
  "source_run": "file:/home/jiajun/finance-gfm/mlruns",
  "logged_metrics": {
    "ICIR": 0.6797941863231571,
    "Rank ICIR": 0.7101441262467306,
    "Rank IC": 0.07450735600449214,
    "1day.excess_return_without_cost.mean": 2.5816493564181856e-05,
    "IC": 0.0684436008636235
  },
  "test_metrics": {
    "IC_mean": 0.06844360086362351,
    "IC_std": 0.1006828275978917,
    "ICIR": 0.6797941863231574,
    "RankIC_mean": 0.07450735600449214,
    "RankIC_std": 0.10491864010518549,
    "RankICIR": 0.7101441262467306,
    "n_days": 899
  }
}