{
  "experiment": "master_csi300_recent_seed256",
  "config": "/home/jiajun/finance-gfm/results/seed100_gpu_master_hist_fixed/generated_configs/master_recent.yaml",
  "overrides": [
    "task.model.kwargs.GPU=0",
    "task.model.kwargs.seed=256",
    "task.model.kwargs.save_path=/home/jiajun/finance-gfm/results/seed100_gpu_master_hist_fixed/model_ckpt/master/",
    "task.model.kwargs.save_prefix=recent_seed256_"
  ],
  "recorder_id": "d32877c269604ff99003d1fd04577819",
  "recorder_name": "mlflow_recorder",
  "source_run": "file:/home/jiajun/finance-gfm/mlruns",
  "logged_metrics": {
    "ICIR": 0.45657557436882595,
    "Rank ICIR": 0.5176183241006115,
    "Rank IC": 0.05708555086495405,
    "1day.excess_return_without_cost.mean": 2.5816493564181856e-05,
    "IC": 0.048014522252620685
  },
  "test_metrics": {
    "IC_mean": 0.048014522252620685,
    "IC_std": 0.10516226655137297,
    "ICIR": 0.45657557436882595,
    "RankIC_mean": 0.057085550864954045,
    "RankIC_std": 0.11028502703056954,
    "RankICIR": 0.5176183241006115,
    "n_days": 899
  }
}