{
  "experiment": "master_csi300_recent_seed43",
  "config": "/home/jiajun/finance-gfm/results/seed100_gpu_master_hist_fixed/generated_configs/master_recent.yaml",
  "overrides": [
    "task.model.kwargs.GPU=0",
    "task.model.kwargs.seed=43",
    "task.model.kwargs.save_path=/home/jiajun/finance-gfm/results/seed100_gpu_master_hist_fixed/model_ckpt/master/",
    "task.model.kwargs.save_prefix=recent_seed43_"
  ],
  "recorder_id": "644cd4769c4c4fa199e0627797f019b5",
  "recorder_name": "mlflow_recorder",
  "source_run": "file:/home/jiajun/finance-gfm/mlruns",
  "logged_metrics": {
    "ICIR": 0.6785958165763177,
    "Rank ICIR": 0.7074658748949403,
    "Rank IC": 0.08028353999851968,
    "1day.excess_return_without_cost.mean": 2.5816493564181856e-05,
    "IC": 0.07267842936444205
  },
  "test_metrics": {
    "IC_mean": 0.07267842936444205,
    "IC_std": 0.10710120455961922,
    "ICIR": 0.6785958165763177,
    "RankIC_mean": 0.08028353999851967,
    "RankIC_std": 0.11348044173924558,
    "RankICIR": 0.7074658748949403,
    "n_days": 899
  }
}