{
  "experiment": "master_csi300_official_seed80",
  "config": "/home/jiajun/finance-gfm/results/seed100_gpu_master_hist_fixed/generated_configs/master_official.yaml",
  "overrides": [
    "task.model.kwargs.GPU=0",
    "task.model.kwargs.seed=80",
    "task.model.kwargs.save_path=/home/jiajun/finance-gfm/results/seed100_gpu_master_hist_fixed/model_ckpt/master/",
    "task.model.kwargs.save_prefix=official_seed80_"
  ],
  "recorder_id": "298473d8b63a4214ba7a23db525d3d9f",
  "recorder_name": "mlflow_recorder",
  "source_run": "file:/home/jiajun/finance-gfm/mlruns",
  "logged_metrics": {
    "ICIR": 0.607278888304434,
    "Rank ICIR": 0.6594788045621471,
    "1day.excess_return_without_cost.std": 0.012295189195465414,
    "1day.excess_return_without_cost.annualized_return": -0.11356169115388436,
    "Rank IC": 0.06798329214242543,
    "1day.excess_return_without_cost.mean": -0.00047714996283144685,
    "IC": 0.06290439345852189
  },
  "test_metrics": {
    "IC_mean": 0.0629043934585219,
    "IC_std": 0.10358402814587453,
    "ICIR": 0.6072788883044342,
    "RankIC_mean": 0.06798329214242542,
    "RankIC_std": 0.1030863943952863,
    "RankICIR": 0.659478804562147,
    "n_days": 871
  }
}