{
  "experiment": "master_csi300_recent_seed1",
  "config": "/home/jiajun/finance-gfm/results/seed100_gpu_master_hist_fixed/generated_configs/master_recent.yaml",
  "overrides": [
    "task.model.kwargs.GPU=0",
    "task.model.kwargs.seed=1",
    "task.model.kwargs.save_path=/home/jiajun/finance-gfm/results/seed100_gpu_master_hist_fixed/model_ckpt/master/",
    "task.model.kwargs.save_prefix=recent_seed1_"
  ],
  "recorder_id": "935a77068ad94c81a7e2c78035c8cf8b",
  "recorder_name": "mlflow_recorder",
  "source_run": "file:/home/jiajun/finance-gfm/mlruns",
  "logged_metrics": {
    "ICIR": 0.37761742089905953,
    "Rank ICIR": 0.4371440877205261,
    "1day.excess_return_without_cost.std": 0.011450727157032388,
    "Rank IC": 0.05704059856555371,
    "1day.excess_return_without_cost.mean": 2.5816493564181856e-05,
    "IC": 0.046850637871105764
  },
  "test_metrics": {
    "IC_mean": 0.046850637871105764,
    "IC_std": 0.12406905846547094,
    "ICIR": 0.37761742089905953,
    "RankIC_mean": 0.05704059856555373,
    "RankIC_std": 0.13048466207787482,
    "RankICIR": 0.4371440877205262,
    "n_days": 899
  }
}