{
  "experiment": "master_csi300_official_seed31",
  "config": "/home/jiajun/finance-gfm/results/seed100_gpu_master_hist_fixed/generated_configs/master_official.yaml",
  "overrides": [
    "task.model.kwargs.GPU=0",
    "task.model.kwargs.seed=31",
    "task.model.kwargs.save_path=/home/jiajun/finance-gfm/results/seed100_gpu_master_hist_fixed/model_ckpt/master/",
    "task.model.kwargs.save_prefix=official_seed31_"
  ],
  "recorder_id": "700ccb919a554183bf6aaafb490f6f39",
  "recorder_name": "mlflow_recorder",
  "source_run": "file:/home/jiajun/finance-gfm/mlruns",
  "logged_metrics": {
    "ICIR": 0.3823932203126307,
    "Rank ICIR": 0.4681929118345785,
    "1day.excess_return_without_cost.std": 0.012295189195465414,
    "Rank IC": 0.048960585299168385,
    "1day.excess_return_without_cost.mean": -0.00047714996283144685,
    "IC": 0.0408606066145684
  },
  "test_metrics": {
    "IC_mean": 0.04086060661456839,
    "IC_std": 0.10685494523454747,
    "ICIR": 0.3823932203126306,
    "RankIC_mean": 0.048960585299168385,
    "RankIC_std": 0.1045735295464428,
    "RankICIR": 0.4681929118345785,
    "n_days": 871
  }
}