{
  "experiment": "master_csi300_official_seed202",
  "config": "/home/jiajun/finance-gfm/results/seed100_gpu_master_hist_fixed/generated_configs/master_official.yaml",
  "overrides": [
    "task.model.kwargs.GPU=0",
    "task.model.kwargs.seed=202",
    "task.model.kwargs.save_path=/home/jiajun/finance-gfm/results/seed100_gpu_master_hist_fixed/model_ckpt/master/",
    "task.model.kwargs.save_prefix=official_seed202_"
  ],
  "recorder_id": "0e94c7a02c844b4d99c24ab341152db7",
  "recorder_name": "mlflow_recorder",
  "source_run": "file:/home/jiajun/finance-gfm/mlruns",
  "logged_metrics": {
    "ICIR": 0.4548232781393045,
    "Rank ICIR": 0.5153923864033223,
    "Rank IC": 0.056821448309135276,
    "1day.excess_return_without_cost.mean": -0.00047714996283144685,
    "IC": 0.049672714725761256
  },
  "test_metrics": {
    "IC_mean": 0.04967271472576126,
    "IC_std": 0.10921321997628135,
    "ICIR": 0.45482327813930457,
    "RankIC_mean": 0.056821448309135276,
    "RankIC_std": 0.11024890900244971,
    "RankICIR": 0.5153923864033223,
    "n_days": 871
  }
}