{
  "experiment": "master_csi300_recent_seed78",
  "config": "/home/jiajun/finance-gfm/results/seed100_gpu_master_hist_fixed/generated_configs/master_recent.yaml",
  "overrides": [
    "task.model.kwargs.GPU=0",
    "task.model.kwargs.seed=78",
    "task.model.kwargs.save_path=/home/jiajun/finance-gfm/results/seed100_gpu_master_hist_fixed/model_ckpt/master/",
    "task.model.kwargs.save_prefix=recent_seed78_"
  ],
  "recorder_id": "d7833f21666c42d2872a8ac7ecb04df2",
  "recorder_name": "mlflow_recorder",
  "source_run": "file:/home/jiajun/finance-gfm/mlruns",
  "logged_metrics": {
    "ICIR": 0.7493763395463884,
    "Rank ICIR": 0.8186072540667703,
    "Rank IC": 0.09272054096560764,
    "1day.excess_return_without_cost.mean": 2.5816493564181856e-05,
    "IC": 0.08171596754095746
  },
  "test_metrics": {
    "IC_mean": 0.08171596754095749,
    "IC_std": 0.10904529970938458,
    "ICIR": 0.7493763395463886,
    "RankIC_mean": 0.09272054096560764,
    "RankIC_std": 0.11326620977884082,
    "RankICIR": 0.8186072540667703,
    "n_days": 899
  }
}