{
  "experiment": "master_csi300_recent_seed999",
  "config": "/home/jiajun/finance-gfm/results/seed100_gpu_master_hist_fixed/generated_configs/master_recent.yaml",
  "overrides": [
    "task.model.kwargs.GPU=0",
    "task.model.kwargs.seed=999",
    "task.model.kwargs.save_path=/home/jiajun/finance-gfm/results/seed100_gpu_master_hist_fixed/model_ckpt/master/",
    "task.model.kwargs.save_prefix=recent_seed999_"
  ],
  "recorder_id": "e31bb0f7ce3049c09951210374998be4",
  "recorder_name": "mlflow_recorder",
  "source_run": "file:/home/jiajun/finance-gfm/mlruns",
  "logged_metrics": {
    "ICIR": 0.711105048065684,
    "Rank ICIR": 0.7736437677233651,
    "1day.excess_return_without_cost.std": 0.011450727157032388,
    "Rank IC": 0.08035398072141223,
    "1day.excess_return_without_cost.mean": 2.5816493564181856e-05,
    "IC": 0.0715789801121482
  },
  "test_metrics": {
    "IC_mean": 0.0715789801121482,
    "IC_std": 0.10065879901549585,
    "ICIR": 0.711105048065684,
    "RankIC_mean": 0.08035398072141223,
    "RankIC_std": 0.10386431594721347,
    "RankICIR": 0.7736437677233651,
    "n_days": 899
  }
}