{
  "experiment": "master_csi300_official_seed15",
  "config": "/home/jiajun/finance-gfm/results/seed100_gpu_master_hist_fixed/generated_configs/master_official.yaml",
  "overrides": [
    "task.model.kwargs.GPU=0",
    "task.model.kwargs.seed=15",
    "task.model.kwargs.save_path=/home/jiajun/finance-gfm/results/seed100_gpu_master_hist_fixed/model_ckpt/master/",
    "task.model.kwargs.save_prefix=official_seed15_"
  ],
  "recorder_id": "56aa41b26c334ab1afbfa62a546df798",
  "recorder_name": "mlflow_recorder",
  "source_run": "file:/home/jiajun/finance-gfm/mlruns",
  "logged_metrics": {
    "ICIR": 0.4931673338938405,
    "Rank ICIR": 0.5696416936586935,
    "1day.excess_return_without_cost.std": 0.012295189195465414,
    "Rank IC": 0.056490688442224046,
    "1day.excess_return_without_cost.mean": -0.00047714996283144685,
    "IC": 0.050031310167227436
  },
  "test_metrics": {
    "IC_mean": 0.050031310167227436,
    "IC_std": 0.10144895399336651,
    "ICIR": 0.49316733389384043,
    "RankIC_mean": 0.056490688442224046,
    "RankIC_std": 0.09916880922004807,
    "RankICIR": 0.5696416936586935,
    "n_days": 871
  }
}