{
  "experiment": "master_csi300_recent_seed81",
  "config": "/home/jiajun/finance-gfm/results/seed100_gpu_master_hist_fixed/generated_configs/master_recent.yaml",
  "overrides": [
    "task.model.kwargs.GPU=0",
    "task.model.kwargs.seed=81",
    "task.model.kwargs.save_path=/home/jiajun/finance-gfm/results/seed100_gpu_master_hist_fixed/model_ckpt/master/",
    "task.model.kwargs.save_prefix=recent_seed81_"
  ],
  "recorder_id": "af0c2412034d43bc8961bbbce093182b",
  "recorder_name": "mlflow_recorder",
  "source_run": "file:/home/jiajun/finance-gfm/mlruns",
  "logged_metrics": {
    "ICIR": 0.37902158599203545,
    "Rank ICIR": 0.46657124680427114,
    "Rank IC": 0.05560475940157338,
    "1day.excess_return_without_cost.mean": 2.5816493564181856e-05,
    "IC": 0.04384821489303948
  },
  "test_metrics": {
    "IC_mean": 0.04384821489303948,
    "IC_std": 0.115687909379285,
    "ICIR": 0.3790215859920355,
    "RankIC_mean": 0.05560475940157338,
    "RankIC_std": 0.11917742420355329,
    "RankICIR": 0.46657124680427114,
    "n_days": 899
  }
}