{
  "experiment": "master_csi300_recent_seed169",
  "config": "/home/jiajun/finance-gfm/results/seed100_gpu_master_hist_fixed/generated_configs/master_recent.yaml",
  "overrides": [
    "task.model.kwargs.GPU=0",
    "task.model.kwargs.seed=169",
    "task.model.kwargs.save_path=/home/jiajun/finance-gfm/results/seed100_gpu_master_hist_fixed/model_ckpt/master/",
    "task.model.kwargs.save_prefix=recent_seed169_"
  ],
  "recorder_id": "0881d42c9f064fd49b3df7764cfe94df",
  "recorder_name": "mlflow_recorder",
  "source_run": "file:/home/jiajun/finance-gfm/mlruns",
  "logged_metrics": {
    "ICIR": 1.1711785829328873,
    "Rank ICIR": 1.2044581972302912,
    "Rank IC": 0.11766267003442575,
    "1day.excess_return_without_cost.mean": 2.5816493564181856e-05,
    "IC": 0.10949845586742693
  },
  "test_metrics": {
    "IC_mean": 0.10949845586742693,
    "IC_std": 0.09349424371577804,
    "ICIR": 1.1711785829328873,
    "RankIC_mean": 0.11766267003442575,
    "RankIC_std": 0.09768929324819793,
    "RankICIR": 1.2044581972302912,
    "n_days": 899
  }
}