{
  "experiment": "master_csi300_official_seed77",
  "config": "/home/jiajun/finance-gfm/results/seed100_gpu_master_hist_fixed/generated_configs/master_official.yaml",
  "overrides": [
    "task.model.kwargs.GPU=0",
    "task.model.kwargs.seed=77",
    "task.model.kwargs.save_path=/home/jiajun/finance-gfm/results/seed100_gpu_master_hist_fixed/model_ckpt/master/",
    "task.model.kwargs.save_prefix=official_seed77_"
  ],
  "recorder_id": "37494cfc8fa54001b96066a5a5b68cc4",
  "recorder_name": "mlflow_recorder",
  "source_run": "file:/home/jiajun/finance-gfm/mlruns",
  "logged_metrics": {
    "ICIR": 0.6381510152004434,
    "Rank ICIR": 0.6960938010542976,
    "1day.excess_return_without_cost.std": 0.012295189195465414,
    "Rank IC": 0.07108929471714828,
    "1day.excess_return_without_cost.mean": -0.00047714996283144685,
    "IC": 0.0659544662659144
  },
  "test_metrics": {
    "IC_mean": 0.0659544662659144,
    "IC_std": 0.10335244275243861,
    "ICIR": 0.6381510152004434,
    "RankIC_mean": 0.07108929471714828,
    "RankIC_std": 0.10212602756909636,
    "RankICIR": 0.6960938010542976,
    "n_days": 871
  }
}