{
  "experiment": "master_csi300_recent_seed188",
  "config": "/home/jiajun/finance-gfm/results/seed100_gpu_master_hist_fixed/generated_configs/master_recent.yaml",
  "overrides": [
    "task.model.kwargs.GPU=0",
    "task.model.kwargs.seed=188",
    "task.model.kwargs.save_path=/home/jiajun/finance-gfm/results/seed100_gpu_master_hist_fixed/model_ckpt/master/",
    "task.model.kwargs.save_prefix=recent_seed188_"
  ],
  "recorder_id": "888cc898b0af452f85d53ce44c7dc9d8",
  "recorder_name": "mlflow_recorder",
  "source_run": "file:/home/jiajun/finance-gfm/mlruns",
  "logged_metrics": {
    "ICIR": 0.6197773655062356,
    "Rank ICIR": 0.6470539063430737,
    "Rank IC": 0.06956906106631447,
    "1day.excess_return_without_cost.mean": 2.5816493564181856e-05,
    "IC": 0.06318716376975342
  },
  "test_metrics": {
    "IC_mean": 0.06318716376975342,
    "IC_std": 0.1019513897835588,
    "ICIR": 0.6197773655062356,
    "RankIC_mean": 0.06956906106631447,
    "RankIC_std": 0.10751663869784034,
    "RankICIR": 0.6470539063430737,
    "n_days": 899
  }
}