{
  "experiment": "master_csi300_official_seed89",
  "config": "/home/jiajun/finance-gfm/results/seed100_gpu_master_hist_fixed/generated_configs/master_official.yaml",
  "overrides": [
    "task.model.kwargs.GPU=0",
    "task.model.kwargs.seed=89",
    "task.model.kwargs.save_path=/home/jiajun/finance-gfm/results/seed100_gpu_master_hist_fixed/model_ckpt/master/",
    "task.model.kwargs.save_prefix=official_seed89_"
  ],
  "recorder_id": "96f13ba545a84c1290d32d0598ca5745",
  "recorder_name": "mlflow_recorder",
  "source_run": "file:/home/jiajun/finance-gfm/mlruns",
  "logged_metrics": {
    "ICIR": 0.49976014565503846,
    "Rank ICIR": 0.5699766421452728,
    "1day.excess_return_without_cost.std": 0.012295189195465414,
    "Rank IC": 0.06119927984208619,
    "1day.excess_return_without_cost.mean": -0.00047714996283144685,
    "IC": 0.05345164532863935
  },
  "test_metrics": {
    "IC_mean": 0.05345164532863935,
    "IC_std": 0.10695459770722608,
    "ICIR": 0.49976014565503846,
    "RankIC_mean": 0.06119927984208619,
    "RankIC_std": 0.10737155756373615,
    "RankICIR": 0.5699766421452727,
    "n_days": 871
  }
}