{
  "experiment": "master_csi300_official_seed47",
  "config": "/home/jiajun/finance-gfm/results/seed100_gpu_master_hist_fixed/generated_configs/master_official.yaml",
  "overrides": [
    "task.model.kwargs.GPU=0",
    "task.model.kwargs.seed=47",
    "task.model.kwargs.save_path=/home/jiajun/finance-gfm/results/seed100_gpu_master_hist_fixed/model_ckpt/master/",
    "task.model.kwargs.save_prefix=official_seed47_"
  ],
  "recorder_id": "ca552e2110014e81821618b68aca3078",
  "recorder_name": "mlflow_recorder",
  "source_run": "file:/home/jiajun/finance-gfm/mlruns",
  "logged_metrics": {
    "ICIR": 0.4343455418717405,
    "Rank ICIR": 0.5134649911873317,
    "Rank IC": 0.05572783048237785,
    "1day.excess_return_without_cost.mean": -0.00047714996283144685,
    "IC": 0.04725094613642681
  },
  "test_metrics": {
    "IC_mean": 0.04725094613642681,
    "IC_std": 0.10878653417923123,
    "ICIR": 0.4343455418717405,
    "RankIC_mean": 0.05572783048237786,
    "RankIC_std": 0.10853287261807924,
    "RankICIR": 0.5134649911873318,
    "n_days": 871
  }
}