{
  "experiment": "master_csi300_official_seed12",
  "config": "/home/jiajun/finance-gfm/results/seed100_gpu_master_hist_fixed/generated_configs/master_official.yaml",
  "overrides": [
    "task.model.kwargs.GPU=0",
    "task.model.kwargs.seed=12",
    "task.model.kwargs.save_path=/home/jiajun/finance-gfm/results/seed100_gpu_master_hist_fixed/model_ckpt/master/",
    "task.model.kwargs.save_prefix=official_seed12_"
  ],
  "recorder_id": "fa8a4d97743e4d78b0dfeb71371746ad",
  "recorder_name": "mlflow_recorder",
  "source_run": "file:/home/jiajun/finance-gfm/mlruns",
  "logged_metrics": {
    "ICIR": 0.46326546074634667,
    "Rank ICIR": 0.517489811327622,
    "1day.excess_return_without_cost.std": 0.012295189195465414,
    "Rank IC": 0.059159674838963595,
    "1day.excess_return_without_cost.mean": -0.00047714996283144685,
    "IC": 0.051593315757198686
  },
  "test_metrics": {
    "IC_mean": 0.05159331575719869,
    "IC_std": 0.11136879419864144,
    "ICIR": 0.4632654607463467,
    "RankIC_mean": 0.059159674838963595,
    "RankIC_std": 0.11432046301972447,
    "RankICIR": 0.517489811327622,
    "n_days": 871
  }
}