{
  "experiment": "master_csi300_official_seed169",
  "config": "/home/jiajun/finance-gfm/results/seed100_gpu_master_hist_fixed/generated_configs/master_official.yaml",
  "overrides": [
    "task.model.kwargs.GPU=0",
    "task.model.kwargs.seed=169",
    "task.model.kwargs.save_path=/home/jiajun/finance-gfm/results/seed100_gpu_master_hist_fixed/model_ckpt/master/",
    "task.model.kwargs.save_prefix=official_seed169_"
  ],
  "recorder_id": "d848d6ab5dc54f8b9314bcb96aeeb6db",
  "recorder_name": "mlflow_recorder",
  "source_run": "file:/home/jiajun/finance-gfm/mlruns",
  "logged_metrics": {
    "ICIR": 0.5449576421116541,
    "Rank ICIR": 0.5907411840772571,
    "Rank IC": 0.06381443573456838,
    "1day.excess_return_without_cost.mean": -0.00047714996283144685,
    "IC": 0.058824977113434616
  },
  "test_metrics": {
    "IC_mean": 0.058824977113434616,
    "IC_std": 0.10794412733711553,
    "ICIR": 0.544957642111654,
    "RankIC_mean": 0.06381443573456838,
    "RankIC_std": 0.10802435559702357,
    "RankICIR": 0.5907411840772571,
    "n_days": 871
  }
}