{
  "experiment": "master_csi300_official_seed200",
  "config": "/home/jiajun/finance-gfm/results/seed100_gpu_master_hist_fixed/generated_configs/master_official.yaml",
  "overrides": [
    "task.model.kwargs.GPU=0",
    "task.model.kwargs.seed=200",
    "task.model.kwargs.save_path=/home/jiajun/finance-gfm/results/seed100_gpu_master_hist_fixed/model_ckpt/master/",
    "task.model.kwargs.save_prefix=official_seed200_"
  ],
  "recorder_id": "8acf7dc9cdbd4ac4b77151440096ca99",
  "recorder_name": "mlflow_recorder",
  "source_run": "file:/home/jiajun/finance-gfm/mlruns",
  "logged_metrics": {
    "ICIR": 0.473758114305891,
    "Rank ICIR": 0.5699099842550519,
    "Rank IC": 0.05993707232017396,
    "1day.excess_return_without_cost.mean": -0.00047714996283144685,
    "IC": 0.050335362430124826
  },
  "test_metrics": {
    "IC_mean": 0.050335362430124826,
    "IC_std": 0.10624696635301287,
    "ICIR": 0.473758114305891,
    "RankIC_mean": 0.05993707232017396,
    "RankIC_std": 0.10516936705104346,
    "RankICIR": 0.5699099842550519,
    "n_days": 871
  }
}