{
  "experiment": "master_csi300_official_seed1",
  "config": "/home/jiajun/finance-gfm/results/seed100_gpu_master_hist_fixed/generated_configs/master_official.yaml",
  "overrides": [
    "task.model.kwargs.GPU=0",
    "task.model.kwargs.seed=1",
    "task.model.kwargs.save_path=/home/jiajun/finance-gfm/results/seed100_gpu_master_hist_fixed/model_ckpt/master/",
    "task.model.kwargs.save_prefix=official_seed1_"
  ],
  "recorder_id": "b7fd96c4d6fe49608a2b77bd93a44d4c",
  "recorder_name": "mlflow_recorder",
  "source_run": "file:/home/jiajun/finance-gfm/mlruns",
  "logged_metrics": {
    "ICIR": 0.41734177176321424,
    "Rank ICIR": 0.49855156883554286,
    "1day.excess_return_without_cost.std": 0.012295189195465414,
    "Rank IC": 0.05642779807993495,
    "1day.excess_return_without_cost.mean": -0.00047714996283144685,
    "IC": 0.047661009218672216
  },
  "test_metrics": {
    "IC_mean": 0.04766100921867223,
    "IC_std": 0.11420138707254418,
    "ICIR": 0.41734177176321435,
    "RankIC_mean": 0.05642779807993495,
    "RankIC_std": 0.11318347309934708,
    "RankICIR": 0.49855156883554286,
    "n_days": 871
  }
}