{
  "experiment": "master_csi300_recent_seed24",
  "config": "/home/jiajun/finance-gfm/results/seed100_gpu_master_hist_fixed/generated_configs/master_recent.yaml",
  "overrides": [
    "task.model.kwargs.GPU=0",
    "task.model.kwargs.seed=24",
    "task.model.kwargs.save_path=/home/jiajun/finance-gfm/results/seed100_gpu_master_hist_fixed/model_ckpt/master/",
    "task.model.kwargs.save_prefix=recent_seed24_"
  ],
  "recorder_id": "eaf20c6674414a26a8a62884f41cf979",
  "recorder_name": "mlflow_recorder",
  "source_run": "file:/home/jiajun/finance-gfm/mlruns",
  "logged_metrics": {
    "ICIR": 0.7382296942092101,
    "Rank ICIR": 0.766621664853407,
    "Rank IC": 0.08493545305795734,
    "1day.excess_return_without_cost.mean": 2.5816493564181856e-05,
    "IC": 0.07949417034265907
  },
  "test_metrics": {
    "IC_mean": 0.07949417034265907,
    "IC_std": 0.10768216310753123,
    "ICIR": 0.7382296942092101,
    "RankIC_mean": 0.08493545305795734,
    "RankIC_std": 0.110791876817359,
    "RankICIR": 0.766621664853407,
    "n_days": 899
  }
}