{
  "experiment": "master_csi300_official_seed32",
  "config": "/home/jiajun/finance-gfm/results/seed100_gpu_master_hist_fixed/generated_configs/master_official.yaml",
  "overrides": [
    "task.model.kwargs.GPU=0",
    "task.model.kwargs.seed=32",
    "task.model.kwargs.save_path=/home/jiajun/finance-gfm/results/seed100_gpu_master_hist_fixed/model_ckpt/master/",
    "task.model.kwargs.save_prefix=official_seed32_"
  ],
  "recorder_id": "3f4ab1431b5e4d6f97972ce466fa090b",
  "recorder_name": "mlflow_recorder",
  "source_run": "file:/home/jiajun/finance-gfm/mlruns",
  "logged_metrics": {
    "ICIR": 0.4756255162288913,
    "Rank ICIR": 0.5765054333373976,
    "Rank IC": 0.060040355060046215,
    "1day.excess_return_without_cost.mean": -0.00047714996283144685,
    "IC": 0.05137678204484225
  },
  "test_metrics": {
    "IC_mean": 0.05137678204484225,
    "IC_std": 0.10801939822782249,
    "ICIR": 0.47562551622889127,
    "RankIC_mean": 0.060040355060046215,
    "RankIC_std": 0.10414534120254826,
    "RankICIR": 0.5765054333373976,
    "n_days": 871
  }
}