{
  "experiment": "master_csi300_recent_seed91",
  "config": "/home/jiajun/finance-gfm/results/seed100_gpu_master_hist_fixed/generated_configs/master_recent.yaml",
  "overrides": [
    "task.model.kwargs.GPU=0",
    "task.model.kwargs.seed=91",
    "task.model.kwargs.save_path=/home/jiajun/finance-gfm/results/seed100_gpu_master_hist_fixed/model_ckpt/master/",
    "task.model.kwargs.save_prefix=recent_seed91_"
  ],
  "recorder_id": "5498475116ed4277a0e61f0c536db06f",
  "recorder_name": "mlflow_recorder",
  "source_run": "file:/home/jiajun/finance-gfm/mlruns",
  "logged_metrics": {
    "ICIR": 0.5971677906397986,
    "Rank ICIR": 0.6310107860380153,
    "1day.excess_return_without_cost.std": 0.011450727157032388,
    "Rank IC": 0.07760031835434615,
    "1day.excess_return_without_cost.mean": 2.5816493564181856e-05,
    "IC": 0.0695025578578584
  },
  "test_metrics": {
    "IC_mean": 0.0695025578578584,
    "IC_std": 0.11638698360371073,
    "ICIR": 0.5971677906397986,
    "RankIC_mean": 0.07760031835434615,
    "RankIC_std": 0.12297780017609891,
    "RankICIR": 0.6310107860380153,
    "n_days": 899
  }
}