{
  "experiment": "master_csi300_recent_seed2026",
  "config": "/home/jiajun/finance-gfm/results/seed100_gpu_master_hist_fixed/generated_configs/master_recent.yaml",
  "overrides": [
    "task.model.kwargs.GPU=0",
    "task.model.kwargs.seed=2026",
    "task.model.kwargs.save_path=/home/jiajun/finance-gfm/results/seed100_gpu_master_hist_fixed/model_ckpt/master/",
    "task.model.kwargs.save_prefix=recent_seed2026_"
  ],
  "recorder_id": "11bb3b932fa24bbb884eb399cd8d3d99",
  "recorder_name": "mlflow_recorder",
  "source_run": "file:/home/jiajun/finance-gfm/mlruns",
  "logged_metrics": {
    "ICIR": 1.1289897160146853,
    "Rank ICIR": 1.1576706424019334,
    "1day.excess_return_without_cost.std": 0.011450727157032388,
    "1day.excess_return_without_cost.annualized_return": 0.006144325468275282,
    "Rank IC": 0.11686013879116146,
    "1day.excess_return_without_cost.mean": 2.5816493564181856e-05,
    "IC": 0.10787299058212113
  },
  "test_metrics": {
    "IC_mean": 0.10787299058212112,
    "IC_std": 0.0955482490690092,
    "ICIR": 1.1289897160146853,
    "RankIC_mean": 0.11686013879116146,
    "RankIC_std": 0.1009442016674969,
    "RankICIR": 1.1576706424019334,
    "n_days": 899
  }
}