{
  "experiment": "master_csi300_official_seed18",
  "config": "/home/jiajun/finance-gfm/results/seed100_gpu_master_hist_fixed/generated_configs/master_official.yaml",
  "overrides": [
    "task.model.kwargs.GPU=0",
    "task.model.kwargs.seed=18",
    "task.model.kwargs.save_path=/home/jiajun/finance-gfm/results/seed100_gpu_master_hist_fixed/model_ckpt/master/",
    "task.model.kwargs.save_prefix=official_seed18_"
  ],
  "recorder_id": "8e9c7a8dfd114221a4908fa221e1d13e",
  "recorder_name": "mlflow_recorder",
  "source_run": "file:/home/jiajun/finance-gfm/mlruns",
  "logged_metrics": {
    "ICIR": 0.6368399798913913,
    "Rank ICIR": 0.6988293488912646,
    "1day.excess_return_without_cost.std": 0.012295189195465414,
    "Rank IC": 0.06506545304888138,
    "1day.excess_return_without_cost.mean": -0.00047714996283144685,
    "IC": 0.06134973381569616
  },
  "test_metrics": {
    "IC_mean": 0.061349733815696174,
    "IC_std": 0.09633461427179703,
    "ICIR": 0.6368399798913915,
    "RankIC_mean": 0.06506545304888137,
    "RankIC_std": 0.09310635443704775,
    "RankICIR": 0.6988293488912645,
    "n_days": 871
  }
}