{
  "experiment": "master_csi300_recent_seed666",
  "config": "/home/jiajun/finance-gfm/results/seed100_gpu_master_hist_fixed/generated_configs/master_recent.yaml",
  "overrides": [
    "task.model.kwargs.GPU=0",
    "task.model.kwargs.seed=666",
    "task.model.kwargs.save_path=/home/jiajun/finance-gfm/results/seed100_gpu_master_hist_fixed/model_ckpt/master/",
    "task.model.kwargs.save_prefix=recent_seed666_"
  ],
  "recorder_id": "918a4744c79b48d2b06e57af5a819f7d",
  "recorder_name": "mlflow_recorder",
  "source_run": "file:/home/jiajun/finance-gfm/mlruns",
  "logged_metrics": {
    "ICIR": 0.6225039136170144,
    "Rank ICIR": 0.678576278693439,
    "Rank IC": 0.07386178482996889,
    "1day.excess_return_without_cost.mean": 2.5816493564181856e-05,
    "IC": 0.06460958944920984
  },
  "test_metrics": {
    "IC_mean": 0.06460958944920984,
    "IC_std": 0.10378985261923968,
    "ICIR": 0.6225039136170145,
    "RankIC_mean": 0.07386178482996889,
    "RankIC_std": 0.10884816806768675,
    "RankICIR": 0.678576278693439,
    "n_days": 899
  }
}