{
  "experiment": "master_csi300_official_seed74",
  "config": "/home/jiajun/finance-gfm/results/seed100_gpu_master_hist_fixed/generated_configs/master_official.yaml",
  "overrides": [
    "task.model.kwargs.GPU=0",
    "task.model.kwargs.seed=74",
    "task.model.kwargs.save_path=/home/jiajun/finance-gfm/results/seed100_gpu_master_hist_fixed/model_ckpt/master/",
    "task.model.kwargs.save_prefix=official_seed74_"
  ],
  "recorder_id": "8cdb6aafd5a547428df36b096ba10765",
  "recorder_name": "mlflow_recorder",
  "source_run": "file:/home/jiajun/finance-gfm/mlruns",
  "logged_metrics": {
    "ICIR": 0.4689000008844131,
    "Rank ICIR": 0.5137611571746623,
    "1day.excess_return_without_cost.std": 0.012295189195465414,
    "Rank IC": 0.06090590946894211,
    "1day.excess_return_without_cost.mean": -0.00047714996283144685,
    "IC": 0.05417851817888126
  },
  "test_metrics": {
    "IC_mean": 0.054178518178881266,
    "IC_std": 0.11554386452696258,
    "ICIR": 0.46890000088441314,
    "RankIC_mean": 0.060905909468942115,
    "RankIC_std": 0.11854907405589646,
    "RankICIR": 0.5137611571746624,
    "n_days": 871
  }
}