{
  "experiment": "master_csi300_recent_seed42",
  "config": "/home/jiajun/finance-gfm/results/seed100_gpu_master_hist_fixed/generated_configs/master_recent.yaml",
  "overrides": [
    "task.model.kwargs.GPU=0",
    "task.model.kwargs.seed=42",
    "task.model.kwargs.save_path=/home/jiajun/finance-gfm/results/seed100_gpu_master_hist_fixed/model_ckpt/master/",
    "task.model.kwargs.save_prefix=recent_seed42_"
  ],
  "recorder_id": "10cefb96f4dd4dc5a8833c7107c4a516",
  "recorder_name": "mlflow_recorder",
  "source_run": "file:/home/jiajun/finance-gfm/mlruns",
  "logged_metrics": {
    "ICIR": 0.8394906564058779,
    "Rank ICIR": 0.8925476874832386,
    "Rank IC": 0.10220946674461302,
    "1day.excess_return_without_cost.mean": 2.5816493564181856e-05,
    "IC": 0.0921350608561047
  },
  "test_metrics": {
    "IC_mean": 0.0921350608561047,
    "IC_std": 0.1097511451176404,
    "ICIR": 0.8394906564058779,
    "RankIC_mean": 0.10220946674461302,
    "RankIC_std": 0.11451429226467234,
    "RankICIR": 0.8925476874832386,
    "n_days": 899
  }
}