{
  "experiment": "master_csi300_recent_seed66",
  "config": "/home/jiajun/finance-gfm/results/seed100_gpu_master_hist_fixed/generated_configs/master_recent.yaml",
  "overrides": [
    "task.model.kwargs.GPU=0",
    "task.model.kwargs.seed=66",
    "task.model.kwargs.save_path=/home/jiajun/finance-gfm/results/seed100_gpu_master_hist_fixed/model_ckpt/master/",
    "task.model.kwargs.save_prefix=recent_seed66_"
  ],
  "recorder_id": "1953a10292494f919ee2d052639cc55a",
  "recorder_name": "mlflow_recorder",
  "source_run": "file:/home/jiajun/finance-gfm/mlruns",
  "logged_metrics": {
    "ICIR": 0.7308279004622624,
    "Rank ICIR": 0.8006540688950465,
    "Rank IC": 0.09335433239346758,
    "1day.excess_return_without_cost.mean": 2.5816493564181856e-05,
    "IC": 0.07974866089703862
  },
  "test_metrics": {
    "IC_mean": 0.07974866089703862,
    "IC_std": 0.10912098572946667,
    "ICIR": 0.7308279004622624,
    "RankIC_mean": 0.09335433239346756,
    "RankIC_std": 0.11659758692327947,
    "RankICIR": 0.8006540688950464,
    "n_days": 899
  }
}