{
  "experiment": "master_csi300_official_seed41",
  "config": "/home/jiajun/finance-gfm/results/seed100_gpu_master_hist_fixed/generated_configs/master_official.yaml",
  "overrides": [
    "task.model.kwargs.GPU=0",
    "task.model.kwargs.seed=41",
    "task.model.kwargs.save_path=/home/jiajun/finance-gfm/results/seed100_gpu_master_hist_fixed/model_ckpt/master/",
    "task.model.kwargs.save_prefix=official_seed41_"
  ],
  "recorder_id": "e5be39b460f44c31beac07c7ed128bac",
  "recorder_name": "mlflow_recorder",
  "source_run": "file:/home/jiajun/finance-gfm/mlruns",
  "logged_metrics": {
    "ICIR": 0.4950245753448329,
    "Rank ICIR": 0.5925932668953602,
    "Rank IC": 0.06274380093707974,
    "1day.excess_return_without_cost.mean": -0.00047714996283144685,
    "IC": 0.05397519111399107
  },
  "test_metrics": {
    "IC_mean": 0.05397519111399107,
    "IC_std": 0.10903537683233623,
    "ICIR": 0.4950245753448329,
    "RankIC_mean": 0.06274380093707974,
    "RankIC_std": 0.1058800436019112,
    "RankICIR": 0.5925932668953602,
    "n_days": 871
  }
}