{
  "experiment": "master_csi300_official_seed2026",
  "config": "/home/jiajun/finance-gfm/results/seed100_gpu_master_hist_fixed/generated_configs/master_official.yaml",
  "overrides": [
    "task.model.kwargs.GPU=0",
    "task.model.kwargs.seed=2026",
    "task.model.kwargs.save_path=/home/jiajun/finance-gfm/results/seed100_gpu_master_hist_fixed/model_ckpt/master/",
    "task.model.kwargs.save_prefix=official_seed2026_"
  ],
  "recorder_id": "77eb1c9d3c9147e795b51230674bbb49",
  "recorder_name": "mlflow_recorder",
  "source_run": "file:/home/jiajun/finance-gfm/mlruns",
  "logged_metrics": {
    "ICIR": 0.6282198206526276,
    "Rank ICIR": 0.6484379526387278,
    "Rank IC": 0.0654282718765784,
    "1day.excess_return_without_cost.mean": -0.00047714996283144685,
    "IC": 0.06317654954100413
  },
  "test_metrics": {
    "IC_mean": 0.06317654954100413,
    "IC_std": 0.10056440033263042,
    "ICIR": 0.6282198206526276,
    "RankIC_mean": 0.0654282718765784,
    "RankIC_std": 0.10090136089401797,
    "RankICIR": 0.6484379526387278,
    "n_days": 871
  }
}