{
  "experiment": "master_csi300_official_seed72",
  "config": "/home/jiajun/finance-gfm/results/seed100_gpu_master_hist_fixed/generated_configs/master_official.yaml",
  "overrides": [
    "task.model.kwargs.GPU=0",
    "task.model.kwargs.seed=72",
    "task.model.kwargs.save_path=/home/jiajun/finance-gfm/results/seed100_gpu_master_hist_fixed/model_ckpt/master/",
    "task.model.kwargs.save_prefix=official_seed72_"
  ],
  "recorder_id": "58f8627d129f4e72812a95fb81c3c31b",
  "recorder_name": "mlflow_recorder",
  "source_run": "file:/home/jiajun/finance-gfm/mlruns",
  "logged_metrics": {
    "ICIR": 0.5022497241581833,
    "Rank ICIR": 0.5570575068150154,
    "Rank IC": 0.05881162006826332,
    "1day.excess_return_without_cost.mean": -0.00047714996283144685,
    "IC": 0.0533545471619525
  },
  "test_metrics": {
    "IC_mean": 0.0533545471619525,
    "IC_std": 0.10623111292172364,
    "ICIR": 0.5022497241581831,
    "RankIC_mean": 0.058811620068263314,
    "RankIC_std": 0.10557549148654263,
    "RankICIR": 0.5570575068150153,
    "n_days": 871
  }
}