{
  "experiment": "master_csi300_official_seed75",
  "config": "/home/jiajun/finance-gfm/results/seed100_gpu_master_hist_fixed/generated_configs/master_official.yaml",
  "overrides": [
    "task.model.kwargs.GPU=0",
    "task.model.kwargs.seed=75",
    "task.model.kwargs.save_path=/home/jiajun/finance-gfm/results/seed100_gpu_master_hist_fixed/model_ckpt/master/",
    "task.model.kwargs.save_prefix=official_seed75_"
  ],
  "recorder_id": "09a859dcc54340fca8eb66e58eb8a65e",
  "recorder_name": "mlflow_recorder",
  "source_run": "file:/home/jiajun/finance-gfm/mlruns",
  "logged_metrics": {
    "ICIR": 0.5027388427179516,
    "Rank ICIR": 0.5854850090102997,
    "1day.excess_return_without_cost.std": 0.012295189195465414,
    "Rank IC": 0.061946324650754114,
    "1day.excess_return_without_cost.mean": -0.00047714996283144685,
    "IC": 0.05415579383188179
  },
  "test_metrics": {
    "IC_mean": 0.05415579383188179,
    "IC_std": 0.10772152304584208,
    "ICIR": 0.5027388427179516,
    "RankIC_mean": 0.061946324650754114,
    "RankIC_std": 0.10580343424243742,
    "RankICIR": 0.5854850090102997,
    "n_days": 871
  }
}