{
  "experiment": "master_csi300_official_seed87",
  "config": "/home/jiajun/finance-gfm/results/seed100_gpu_master_hist_fixed/generated_configs/master_official.yaml",
  "overrides": [
    "task.model.kwargs.GPU=0",
    "task.model.kwargs.seed=87",
    "task.model.kwargs.save_path=/home/jiajun/finance-gfm/results/seed100_gpu_master_hist_fixed/model_ckpt/master/",
    "task.model.kwargs.save_prefix=official_seed87_"
  ],
  "recorder_id": "4d8ca48ad25b467e8671e3cae2c6664e",
  "recorder_name": "mlflow_recorder",
  "source_run": "file:/home/jiajun/finance-gfm/mlruns",
  "logged_metrics": {
    "ICIR": 0.5293743792388544,
    "Rank ICIR": 0.5747169949343324,
    "1day.excess_return_without_cost.std": 0.012295189195465414,
    "Rank IC": 0.06046444828072118,
    "1day.excess_return_without_cost.mean": -0.00047714996283144685,
    "IC": 0.05584313186130637
  },
  "test_metrics": {
    "IC_mean": 0.05584313186130637,
    "IC_std": 0.10548892060397556,
    "ICIR": 0.5293743792388544,
    "RankIC_mean": 0.06046444828072118,
    "RankIC_std": 0.10520734346411645,
    "RankICIR": 0.5747169949343324,
    "n_days": 871
  }
}