{
  "experiment": "master_csi300_official_seed83",
  "config": "/home/jiajun/finance-gfm/results/seed100_gpu_master_hist_fixed/generated_configs/master_official.yaml",
  "overrides": [
    "task.model.kwargs.GPU=0",
    "task.model.kwargs.seed=83",
    "task.model.kwargs.save_path=/home/jiajun/finance-gfm/results/seed100_gpu_master_hist_fixed/model_ckpt/master/",
    "task.model.kwargs.save_prefix=official_seed83_"
  ],
  "recorder_id": "8acffba1c18f48cfb11cbaa21ff2a078",
  "recorder_name": "mlflow_recorder",
  "source_run": "file:/home/jiajun/finance-gfm/mlruns",
  "logged_metrics": {
    "ICIR": 0.5187938160867627,
    "Rank ICIR": 0.5576861492336537,
    "1day.excess_return_without_cost.std": 0.012295189195465414,
    "Rank IC": 0.058570327999484625,
    "1day.excess_return_without_cost.mean": -0.00047714996283144685,
    "IC": 0.05382374737945591
  },
  "test_metrics": {
    "IC_mean": 0.05382374737945591,
    "IC_std": 0.10374785841790848,
    "ICIR": 0.5187938160867627,
    "RankIC_mean": 0.05857032799948462,
    "RankIC_std": 0.1050238168546399,
    "RankICIR": 0.5576861492336537,
    "n_days": 871
  }
}