{
  "experiment": "master_csi300_official_seed314",
  "config": "/home/jiajun/finance-gfm/results/seed100_gpu_master_hist_fixed/generated_configs/master_official.yaml",
  "overrides": [
    "task.model.kwargs.GPU=0",
    "task.model.kwargs.seed=314",
    "task.model.kwargs.save_path=/home/jiajun/finance-gfm/results/seed100_gpu_master_hist_fixed/model_ckpt/master/",
    "task.model.kwargs.save_prefix=official_seed314_"
  ],
  "recorder_id": "9fee4164ef8d4877b75b03dbd21cc630",
  "recorder_name": "mlflow_recorder",
  "source_run": "file:/home/jiajun/finance-gfm/mlruns",
  "logged_metrics": {
    "ICIR": 0.5239971551376565,
    "Rank ICIR": 0.5499217433360992,
    "Rank IC": 0.05835271077257555,
    "1day.excess_return_without_cost.mean": -0.00047714996283144685,
    "IC": 0.05524532688022829
  },
  "test_metrics": {
    "IC_mean": 0.05524532688022829,
    "IC_std": 0.10543058552620402,
    "ICIR": 0.5239971551376565,
    "RankIC_mean": 0.05835271077257555,
    "RankIC_std": 0.1061109357462008,
    "RankICIR": 0.5499217433360992,
    "n_days": 871
  }
}