{
  "experiment": "master_csi300_official_seed100",
  "config": "/home/jiajun/finance-gfm/results/seed100_gpu_master_hist_fixed/generated_configs/master_official.yaml",
  "overrides": [
    "task.model.kwargs.GPU=0",
    "task.model.kwargs.seed=100",
    "task.model.kwargs.save_path=/home/jiajun/finance-gfm/results/seed100_gpu_master_hist_fixed/model_ckpt/master/",
    "task.model.kwargs.save_prefix=official_seed100_"
  ],
  "recorder_id": "4f8fcc067d5f49fb8e2a7273836f48ae",
  "recorder_name": "mlflow_recorder",
  "source_run": "file:/home/jiajun/finance-gfm/mlruns",
  "logged_metrics": {
    "ICIR": 0.6399039438168801,
    "Rank ICIR": 0.6461913032557949,
    "Rank IC": 0.06209994341137875,
    "1day.excess_return_without_cost.mean": -0.00047714996283144685,
    "IC": 0.06194379500767187
  },
  "test_metrics": {
    "IC_mean": 0.06194379500767187,
    "IC_std": 0.09680170845360221,
    "ICIR": 0.6399039438168801,
    "RankIC_mean": 0.06209994341137875,
    "RankIC_std": 0.09610148434138935,
    "RankICIR": 0.6461913032557949,
    "n_days": 871
  }
}