{
  "experiment": "master_csi300_recent_seed71",
  "config": "/home/jiajun/finance-gfm/results/seed100_gpu_master_hist_fixed/generated_configs/master_recent.yaml",
  "overrides": [
    "task.model.kwargs.GPU=0",
    "task.model.kwargs.seed=71",
    "task.model.kwargs.save_path=/home/jiajun/finance-gfm/results/seed100_gpu_master_hist_fixed/model_ckpt/master/",
    "task.model.kwargs.save_prefix=recent_seed71_"
  ],
  "recorder_id": "f372b22237004492ad14035913469352",
  "recorder_name": "mlflow_recorder",
  "source_run": "file:/home/jiajun/finance-gfm/mlruns",
  "logged_metrics": {
    "ICIR": 0.689315733820953,
    "Rank ICIR": 0.7053458417430953,
    "1day.excess_return_without_cost.std": 0.011450727157032388,
    "Rank IC": 0.07890048943034135,
    "1day.excess_return_without_cost.mean": 2.5816493564181856e-05,
    "IC": 0.07310536415429203
  },
  "test_metrics": {
    "IC_mean": 0.07310536415429202,
    "IC_std": 0.1060549767942492,
    "ICIR": 0.6893157338209529,
    "RankIC_mean": 0.07890048943034135,
    "RankIC_std": 0.11186071393765852,
    "RankICIR": 0.7053458417430953,
    "n_days": 899
  }
}