{
  "experiment": "master_csi300_official_seed512",
  "config": "/home/jiajun/finance-gfm/results/seed100_gpu_master_hist_fixed/generated_configs/master_official.yaml",
  "overrides": [
    "task.model.kwargs.GPU=0",
    "task.model.kwargs.seed=512",
    "task.model.kwargs.save_path=/home/jiajun/finance-gfm/results/seed100_gpu_master_hist_fixed/model_ckpt/master/",
    "task.model.kwargs.save_prefix=official_seed512_"
  ],
  "recorder_id": "bc9b4e0097414473a45d74e3dbd37c90",
  "recorder_name": "mlflow_recorder",
  "source_run": "file:/home/jiajun/finance-gfm/mlruns",
  "logged_metrics": {
    "ICIR": 0.5743442187369454,
    "Rank ICIR": 0.6404136372543854,
    "Rank IC": 0.06324176078171818,
    "1day.excess_return_without_cost.mean": -0.00047714996283144685,
    "IC": 0.05830079488988892
  },
  "test_metrics": {
    "IC_mean": 0.05830079488988892,
    "IC_std": 0.10150845605811032,
    "ICIR": 0.5743442187369454,
    "RankIC_mean": 0.06324176078171818,
    "RankIC_std": 0.09875142736318289,
    "RankICIR": 0.6404136372543853,
    "n_days": 871
  }
}