{
  "experiment": "master_csi300_recent_seed10",
  "config": "/home/jiajun/finance-gfm/results/seed100_gpu_master_hist_fixed/generated_configs/master_recent.yaml",
  "overrides": [
    "task.model.kwargs.GPU=0",
    "task.model.kwargs.seed=10",
    "task.model.kwargs.save_path=/home/jiajun/finance-gfm/results/seed100_gpu_master_hist_fixed/model_ckpt/master/",
    "task.model.kwargs.save_prefix=recent_seed10_"
  ],
  "recorder_id": "32830d3991f64a13bfb04064b263a125",
  "recorder_name": "mlflow_recorder",
  "source_run": "file:/home/jiajun/finance-gfm/mlruns",
  "logged_metrics": {
    "ICIR": 0.6644642699571227,
    "Rank ICIR": 0.7227497093442244,
    "Rank IC": 0.07712948975210188,
    "1day.excess_return_without_cost.mean": 2.5816493564181856e-05,
    "IC": 0.07007285881191905
  },
  "test_metrics": {
    "IC_mean": 0.07007285881191903,
    "IC_std": 0.10545767768136094,
    "ICIR": 0.6644642699571226,
    "RankIC_mean": 0.07712948975210188,
    "RankIC_std": 0.10671673575916633,
    "RankICIR": 0.7227497093442244,
    "n_days": 899
  }
}