{
  "experiment": "master_csi300_recent_seed25",
  "config": "/home/jiajun/finance-gfm/results/seed100_gpu_master_hist_fixed/generated_configs/master_recent.yaml",
  "overrides": [
    "task.model.kwargs.GPU=0",
    "task.model.kwargs.seed=25",
    "task.model.kwargs.save_path=/home/jiajun/finance-gfm/results/seed100_gpu_master_hist_fixed/model_ckpt/master/",
    "task.model.kwargs.save_prefix=recent_seed25_"
  ],
  "recorder_id": "59298ea7e01b4a0b831990732d989f28",
  "recorder_name": "mlflow_recorder",
  "source_run": "file:/home/jiajun/finance-gfm/mlruns",
  "logged_metrics": {
    "ICIR": 0.8110907640855841,
    "Rank ICIR": 0.8276321417085436,
    "1day.excess_return_without_cost.std": 0.011450727157032388,
    "Rank IC": 0.08607406526995579,
    "1day.excess_return_without_cost.mean": 2.5816493564181856e-05,
    "IC": 0.08067622572227477
  },
  "test_metrics": {
    "IC_mean": 0.08067622572227477,
    "IC_std": 0.09946633508178135,
    "ICIR": 0.8110907640855841,
    "RankIC_mean": 0.08607406526995579,
    "RankIC_std": 0.1040003897048592,
    "RankICIR": 0.8276321417085436,
    "n_days": 899
  }
}