{
  "experiment": "master_csi300_official_seed7",
  "config": "/home/jiajun/finance-gfm/results/seed100_gpu_master_hist_fixed/generated_configs/master_official.yaml",
  "overrides": [
    "task.model.kwargs.GPU=0",
    "task.model.kwargs.seed=7",
    "task.model.kwargs.save_path=/home/jiajun/finance-gfm/results/seed100_gpu_master_hist_fixed/model_ckpt/master/",
    "task.model.kwargs.save_prefix=official_seed7_"
  ],
  "recorder_id": "e237b5001a864adf9def32c50e42d155",
  "recorder_name": "mlflow_recorder",
  "source_run": "file:/home/jiajun/finance-gfm/mlruns",
  "logged_metrics": {
    "ICIR": 0.5758527309291528,
    "Rank ICIR": 0.6082269351767666,
    "1day.excess_return_without_cost.std": 0.012295189195465414,
    "Rank IC": 0.06344233373028405,
    "1day.excess_return_without_cost.mean": -0.00047714996283144685,
    "IC": 0.05972621128688027
  },
  "test_metrics": {
    "IC_mean": 0.05972621128688029,
    "IC_std": 0.10371785715162023,
    "ICIR": 0.575852730929153,
    "RankIC_mean": 0.06344233373028405,
    "RankIC_std": 0.10430701118464285,
    "RankICIR": 0.6082269351767667,
    "n_days": 871
  }
}