{
  "experiment": "master_csi300_official_seed99",
  "config": "/home/jiajun/finance-gfm/results/seed100_gpu_master_hist_fixed/generated_configs/master_official.yaml",
  "overrides": [
    "task.model.kwargs.GPU=0",
    "task.model.kwargs.seed=99",
    "task.model.kwargs.save_path=/home/jiajun/finance-gfm/results/seed100_gpu_master_hist_fixed/model_ckpt/master/",
    "task.model.kwargs.save_prefix=official_seed99_"
  ],
  "recorder_id": "f379b78b4f774783bbaa1f5b6e14f2ca",
  "recorder_name": "mlflow_recorder",
  "source_run": "file:/home/jiajun/finance-gfm/mlruns",
  "logged_metrics": {
    "ICIR": 0.5219365926328651,
    "Rank ICIR": 0.597865732057255,
    "Rank IC": 0.0635660846825768,
    "1day.excess_return_without_cost.mean": -0.00047714996283144685,
    "IC": 0.056941704955629426
  },
  "test_metrics": {
    "IC_mean": 0.056941704955629426,
    "IC_std": 0.10909697798422563,
    "ICIR": 0.5219365926328651,
    "RankIC_mean": 0.06356608468257681,
    "RankIC_std": 0.10632167270040047,
    "RankICIR": 0.5978657320572552,
    "n_days": 871
  }
}