{
  "experiment": "master_csi300_recent_seed17",
  "config": "/home/jiajun/finance-gfm/results/seed100_gpu_master_hist_fixed/generated_configs/master_recent.yaml",
  "overrides": [
    "task.model.kwargs.GPU=0",
    "task.model.kwargs.seed=17",
    "task.model.kwargs.save_path=/home/jiajun/finance-gfm/results/seed100_gpu_master_hist_fixed/model_ckpt/master/",
    "task.model.kwargs.save_prefix=recent_seed17_"
  ],
  "recorder_id": "d206ae4bc01b4fbda3032f6d67759d88",
  "recorder_name": "mlflow_recorder",
  "source_run": "file:/home/jiajun/finance-gfm/mlruns",
  "logged_metrics": {
    "ICIR": 0.6014570966333718,
    "Rank ICIR": 0.5833233553216591,
    "1day.excess_return_without_cost.std": 0.011450727157032388,
    "Rank IC": 0.06706612374471083,
    "1day.excess_return_without_cost.mean": 2.5816493564181856e-05,
    "IC": 0.06331237047223978
  },
  "test_metrics": {
    "IC_mean": 0.06331237047223978,
    "IC_std": 0.1052649820355065,
    "ICIR": 0.6014570966333719,
    "RankIC_mean": 0.06706612374471083,
    "RankIC_std": 0.11497246447080604,
    "RankICIR": 0.5833233553216591,
    "n_days": 899
  }
}