{
  "experiment": "master_csi300_official_seed256",
  "config": "/home/jiajun/finance-gfm/results/seed100_gpu_master_hist_fixed/generated_configs/master_official.yaml",
  "overrides": [
    "task.model.kwargs.GPU=0",
    "task.model.kwargs.seed=256",
    "task.model.kwargs.save_path=/home/jiajun/finance-gfm/results/seed100_gpu_master_hist_fixed/model_ckpt/master/",
    "task.model.kwargs.save_prefix=official_seed256_"
  ],
  "recorder_id": "df7220f887634a2ab808c00976131874",
  "recorder_name": "mlflow_recorder",
  "source_run": "file:/home/jiajun/finance-gfm/mlruns",
  "logged_metrics": {
    "ICIR": 0.5126625670430757,
    "Rank ICIR": 0.5570428566709913,
    "Rank IC": 0.054237041652812214,
    "1day.excess_return_without_cost.mean": -0.00047714996283144685,
    "IC": 0.050019833525561205
  },
  "test_metrics": {
    "IC_mean": 0.050019833525561205,
    "IC_std": 0.09756872598298827,
    "ICIR": 0.5126625670430757,
    "RankIC_mean": 0.054237041652812214,
    "RankIC_std": 0.09736601233331403,
    "RankICIR": 0.5570428566709913,
    "n_days": 871
  }
}