{
  "experiment": "master_csi300_official_seed82",
  "config": "/home/jiajun/finance-gfm/results/seed100_gpu_master_hist_fixed/generated_configs/master_official.yaml",
  "overrides": [
    "task.model.kwargs.GPU=0",
    "task.model.kwargs.seed=82",
    "task.model.kwargs.save_path=/home/jiajun/finance-gfm/results/seed100_gpu_master_hist_fixed/model_ckpt/master/",
    "task.model.kwargs.save_prefix=official_seed82_"
  ],
  "recorder_id": "a6df183bb49f46a7a61f5a395f93f04d",
  "recorder_name": "mlflow_recorder",
  "source_run": "file:/home/jiajun/finance-gfm/mlruns",
  "logged_metrics": {
    "ICIR": 0.547847425363952,
    "Rank ICIR": 0.6149036409135457,
    "Rank IC": 0.06665102693975342,
    "1day.excess_return_without_cost.mean": -0.00047714996283144685,
    "IC": 0.059531054878669235
  },
  "test_metrics": {
    "IC_mean": 0.059531054878669235,
    "IC_std": 0.10866356602683841,
    "ICIR": 0.547847425363952,
    "RankIC_mean": 0.06665102693975342,
    "RankIC_std": 0.10839263667512489,
    "RankICIR": 0.6149036409135457,
    "n_days": 871
  }
}