{
  "experiment": "master_csi300_recent_seed137",
  "config": "/home/jiajun/finance-gfm/results/seed100_gpu_master_hist_fixed/generated_configs/master_recent.yaml",
  "overrides": [
    "task.model.kwargs.GPU=0",
    "task.model.kwargs.seed=137",
    "task.model.kwargs.save_path=/home/jiajun/finance-gfm/results/seed100_gpu_master_hist_fixed/model_ckpt/master/",
    "task.model.kwargs.save_prefix=recent_seed137_"
  ],
  "recorder_id": "108c449360bf486f9f1ccb7e694b5b39",
  "recorder_name": "mlflow_recorder",
  "source_run": "file:/home/jiajun/finance-gfm/mlruns",
  "logged_metrics": {
    "ICIR": 0.7377838218978717,
    "Rank ICIR": 0.7955393261717271,
    "1day.excess_return_without_cost.std": 0.011450727157032388,
    "Rank IC": 0.08727499298843627,
    "1day.excess_return_without_cost.mean": 2.5816493564181856e-05,
    "IC": 0.07834773788525931
  },
  "test_metrics": {
    "IC_mean": 0.0783477378852593,
    "IC_std": 0.10619335306610268,
    "ICIR": 0.7377838218978716,
    "RankIC_mean": 0.08727499298843627,
    "RankIC_std": 0.10970544147505397,
    "RankICIR": 0.7955393261717271,
    "n_days": 899
  }
}