{
  "experiment": "master_csi300_official_seed21",
  "config": "/home/jiajun/finance-gfm/results/seed100_gpu_master_hist_fixed/generated_configs/master_official.yaml",
  "overrides": [
    "task.model.kwargs.GPU=0",
    "task.model.kwargs.seed=21",
    "task.model.kwargs.save_path=/home/jiajun/finance-gfm/results/seed100_gpu_master_hist_fixed/model_ckpt/master/",
    "task.model.kwargs.save_prefix=official_seed21_"
  ],
  "recorder_id": "16d4ce5ca87441fab5037a21a7268e15",
  "recorder_name": "mlflow_recorder",
  "source_run": "file:/home/jiajun/finance-gfm/mlruns",
  "logged_metrics": {
    "ICIR": 0.4707681913706286,
    "Rank ICIR": 0.538992861904517,
    "1day.excess_return_without_cost.std": 0.012295189195465414,
    "Rank IC": 0.057984085093670396,
    "1day.excess_return_without_cost.mean": -0.00047714996283144685,
    "IC": 0.05130675819495942
  },
  "test_metrics": {
    "IC_mean": 0.05130675819495943,
    "IC_std": 0.10898518450361143,
    "ICIR": 0.47076819137062875,
    "RankIC_mean": 0.057984085093670396,
    "RankIC_std": 0.10757857699410928,
    "RankICIR": 0.538992861904517,
    "n_days": 871
  }
}