{
  "experiment": "master_csi300_recent_seed93",
  "config": "/home/jiajun/finance-gfm/results/seed100_gpu_master_hist_fixed/generated_configs/master_recent.yaml",
  "overrides": [
    "task.model.kwargs.GPU=0",
    "task.model.kwargs.seed=93",
    "task.model.kwargs.save_path=/home/jiajun/finance-gfm/results/seed100_gpu_master_hist_fixed/model_ckpt/master/",
    "task.model.kwargs.save_prefix=recent_seed93_"
  ],
  "recorder_id": "e9787c822d674f088702457ec2207412",
  "recorder_name": "mlflow_recorder",
  "source_run": "file:/home/jiajun/finance-gfm/mlruns",
  "logged_metrics": {
    "ICIR": 0.7637864913995313,
    "Rank ICIR": 0.8228766827870555,
    "Rank IC": 0.08795201404911426,
    "1day.excess_return_without_cost.mean": 2.5816493564181856e-05,
    "IC": 0.07792830669096085
  },
  "test_metrics": {
    "IC_mean": 0.07792830669096085,
    "IC_std": 0.1020289145834043,
    "ICIR": 0.7637864913995314,
    "RankIC_mean": 0.08795201404911426,
    "RankIC_std": 0.10688359007965052,
    "RankICIR": 0.8228766827870556,
    "n_days": 899
  }
}