{
  "experiment": "master_csi300_official_seed42",
  "config": "/home/jiajun/finance-gfm/results/seed100_gpu_master_hist_fixed/generated_configs/master_official.yaml",
  "overrides": [
    "task.model.kwargs.GPU=0",
    "task.model.kwargs.seed=42",
    "task.model.kwargs.save_path=/home/jiajun/finance-gfm/results/seed100_gpu_master_hist_fixed/model_ckpt/master/",
    "task.model.kwargs.save_prefix=official_seed42_"
  ],
  "recorder_id": "d4d1862b43a648af8f6f58e33011505a",
  "recorder_name": "mlflow_recorder",
  "source_run": "file:/home/jiajun/finance-gfm/mlruns",
  "logged_metrics": {
    "ICIR": 0.5055555225776894,
    "Rank ICIR": 0.5654255128228907,
    "1day.excess_return_without_cost.std": 0.012295189195465414,
    "Rank IC": 0.06148055072009409,
    "1day.excess_return_without_cost.mean": -0.00047714996283144685,
    "IC": 0.054288698719741194
  },
  "test_metrics": {
    "IC_mean": 0.054288698719741194,
    "IC_std": 0.10738424623063746,
    "ICIR": 0.5055555225776894,
    "RankIC_mean": 0.06148055072009409,
    "RankIC_std": 0.10873324483211243,
    "RankICIR": 0.5654255128228907,
    "n_days": 871
  }
}