{
  "experiment": "master_csi300_official_seed98",
  "config": "/home/jiajun/finance-gfm/results/seed100_gpu_master_hist_fixed/generated_configs/master_official.yaml",
  "overrides": [
    "task.model.kwargs.GPU=0",
    "task.model.kwargs.seed=98",
    "task.model.kwargs.save_path=/home/jiajun/finance-gfm/results/seed100_gpu_master_hist_fixed/model_ckpt/master/",
    "task.model.kwargs.save_prefix=official_seed98_"
  ],
  "recorder_id": "62e24f809f5345b69de22d2a757c3e6a",
  "recorder_name": "mlflow_recorder",
  "source_run": "file:/home/jiajun/finance-gfm/mlruns",
  "logged_metrics": {
    "ICIR": 0.5585178251720421,
    "Rank ICIR": 0.5693699364024974,
    "1day.excess_return_without_cost.std": 0.012295189195465414,
    "Rank IC": 0.06239119307727649,
    "1day.excess_return_without_cost.mean": -0.00047714996283144685,
    "IC": 0.05941089426474613
  },
  "test_metrics": {
    "IC_mean": 0.05941089426474613,
    "IC_std": 0.10637242284334542,
    "ICIR": 0.5585178251720421,
    "RankIC_mean": 0.06239119307727648,
    "RankIC_std": 0.10957935972434464,
    "RankICIR": 0.5693699364024973,
    "n_days": 871
  }
}