{
  "experiment": "master_csi300_official_seed95",
  "config": "/home/jiajun/finance-gfm/results/seed100_gpu_master_hist_fixed/generated_configs/master_official.yaml",
  "overrides": [
    "task.model.kwargs.GPU=0",
    "task.model.kwargs.seed=95",
    "task.model.kwargs.save_path=/home/jiajun/finance-gfm/results/seed100_gpu_master_hist_fixed/model_ckpt/master/",
    "task.model.kwargs.save_prefix=official_seed95_"
  ],
  "recorder_id": "df95313263ba44e4baa7e69260133bf4",
  "recorder_name": "mlflow_recorder",
  "source_run": "file:/home/jiajun/finance-gfm/mlruns",
  "logged_metrics": {
    "ICIR": 0.5418381134291409,
    "Rank ICIR": 0.5738452775933934,
    "Rank IC": 0.060644240660394325,
    "1day.excess_return_without_cost.mean": -0.00047714996283144685,
    "IC": 0.05697354756590161
  },
  "test_metrics": {
    "IC_mean": 0.05697354756590161,
    "IC_std": 0.10514865262122677,
    "ICIR": 0.5418381134291409,
    "RankIC_mean": 0.06064424066039433,
    "RankIC_std": 0.10568047351496147,
    "RankICIR": 0.5738452775933934,
    "n_days": 871
  }
}