{
  "experiment": "master_csi300_official_seed777",
  "config": "/home/jiajun/finance-gfm/results/seed100_gpu_master_hist_fixed/generated_configs/master_official.yaml",
  "overrides": [
    "task.model.kwargs.GPU=0",
    "task.model.kwargs.seed=777",
    "task.model.kwargs.save_path=/home/jiajun/finance-gfm/results/seed100_gpu_master_hist_fixed/model_ckpt/master/",
    "task.model.kwargs.save_prefix=official_seed777_"
  ],
  "recorder_id": "b8092e7a9b39484ca77c4d1ecd98ef9c",
  "recorder_name": "mlflow_recorder",
  "source_run": "file:/home/jiajun/finance-gfm/mlruns",
  "logged_metrics": {
    "ICIR": 0.5170159403259215,
    "Rank ICIR": 0.5762556425616268,
    "Rank IC": 0.06075277032097678,
    "1day.excess_return_without_cost.mean": -0.00047714996283144685,
    "IC": 0.05510495318040111
  },
  "test_metrics": {
    "IC_mean": 0.05510495318040111,
    "IC_std": 0.10658269674560425,
    "ICIR": 0.5170159403259215,
    "RankIC_mean": 0.06075277032097678,
    "RankIC_std": 0.10542676866626892,
    "RankICIR": 0.5762556425616268,
    "n_days": 871
  }
}