{
  "experiment": "master_csi300_official_seed27",
  "config": "/home/jiajun/finance-gfm/results/seed100_gpu_master_hist_fixed/generated_configs/master_official.yaml",
  "overrides": [
    "task.model.kwargs.GPU=0",
    "task.model.kwargs.seed=27",
    "task.model.kwargs.save_path=/home/jiajun/finance-gfm/results/seed100_gpu_master_hist_fixed/model_ckpt/master/",
    "task.model.kwargs.save_prefix=official_seed27_"
  ],
  "recorder_id": "b9d2520f855643b182147427f42d6f9f",
  "recorder_name": "mlflow_recorder",
  "source_run": "file:/home/jiajun/finance-gfm/mlruns",
  "logged_metrics": {
    "ICIR": 0.5178028361846377,
    "Rank ICIR": 0.5809103548192718,
    "1day.excess_return_without_cost.std": 0.012295189195465414,
    "1day.excess_return_without_cost.annualized_return": -0.11356169115388436,
    "Rank IC": 0.06208634955064203,
    "1day.excess_return_without_cost.mean": -0.00047714996283144685,
    "IC": 0.05544814536871388
  },
  "test_metrics": {
    "IC_mean": 0.05544814536871388,
    "IC_std": 0.10708351035169346,
    "ICIR": 0.5178028361846377,
    "RankIC_mean": 0.06208634955064203,
    "RankIC_std": 0.10687767748598291,
    "RankICIR": 0.5809103548192718,
    "n_days": 871
  }
}