{
  "experiment": "master_csi300_official_seed79",
  "config": "/home/jiajun/finance-gfm/results/seed100_gpu_master_hist_fixed/generated_configs/master_official.yaml",
  "overrides": [
    "task.model.kwargs.GPU=0",
    "task.model.kwargs.seed=79",
    "task.model.kwargs.save_path=/home/jiajun/finance-gfm/results/seed100_gpu_master_hist_fixed/model_ckpt/master/",
    "task.model.kwargs.save_prefix=official_seed79_"
  ],
  "recorder_id": "03fce70821fa4430987a8bbb4e3efba0",
  "recorder_name": "mlflow_recorder",
  "source_run": "file:/home/jiajun/finance-gfm/mlruns",
  "logged_metrics": {
    "ICIR": 0.5927605305773612,
    "Rank ICIR": 0.5803056613706504,
    "1day.excess_return_without_cost.std": 0.012295189195465414,
    "Rank IC": 0.06434827074390873,
    "1day.excess_return_without_cost.mean": -0.00047714996283144685,
    "IC": 0.06442918656607
  },
  "test_metrics": {
    "IC_mean": 0.06442918656607,
    "IC_std": 0.10869344911226567,
    "ICIR": 0.5927605305773611,
    "RankIC_mean": 0.06434827074390871,
    "RankIC_std": 0.11088685675049524,
    "RankICIR": 0.5803056613706504,
    "n_days": 871
  }
}