{
  "experiment": "master_csi300_recent_seed49",
  "config": "/home/jiajun/finance-gfm/results/seed100_gpu_master_hist_fixed/generated_configs/master_recent.yaml",
  "overrides": [
    "task.model.kwargs.GPU=0",
    "task.model.kwargs.seed=49",
    "task.model.kwargs.save_path=/home/jiajun/finance-gfm/results/seed100_gpu_master_hist_fixed/model_ckpt/master/",
    "task.model.kwargs.save_prefix=recent_seed49_"
  ],
  "recorder_id": "0e841055665f46d0823581c52d4dfbc2",
  "recorder_name": "mlflow_recorder",
  "source_run": "file:/home/jiajun/finance-gfm/mlruns",
  "logged_metrics": {
    "ICIR": 0.4591916712061646,
    "Rank ICIR": 0.49838364770231347,
    "1day.excess_return_without_cost.std": 0.011450727157032388,
    "Rank IC": 0.05336232135528665,
    "1day.excess_return_without_cost.mean": 2.5816493564181856e-05,
    "IC": 0.046107828849216964
  },
  "test_metrics": {
    "IC_mean": 0.046107828849216964,
    "IC_std": 0.10041085616406095,
    "ICIR": 0.4591916712061646,
    "RankIC_mean": 0.05336232135528665,
    "RankIC_std": 0.10707077088363898,
    "RankICIR": 0.49838364770231347,
    "n_days": 899
  }
}