{
  "experiment": "master_csi300_recent_seed14",
  "config": "/home/jiajun/finance-gfm/results/seed100_gpu_master_hist_fixed/generated_configs/master_recent.yaml",
  "overrides": [
    "task.model.kwargs.GPU=0",
    "task.model.kwargs.seed=14",
    "task.model.kwargs.save_path=/home/jiajun/finance-gfm/results/seed100_gpu_master_hist_fixed/model_ckpt/master/",
    "task.model.kwargs.save_prefix=recent_seed14_"
  ],
  "recorder_id": "82b4dcc725e1499dbfe8b50c5ea4a168",
  "recorder_name": "mlflow_recorder",
  "source_run": "file:/home/jiajun/finance-gfm/mlruns",
  "logged_metrics": {
    "ICIR": 0.8914556754953215,
    "Rank ICIR": 0.9016211046701227,
    "Rank IC": 0.0934124708806926,
    "1day.excess_return_without_cost.mean": 2.5816493564181856e-05,
    "IC": 0.08780791190412676
  },
  "test_metrics": {
    "IC_mean": 0.08780791190412676,
    "IC_std": 0.09849947038066459,
    "ICIR": 0.8914556754953215,
    "RankIC_mean": 0.0934124708806926,
    "RankIC_std": 0.10360501811331217,
    "RankICIR": 0.9016211046701228,
    "n_days": 899
  }
}