{
  "experiment": "master_csi300_official_seed49",
  "config": "/home/jiajun/finance-gfm/results/seed100_gpu_master_hist_fixed/generated_configs/master_official.yaml",
  "overrides": [
    "task.model.kwargs.GPU=0",
    "task.model.kwargs.seed=49",
    "task.model.kwargs.save_path=/home/jiajun/finance-gfm/results/seed100_gpu_master_hist_fixed/model_ckpt/master/",
    "task.model.kwargs.save_prefix=official_seed49_"
  ],
  "recorder_id": "3b79d0dd124d4d0aa4b115e77fd6fb7f",
  "recorder_name": "mlflow_recorder",
  "source_run": "file:/home/jiajun/finance-gfm/mlruns",
  "logged_metrics": {
    "ICIR": 0.4962060332746057,
    "Rank ICIR": 0.538752059795255,
    "Rank IC": 0.058385202610375365,
    "1day.excess_return_without_cost.mean": -0.00047714996283144685,
    "IC": 0.05412087992242031
  },
  "test_metrics": {
    "IC_mean": 0.05412087992242031,
    "IC_std": 0.10906937097330545,
    "ICIR": 0.49620603327460566,
    "RankIC_mean": 0.058385202610375365,
    "RankIC_std": 0.10837119143927511,
    "RankICIR": 0.538752059795255,
    "n_days": 871
  }
}