{
  "experiment": "master_csi300_official_seed24",
  "config": "/home/jiajun/finance-gfm/results/seed100_gpu_master_hist_fixed/generated_configs/master_official.yaml",
  "overrides": [
    "task.model.kwargs.GPU=0",
    "task.model.kwargs.seed=24",
    "task.model.kwargs.save_path=/home/jiajun/finance-gfm/results/seed100_gpu_master_hist_fixed/model_ckpt/master/",
    "task.model.kwargs.save_prefix=official_seed24_"
  ],
  "recorder_id": "4b67b2d577be43e7a25e0e1f5457cab5",
  "recorder_name": "mlflow_recorder",
  "source_run": "file:/home/jiajun/finance-gfm/mlruns",
  "logged_metrics": {
    "ICIR": 0.6290024535810274,
    "Rank ICIR": 0.6542223204726066,
    "1day.excess_return_without_cost.std": 0.012295189195465414,
    "Rank IC": 0.06367216874327361,
    "1day.excess_return_without_cost.mean": -0.00047714996283144685,
    "IC": 0.06195358746207817
  },
  "test_metrics": {
    "IC_mean": 0.06195358746207817,
    "IC_std": 0.09849498536828423,
    "ICIR": 0.6290024535810274,
    "RankIC_mean": 0.06367216874327361,
    "RankIC_std": 0.09732497157430697,
    "RankICIR": 0.6542223204726069,
    "n_days": 871
  }
}