{
  "experiment": "master_csi300_recent_seed5",
  "config": "/home/jiajun/finance-gfm/results/seed100_gpu_master_hist_fixed/generated_configs/master_recent.yaml",
  "overrides": [
    "task.model.kwargs.GPU=0",
    "task.model.kwargs.seed=5",
    "task.model.kwargs.save_path=/home/jiajun/finance-gfm/results/seed100_gpu_master_hist_fixed/model_ckpt/master/",
    "task.model.kwargs.save_prefix=recent_seed5_"
  ],
  "recorder_id": "3a582112b0b8439e98591498b5835419",
  "recorder_name": "mlflow_recorder",
  "source_run": "file:/home/jiajun/finance-gfm/mlruns",
  "logged_metrics": {
    "ICIR": 0.806541009728783,
    "Rank ICIR": 0.8677140148383743,
    "Rank IC": 0.09507520529332063,
    "1day.excess_return_without_cost.mean": 2.5816493564181856e-05,
    "IC": 0.08390342715553972
  },
  "test_metrics": {
    "IC_mean": 0.08390342715553972,
    "IC_std": 0.1040287178748097,
    "ICIR": 0.8065410097287831,
    "RankIC_mean": 0.09507520529332063,
    "RankIC_std": 0.10956974725253218,
    "RankICIR": 0.8677140148383743,
    "n_days": 899
  }
}