{
  "experiment": "master_csi300_official_seed33",
  "config": "/home/jiajun/finance-gfm/results/seed100_gpu_master_hist_fixed/generated_configs/master_official.yaml",
  "overrides": [
    "task.model.kwargs.GPU=0",
    "task.model.kwargs.seed=33",
    "task.model.kwargs.save_path=/home/jiajun/finance-gfm/results/seed100_gpu_master_hist_fixed/model_ckpt/master/",
    "task.model.kwargs.save_prefix=official_seed33_"
  ],
  "recorder_id": "e8e8a92353334661833791153bb7f6ee",
  "recorder_name": "mlflow_recorder",
  "source_run": "file:/home/jiajun/finance-gfm/mlruns",
  "logged_metrics": {
    "ICIR": 0.571388750259944,
    "Rank ICIR": 0.6168092375289961,
    "Rank IC": 0.06070647293321744,
    "1day.excess_return_without_cost.mean": -0.00047714996283144685,
    "IC": 0.056941227172089326
  },
  "test_metrics": {
    "IC_mean": 0.056941227172089326,
    "IC_std": 0.09965409215037022,
    "ICIR": 0.571388750259944,
    "RankIC_mean": 0.06070647293321744,
    "RankIC_std": 0.0984201747308683,
    "RankICIR": 0.6168092375289961,
    "n_days": 871
  }
}