{
  "experiment": "master_csi300_recent_seed29",
  "config": "/home/jiajun/finance-gfm/results/seed100_gpu_master_hist_fixed/generated_configs/master_recent.yaml",
  "overrides": [
    "task.model.kwargs.GPU=0",
    "task.model.kwargs.seed=29",
    "task.model.kwargs.save_path=/home/jiajun/finance-gfm/results/seed100_gpu_master_hist_fixed/model_ckpt/master/",
    "task.model.kwargs.save_prefix=recent_seed29_"
  ],
  "recorder_id": "e1115dab3eec4f1b90d73ce348a90e22",
  "recorder_name": "mlflow_recorder",
  "source_run": "file:/home/jiajun/finance-gfm/mlruns",
  "logged_metrics": {
    "ICIR": 0.7816941904028012,
    "Rank ICIR": 0.8361464216312203,
    "Rank IC": 0.09126582345411212,
    "1day.excess_return_without_cost.mean": 2.5816493564181856e-05,
    "IC": 0.0829683420196494
  },
  "test_metrics": {
    "IC_mean": 0.08296834201964938,
    "IC_std": 0.10613913092650264,
    "ICIR": 0.7816941904028011,
    "RankIC_mean": 0.09126582345411212,
    "RankIC_std": 0.10915052805711176,
    "RankICIR": 0.8361464216312204,
    "n_days": 899
  }
}