{
  "experiment": "master_csi300_recent_seed23",
  "config": "/home/jiajun/finance-gfm/results/seed100_gpu_master_hist_fixed/generated_configs/master_recent.yaml",
  "overrides": [
    "task.model.kwargs.GPU=0",
    "task.model.kwargs.seed=23",
    "task.model.kwargs.save_path=/home/jiajun/finance-gfm/results/seed100_gpu_master_hist_fixed/model_ckpt/master/",
    "task.model.kwargs.save_prefix=recent_seed23_"
  ],
  "recorder_id": "fd4f5a8b42534a9ea3dc589e0e604894",
  "recorder_name": "mlflow_recorder",
  "source_run": "file:/home/jiajun/finance-gfm/mlruns",
  "logged_metrics": {
    "ICIR": 0.40130987142128954,
    "Rank ICIR": 0.45559035547156507,
    "1day.excess_return_without_cost.std": 0.011450727157032388,
    "Rank IC": 0.05490343266085622,
    "1day.excess_return_without_cost.mean": 2.5816493564181856e-05,
    "IC": 0.045376680816730346
  },
  "test_metrics": {
    "IC_mean": 0.045376680816730346,
    "IC_std": 0.1130714294568013,
    "ICIR": 0.40130987142128954,
    "RankIC_mean": 0.05490343266085621,
    "RankIC_std": 0.12051052442501259,
    "RankICIR": 0.45559035547156507,
    "n_days": 899
  }
}