{
  "experiment": "master_csi300_recent_seed94",
  "config": "/home/jiajun/finance-gfm/results/seed100_gpu_master_hist_fixed/generated_configs/master_recent.yaml",
  "overrides": [
    "task.model.kwargs.GPU=0",
    "task.model.kwargs.seed=94",
    "task.model.kwargs.save_path=/home/jiajun/finance-gfm/results/seed100_gpu_master_hist_fixed/model_ckpt/master/",
    "task.model.kwargs.save_prefix=recent_seed94_"
  ],
  "recorder_id": "53eb4deeebc14fa68ef9a7c3126d8217",
  "recorder_name": "mlflow_recorder",
  "source_run": "file:/home/jiajun/finance-gfm/mlruns",
  "logged_metrics": {
    "ICIR": 0.4984316974498858,
    "Rank ICIR": 0.5622892742939971,
    "1day.excess_return_without_cost.std": 0.011450727157032388,
    "Rank IC": 0.0657047586903813,
    "1day.excess_return_without_cost.mean": 2.5816493564181856e-05,
    "IC": 0.055935101935867794
  },
  "test_metrics": {
    "IC_mean": 0.055935101935867794,
    "IC_std": 0.11222220059849167,
    "ICIR": 0.4984316974498858,
    "RankIC_mean": 0.06570475869038128,
    "RankIC_std": 0.11685223548480328,
    "RankICIR": 0.562289274293997,
    "n_days": 899
  }
}