{
  "experiment": "master_csi300_recent_seed123",
  "config": "/home/jiajun/finance-gfm/results/seed100_gpu_master_hist_fixed/generated_configs/master_recent.yaml",
  "overrides": [
    "task.model.kwargs.GPU=0",
    "task.model.kwargs.seed=123",
    "task.model.kwargs.save_path=/home/jiajun/finance-gfm/results/seed100_gpu_master_hist_fixed/model_ckpt/master/",
    "task.model.kwargs.save_prefix=recent_seed123_"
  ],
  "recorder_id": "8feefaae9bb3423ebf95600e8a04d98f",
  "recorder_name": "mlflow_recorder",
  "source_run": "file:/home/jiajun/finance-gfm/mlruns",
  "logged_metrics": {
    "ICIR": 0.9039351061342968,
    "Rank ICIR": 0.9753971868809425,
    "Rank IC": 0.1073483927301684,
    "1day.excess_return_without_cost.mean": 2.5816493564181856e-05,
    "IC": 0.09520397460144418
  },
  "test_metrics": {
    "IC_mean": 0.09520397460144418,
    "IC_std": 0.10532169174022522,
    "ICIR": 0.9039351061342968,
    "RankIC_mean": 0.1073483927301684,
    "RankIC_std": 0.11005608194692426,
    "RankICIR": 0.9753971868809425,
    "n_days": 899
  }
}