{
  "experiment": "master_csi300_official_seed23",
  "config": "/home/jiajun/finance-gfm/results/seed100_gpu_master_hist_fixed/generated_configs/master_official.yaml",
  "overrides": [
    "task.model.kwargs.GPU=0",
    "task.model.kwargs.seed=23",
    "task.model.kwargs.save_path=/home/jiajun/finance-gfm/results/seed100_gpu_master_hist_fixed/model_ckpt/master/",
    "task.model.kwargs.save_prefix=official_seed23_"
  ],
  "recorder_id": "6b6037d642724bee8bbcaee9bd795efe",
  "recorder_name": "mlflow_recorder",
  "source_run": "file:/home/jiajun/finance-gfm/mlruns",
  "logged_metrics": {
    "ICIR": 0.46138659850509506,
    "Rank ICIR": 0.48647730307996906,
    "1day.excess_return_without_cost.std": 0.012295189195465414,
    "Rank IC": 0.054350357869733315,
    "1day.excess_return_without_cost.mean": -0.00047714996283144685,
    "IC": 0.05061096315676124
  },
  "test_metrics": {
    "IC_mean": 0.05061096315676124,
    "IC_std": 0.10969317990757019,
    "ICIR": 0.461386598505095,
    "RankIC_mean": 0.054350357869733315,
    "RankIC_std": 0.11172228904746868,
    "RankICIR": 0.4864773030799689,
    "n_days": 871
  }
}