{
  "experiment": "master_csi300_recent_seed98",
  "config": "/home/jiajun/finance-gfm/results/seed100_gpu_master_hist_fixed/generated_configs/master_recent.yaml",
  "overrides": [
    "task.model.kwargs.GPU=0",
    "task.model.kwargs.seed=98",
    "task.model.kwargs.save_path=/home/jiajun/finance-gfm/results/seed100_gpu_master_hist_fixed/model_ckpt/master/",
    "task.model.kwargs.save_prefix=recent_seed98_"
  ],
  "recorder_id": "c4f572d6e9bc4873957207ffecf9b6ac",
  "recorder_name": "mlflow_recorder",
  "source_run": "file:/home/jiajun/finance-gfm/mlruns",
  "logged_metrics": {
    "ICIR": 0.5774224524969149,
    "Rank ICIR": 0.655995886634541,
    "1day.excess_return_without_cost.std": 0.011450727157032388,
    "Rank IC": 0.0788502299866683,
    "1day.excess_return_without_cost.mean": 2.5816493564181856e-05,
    "IC": 0.06762581194101427
  },
  "test_metrics": {
    "IC_mean": 0.06762581194101427,
    "IC_std": 0.11711669965132777,
    "ICIR": 0.577422452496915,
    "RankIC_mean": 0.0788502299866683,
    "RankIC_std": 0.12019927501557062,
    "RankICIR": 0.6559958866345411,
    "n_days": 899
  }
}