{
  "experiment": "master_csi300_recent_seed35",
  "config": "/home/jiajun/finance-gfm/results/seed100_gpu_master_hist_fixed/generated_configs/master_recent.yaml",
  "overrides": [
    "task.model.kwargs.GPU=0",
    "task.model.kwargs.seed=35",
    "task.model.kwargs.save_path=/home/jiajun/finance-gfm/results/seed100_gpu_master_hist_fixed/model_ckpt/master/",
    "task.model.kwargs.save_prefix=recent_seed35_"
  ],
  "recorder_id": "15358d180e2d4697894a52d81810e56a",
  "recorder_name": "mlflow_recorder",
  "source_run": "file:/home/jiajun/finance-gfm/mlruns",
  "logged_metrics": {
    "ICIR": 0.7616270667139582,
    "Rank ICIR": 0.7778345624660972,
    "Rank IC": 0.08296561698723297,
    "1day.excess_return_without_cost.mean": 2.5816493564181856e-05,
    "IC": 0.07589340152502279
  },
  "test_metrics": {
    "IC_mean": 0.07589340152502279,
    "IC_std": 0.09964640812000689,
    "ICIR": 0.7616270667139582,
    "RankIC_mean": 0.08296561698723297,
    "RankIC_std": 0.10666229168859942,
    "RankICIR": 0.7778345624660972,
    "n_days": 899
  }
}