{
  "experiment": "master_csi300_recent_seed99",
  "config": "/home/jiajun/finance-gfm/results/seed100_gpu_master_hist_fixed/generated_configs/master_recent.yaml",
  "overrides": [
    "task.model.kwargs.GPU=0",
    "task.model.kwargs.seed=99",
    "task.model.kwargs.save_path=/home/jiajun/finance-gfm/results/seed100_gpu_master_hist_fixed/model_ckpt/master/",
    "task.model.kwargs.save_prefix=recent_seed99_"
  ],
  "recorder_id": "0c06160cba8e4f05880ca0f328e99fef",
  "recorder_name": "mlflow_recorder",
  "source_run": "file:/home/jiajun/finance-gfm/mlruns",
  "logged_metrics": {
    "ICIR": 0.7158004833045323,
    "Rank ICIR": 0.7681381859916184,
    "1day.excess_return_without_cost.std": 0.011450727157032388,
    "Rank IC": 0.08560878501877564,
    "1day.excess_return_without_cost.mean": 2.5816493564181856e-05,
    "IC": 0.07584667656835681
  },
  "test_metrics": {
    "IC_mean": 0.07584667656835681,
    "IC_std": 0.10596063894537545,
    "ICIR": 0.7158004833045324,
    "RankIC_mean": 0.08560878501877564,
    "RankIC_std": 0.11144971904796017,
    "RankICIR": 0.7681381859916184,
    "n_days": 899
  }
}