{
  "experiment": "master_csi300_official_seed70",
  "config": "/home/jiajun/finance-gfm/results/seed100_gpu_master_hist_fixed/generated_configs/master_official.yaml",
  "overrides": [
    "task.model.kwargs.GPU=0",
    "task.model.kwargs.seed=70",
    "task.model.kwargs.save_path=/home/jiajun/finance-gfm/results/seed100_gpu_master_hist_fixed/model_ckpt/master/",
    "task.model.kwargs.save_prefix=official_seed70_"
  ],
  "recorder_id": "ce1657c17f0943d39a10c904e08a9a49",
  "recorder_name": "mlflow_recorder",
  "source_run": "file:/home/jiajun/finance-gfm/mlruns",
  "logged_metrics": {
    "ICIR": 0.5375509735979614,
    "Rank ICIR": 0.6067372884352827,
    "Rank IC": 0.06420327224711633,
    "1day.excess_return_without_cost.mean": -0.00047714996283144685,
    "IC": 0.05736842411788911
  },
  "test_metrics": {
    "IC_mean": 0.05736842411788911,
    "IC_std": 0.10672183092499689,
    "ICIR": 0.5375509735979614,
    "RankIC_mean": 0.06420327224711633,
    "RankIC_std": 0.10581725150384347,
    "RankICIR": 0.6067372884352827,
    "n_days": 871
  }
}