{
  "experiment": "master_csi300_recent_seed21",
  "config": "/home/jiajun/finance-gfm/results/seed100_gpu_master_hist_fixed/generated_configs/master_recent.yaml",
  "overrides": [
    "task.model.kwargs.GPU=0",
    "task.model.kwargs.seed=21",
    "task.model.kwargs.save_path=/home/jiajun/finance-gfm/results/seed100_gpu_master_hist_fixed/model_ckpt/master/",
    "task.model.kwargs.save_prefix=recent_seed21_"
  ],
  "recorder_id": "8218f7f0e4804287a132f34f497b2b00",
  "recorder_name": "mlflow_recorder",
  "source_run": "file:/home/jiajun/finance-gfm/mlruns",
  "logged_metrics": {
    "ICIR": 0.5588404039859353,
    "Rank ICIR": 0.6044977170713122,
    "Rank IC": 0.06390591733216902,
    "1day.excess_return_without_cost.mean": 2.5816493564181856e-05,
    "IC": 0.05656297043991522
  },
  "test_metrics": {
    "IC_mean": 0.05656297043991521,
    "IC_std": 0.10121489075678712,
    "ICIR": 0.5588404039859352,
    "RankIC_mean": 0.06390591733216902,
    "RankIC_std": 0.1057173840817501,
    "RankICIR": 0.6044977170713122,
    "n_days": 899
  }
}