{
  "experiment": "master_csi300_recent_seed96",
  "config": "/home/jiajun/finance-gfm/results/seed100_gpu_master_hist_fixed/generated_configs/master_recent.yaml",
  "overrides": [
    "task.model.kwargs.GPU=0",
    "task.model.kwargs.seed=96",
    "task.model.kwargs.save_path=/home/jiajun/finance-gfm/results/seed100_gpu_master_hist_fixed/model_ckpt/master/",
    "task.model.kwargs.save_prefix=recent_seed96_"
  ],
  "recorder_id": "86cb2cc5248c4b0b8e045006b28335b0",
  "recorder_name": "mlflow_recorder",
  "source_run": "file:/home/jiajun/finance-gfm/mlruns",
  "logged_metrics": {
    "ICIR": 0.8174994580379218,
    "Rank ICIR": 0.8622656772771202,
    "Rank IC": 0.08629209949081555,
    "1day.excess_return_without_cost.mean": 2.5816493564181856e-05,
    "IC": 0.07725231485280828
  },
  "test_metrics": {
    "IC_mean": 0.07725231485280828,
    "IC_std": 0.0944983071159721,
    "ICIR": 0.8174994580379219,
    "RankIC_mean": 0.08629209949081555,
    "RankIC_std": 0.1000759995032047,
    "RankICIR": 0.8622656772771202,
    "n_days": 899
  }
}