{
  "experiment": "master_csi300_recent_seed32",
  "config": "/home/jiajun/finance-gfm/results/seed100_gpu_master_hist_fixed/generated_configs/master_recent.yaml",
  "overrides": [
    "task.model.kwargs.GPU=0",
    "task.model.kwargs.seed=32",
    "task.model.kwargs.save_path=/home/jiajun/finance-gfm/results/seed100_gpu_master_hist_fixed/model_ckpt/master/",
    "task.model.kwargs.save_prefix=recent_seed32_"
  ],
  "recorder_id": "981fc84fbbac47f995c745bae3af8349",
  "recorder_name": "mlflow_recorder",
  "source_run": "file:/home/jiajun/finance-gfm/mlruns",
  "logged_metrics": {
    "ICIR": 0.43618163629954176,
    "Rank ICIR": 0.48944311115710937,
    "Rank IC": 0.057197767614554265,
    "1day.excess_return_without_cost.mean": 2.5816493564181856e-05,
    "IC": 0.04914697513690118
  },
  "test_metrics": {
    "IC_mean": 0.04914697513690118,
    "IC_std": 0.11267547976996943,
    "ICIR": 0.43618163629954176,
    "RankIC_mean": 0.057197767614554265,
    "RankIC_std": 0.11686295365222538,
    "RankICIR": 0.48944311115710937,
    "n_days": 899
  }
}