{
  "experiment": "master_csi300_official_seed69",
  "config": "/home/jiajun/finance-gfm/results/seed100_gpu_master_hist_fixed/generated_configs/master_official.yaml",
  "overrides": [
    "task.model.kwargs.GPU=0",
    "task.model.kwargs.seed=69",
    "task.model.kwargs.save_path=/home/jiajun/finance-gfm/results/seed100_gpu_master_hist_fixed/model_ckpt/master/",
    "task.model.kwargs.save_prefix=official_seed69_"
  ],
  "recorder_id": "068e2c251be9474f859cd8164af6014b",
  "recorder_name": "mlflow_recorder",
  "source_run": "file:/home/jiajun/finance-gfm/mlruns",
  "logged_metrics": {
    "ICIR": 0.49760859550356523,
    "Rank ICIR": 0.6057156214561472,
    "1day.excess_return_without_cost.std": 0.012295189195465414,
    "Rank IC": 0.06280692209273364,
    "1day.excess_return_without_cost.mean": -0.00047714996283144685,
    "IC": 0.05342283173934872
  },
  "test_metrics": {
    "IC_mean": 0.05342283173934873,
    "IC_std": 0.10735914174731323,
    "ICIR": 0.4976085955035654,
    "RankIC_mean": 0.06280692209273363,
    "RankIC_std": 0.10369044460459033,
    "RankICIR": 0.6057156214561471,
    "n_days": 871
  }
}