{
  "experiment": "master_csi300_official_seed92",
  "config": "/home/jiajun/finance-gfm/results/seed100_gpu_master_hist_fixed/generated_configs/master_official.yaml",
  "overrides": [
    "task.model.kwargs.GPU=0",
    "task.model.kwargs.seed=92",
    "task.model.kwargs.save_path=/home/jiajun/finance-gfm/results/seed100_gpu_master_hist_fixed/model_ckpt/master/",
    "task.model.kwargs.save_prefix=official_seed92_"
  ],
  "recorder_id": "5a0060d3832042b5b8ce3b1c8d2ed10b",
  "recorder_name": "mlflow_recorder",
  "source_run": "file:/home/jiajun/finance-gfm/mlruns",
  "logged_metrics": {
    "ICIR": 0.49686288033739107,
    "Rank ICIR": 0.559554299113889,
    "1day.excess_return_without_cost.std": 0.012295189195465414,
    "Rank IC": 0.061188487427087754,
    "1day.excess_return_without_cost.mean": -0.00047714996283144685,
    "IC": 0.05421582005197294
  },
  "test_metrics": {
    "IC_mean": 0.05421582005197294,
    "IC_std": 0.10911626164377199,
    "ICIR": 0.49686288033739107,
    "RankIC_mean": 0.06118848742708776,
    "RankIC_std": 0.10935218891890551,
    "RankICIR": 0.5595542991138891,
    "n_days": 871
  }
}