{
  "experiment": "master_csi300_official_seed25",
  "config": "/home/jiajun/finance-gfm/results/seed100_gpu_master_hist_fixed/generated_configs/master_official.yaml",
  "overrides": [
    "task.model.kwargs.GPU=0",
    "task.model.kwargs.seed=25",
    "task.model.kwargs.save_path=/home/jiajun/finance-gfm/results/seed100_gpu_master_hist_fixed/model_ckpt/master/",
    "task.model.kwargs.save_prefix=official_seed25_"
  ],
  "recorder_id": "263c93a323814f7ba85c6d85c5336520",
  "recorder_name": "mlflow_recorder",
  "source_run": "file:/home/jiajun/finance-gfm/mlruns",
  "logged_metrics": {
    "ICIR": 0.5296367953935872,
    "Rank ICIR": 0.5976777090323688,
    "1day.excess_return_without_cost.std": 0.012295189195465414,
    "Rank IC": 0.06175188052451387,
    "1day.excess_return_without_cost.mean": -0.00047714996283144685,
    "IC": 0.055128254786125375
  },
  "test_metrics": {
    "IC_mean": 0.055128254786125375,
    "IC_std": 0.10408690496127276,
    "ICIR": 0.5296367953935872,
    "RankIC_mean": 0.06175188052451387,
    "RankIC_std": 0.1033196982107451,
    "RankICIR": 0.5976777090323688,
    "n_days": 871
  }
}