{
  "experiment": "master_csi300_official_seed168",
  "config": "/home/jiajun/finance-gfm/results/seed100_gpu_master_hist_fixed/generated_configs/master_official.yaml",
  "overrides": [
    "task.model.kwargs.GPU=0",
    "task.model.kwargs.seed=168",
    "task.model.kwargs.save_path=/home/jiajun/finance-gfm/results/seed100_gpu_master_hist_fixed/model_ckpt/master/",
    "task.model.kwargs.save_prefix=official_seed168_"
  ],
  "recorder_id": "ebb7ce838477400eba7556e2320330e5",
  "recorder_name": "mlflow_recorder",
  "source_run": "file:/home/jiajun/finance-gfm/mlruns",
  "logged_metrics": {
    "ICIR": 0.5075316108061284,
    "Rank ICIR": 0.5854135721258983,
    "1day.excess_return_without_cost.std": 0.012295189195465414,
    "Rank IC": 0.06598632103266291,
    "1day.excess_return_without_cost.mean": -0.00047714996283144685,
    "IC": 0.05667981764592277
  },
  "test_metrics": {
    "IC_mean": 0.056679817645922774,
    "IC_std": 0.1116774136607894,
    "ICIR": 0.5075316108061284,
    "RankIC_mean": 0.06598632103266291,
    "RankIC_std": 0.11271744314542811,
    "RankICIR": 0.5854135721258983,
    "n_days": 871
  }
}