{
  "experiment": "master_csi300_recent_seed19",
  "config": "/home/jiajun/finance-gfm/results/seed100_gpu_master_hist_fixed/generated_configs/master_recent.yaml",
  "overrides": [
    "task.model.kwargs.GPU=0",
    "task.model.kwargs.seed=19",
    "task.model.kwargs.save_path=/home/jiajun/finance-gfm/results/seed100_gpu_master_hist_fixed/model_ckpt/master/",
    "task.model.kwargs.save_prefix=recent_seed19_"
  ],
  "recorder_id": "9cdda7f1b8954820a2389daab5076f33",
  "recorder_name": "mlflow_recorder",
  "source_run": "file:/home/jiajun/finance-gfm/mlruns",
  "logged_metrics": {
    "ICIR": 0.9704428360352695,
    "Rank ICIR": 0.9961174289736661,
    "Rank IC": 0.09715434048237863,
    "1day.excess_return_without_cost.mean": 2.5816493564181856e-05,
    "IC": 0.09034214356271573
  },
  "test_metrics": {
    "IC_mean": 0.09034214356271573,
    "IC_std": 0.09309373021064,
    "ICIR": 0.9704428360352695,
    "RankIC_mean": 0.09715434048237863,
    "RankIC_std": 0.09753301935744674,
    "RankICIR": 0.9961174289736658,
    "n_days": 899
  }
}