{
  "experiment": "master_csi300_recent_seed82",
  "config": "/home/jiajun/finance-gfm/results/seed100_gpu_master_hist_fixed/generated_configs/master_recent.yaml",
  "overrides": [
    "task.model.kwargs.GPU=0",
    "task.model.kwargs.seed=82",
    "task.model.kwargs.save_path=/home/jiajun/finance-gfm/results/seed100_gpu_master_hist_fixed/model_ckpt/master/",
    "task.model.kwargs.save_prefix=recent_seed82_"
  ],
  "recorder_id": "0c0c6e5f1f4c441b9b6b436ab484b884",
  "recorder_name": "mlflow_recorder",
  "source_run": "file:/home/jiajun/finance-gfm/mlruns",
  "logged_metrics": {
    "ICIR": 1.1498136219664823,
    "Rank ICIR": 1.218233691468186,
    "1day.excess_return_without_cost.std": 0.011450727157032388,
    "Rank IC": 0.11642474516517805,
    "1day.excess_return_without_cost.mean": 2.5816493564181856e-05,
    "IC": 0.10476906924620126
  },
  "test_metrics": {
    "IC_mean": 0.10476906924620126,
    "IC_std": 0.09111830582335484,
    "ICIR": 1.1498136219664825,
    "RankIC_mean": 0.11642474516517805,
    "RankIC_std": 0.09556848245172546,
    "RankICIR": 1.218233691468186,
    "n_days": 899
  }
}