{
  "experiment": "master_csi300_official_seed90",
  "config": "/home/jiajun/finance-gfm/results/seed100_gpu_master_hist_fixed/generated_configs/master_official.yaml",
  "overrides": [
    "task.model.kwargs.GPU=0",
    "task.model.kwargs.seed=90",
    "task.model.kwargs.save_path=/home/jiajun/finance-gfm/results/seed100_gpu_master_hist_fixed/model_ckpt/master/",
    "task.model.kwargs.save_prefix=official_seed90_"
  ],
  "recorder_id": "d2c1f5c017ef46e18be12778c592ad3e",
  "recorder_name": "mlflow_recorder",
  "source_run": "file:/home/jiajun/finance-gfm/mlruns",
  "logged_metrics": {
    "ICIR": 0.5537755612301767,
    "Rank ICIR": 0.5555830239863758,
    "1day.excess_return_without_cost.std": 0.012295189195465414,
    "Rank IC": 0.05985992686914075,
    "1day.excess_return_without_cost.mean": -0.00047714996283144685,
    "IC": 0.057871084316607826
  },
  "test_metrics": {
    "IC_mean": 0.057871084316607826,
    "IC_std": 0.10450277760190599,
    "ICIR": 0.5537755612301767,
    "RankIC_mean": 0.05985992686914075,
    "RankIC_std": 0.10774254123108098,
    "RankICIR": 0.5555830239863758,
    "n_days": 871
  }
}