{
  "exp_name": "mlp_csi300_recent_seed55",
  "model": "mlp",
  "market": "csi300_aligned",
  "handler": "Alpha158",
  "device": "cuda",
  "model_config": {
    "name": "mlp",
    "d_hidden": 128,
    "dropout": 0.1,
    "bottleneck_dim": 64,
    "residual_layers": 2
  },
  "best_epoch": 15,
  "valid_best_ICIR": 0.38174913020301804,
  "test_metrics": {
    "IC_mean": 0.03929469782745408,
    "IC_std": 0.10905478763300365,
    "ICIR": 0.3603207037520486,
    "RankIC_mean": 0.020666814611958097,
    "RankICIR": 0.21918855243722032,
    "annual_return": 0.2629108554396882,
    "annual_vol": 0.2372044212582482,
    "sharpe": 1.1025596820263939,
    "max_drawdown": -0.33364927554312085,
    "turnover": 0.6509010011123474
  }
}