{
  "experiment": "hist_csi300_official_seed2026_v3_smoke",
  "config": "results/gpu_hist_smoke_fixed/generated_configs/hist_official.yaml",
  "overrides": [
    "task.model.kwargs.GPU=0",
    "task.model.kwargs.seed=2026",
    "task.model.kwargs.n_epochs=1",
    "task.model.kwargs.n_jobs=1"
  ],
  "recorder_id": "9fe2aac796b54b0e8ce6b20bf3adf538",
  "recorder_name": "mlflow_recorder",
  "source_run": "file:/home/jiajun/finance-gfm/mlruns",
  "logged_metrics": {
    "ICIR": 0.15133575891755086,
    "Rank ICIR": 0.2800558457550755,
    "1day.excess_return_without_cost.std": 0.012295189195465414,
    "Rank IC": 0.0331068274936998,
    "1day.excess_return_without_cost.mean": -0.00047714996283144685,
    "IC": 0.017610236923392093
  },
  "test_metrics": {
    "IC_mean": 0.017610236923392093,
    "IC_std": 0.11636533922551852,
    "ICIR": 0.15133575891755086,
    "RankIC_mean": 0.0331068274936998,
    "RankIC_std": 0.11821509172371845,
    "RankICIR": 0.2800558457550755,
    "n_days": 871
  }
}