{
  "experiment": "lgbm_csi300_recent_seed11",
  "config": "/home/jiajun/finance-gfm/results/seed100_grouped_cpu/generated_configs/lgbm_recent.yaml",
  "overrides": [
    "task.model.kwargs.seed=11"
  ],
  "recorder_id": "379b056c28d0446eaa0bf825a6044e58",
  "recorder_name": "mlflow_recorder",
  "source_run": "file:/home/jiajun/finance-gfm/mlruns",
  "logged_metrics": {
    "l2.train": 0.975520547583931,
    "ICIR": 0.28297873421691894,
    "Rank ICIR": 0.1407502246988148,
    "1day.excess_return_without_cost.max_drawdown": -0.38879871368408203,
    "1day.excess_return_without_cost.std": 0.011450727157032388,
    "1day.excess_return_without_cost.annualized_return": 0.006144325468275282,
    "Rank IC": 0.01643870966949439,
    "1day.excess_return_without_cost.information_ratio": 0.034781849157993774,
    "1day.excess_return_without_cost.mean": 2.5816493564181856e-05,
    "l2.valid": 0.9988970736454719,
    "IC": 0.03299247543499902
  },
  "test_metrics": {
    "IC_mean": 0.03299247543499902,
    "IC_std": 0.11658994633041384,
    "ICIR": 0.282978734216919,
    "RankIC_mean": 0.01643870966949439,
    "RankIC_std": 0.11679348792991884,
    "RankICIR": 0.1407502246988148,
    "n_days": 899
  }
}