{
  "experiment": "lgbm_csi300_official_seed1",
  "config": "/home/jiajun/finance-gfm/results/seed100_grouped_cpu/generated_configs/lgbm_official.yaml",
  "overrides": [
    "task.model.kwargs.seed=1"
  ],
  "recorder_id": "4eae7f5b31d6470fac24c91827782bb7",
  "recorder_name": "mlflow_recorder",
  "source_run": "file:/home/jiajun/finance-gfm/mlruns",
  "logged_metrics": {
    "l2.train": 0.9627224370347639,
    "1day.excess_return_with_cost.information_ratio": -0.5986984818906017,
    "1day.excess_return_with_cost.mean": -0.00047714996283144685,
    "ICIR": 0.5443704492839893,
    "Rank ICIR": 0.4823940721303764,
    "1day.excess_return_without_cost.max_drawdown": -0.528235137462616,
    "1day.pa": NaN,
    "1day.excess_return_without_cost.std": 0.012295189195465414,
    "1day.excess_return_without_cost.annualized_return": -0.11356169115388436,
    "Rank IC": 0.04777155932996766,
    "1day.excess_return_with_cost.max_drawdown": -0.528235137462616,
    "1day.excess_return_without_cost.information_ratio": -0.5986984818906017,
    "1day.excess_return_without_cost.mean": -0.00047714996283144685,
    "1day.ffr": NaN,
    "l2.valid": 0.993917853917875,
    "IC": 0.05556960425177606,
    "1day.excess_return_with_cost.std": 0.012295189195465414,
    "1day.excess_return_with_cost.annualized_return": -0.11356169115388436
  },
  "test_metrics": {
    "IC_mean": 0.05556960425177606,
    "IC_std": 0.10208049376094311,
    "ICIR": 0.5443704492839893,
    "RankIC_mean": 0.04777155932996766,
    "RankIC_std": 0.09903015416212756,
    "RankICIR": 0.4823940721303765,
    "n_days": 871
  }
}