{
  "experiment": "lgbm_csi300_recent_seed82",
  "config": "/home/jiajun/finance-gfm/results/seed100_grouped_cpu/generated_configs/lgbm_recent.yaml",
  "overrides": [
    "task.model.kwargs.seed=82"
  ],
  "recorder_id": "8ee723d6e4aa449691c7552f957466e0",
  "recorder_name": "mlflow_recorder",
  "source_run": "file:/home/jiajun/finance-gfm/mlruns",
  "logged_metrics": {
    "l2.train": 0.9749087235987105,
    "ICIR": 0.2709553898621177,
    "Rank ICIR": 0.13571050977249316,
    "1day.excess_return_without_cost.std": 0.011450727157032388,
    "Rank IC": 0.015516896166607662,
    "1day.excess_return_without_cost.mean": 2.5816493564181856e-05,
    "l2.valid": 0.9985516724190547,
    "IC": 0.03104854663800332
  },
  "test_metrics": {
    "IC_mean": 0.031048546638003324,
    "IC_std": 0.11458914566638859,
    "ICIR": 0.27095538986211776,
    "RankIC_mean": 0.01551689616660766,
    "RankIC_std": 0.11433820558643826,
    "RankICIR": 0.13571050977249316,
    "n_days": 899
  }
}