{
  "experiment": "lgbm_csi300_official_seed20",
  "config": "/home/jiajun/finance-gfm/results/seed100_grouped_cpu/generated_configs/lgbm_official.yaml",
  "overrides": [
    "task.model.kwargs.seed=20"
  ],
  "recorder_id": "489a22ae9a884aa9acc77185d092a5e4",
  "recorder_name": "mlflow_recorder",
  "source_run": "file:/home/jiajun/finance-gfm/mlruns",
  "logged_metrics": {
    "l2.train": 0.9612324673406183,
    "ICIR": 0.5554587494535261,
    "Rank ICIR": 0.49458345377996354,
    "1day.excess_return_without_cost.max_drawdown": -0.528235137462616,
    "1day.excess_return_without_cost.std": 0.012295189195465414,
    "1day.excess_return_without_cost.annualized_return": -0.11356169115388436,
    "Rank IC": 0.04887260276772712,
    "1day.excess_return_without_cost.information_ratio": -0.5986984818906017,
    "1day.excess_return_without_cost.mean": -0.00047714996283144685,
    "l2.valid": 0.9944117384929608,
    "IC": 0.05681507150665265
  },
  "test_metrics": {
    "IC_mean": 0.05681507150665266,
    "IC_std": 0.10228495196546766,
    "ICIR": 0.5554587494535261,
    "RankIC_mean": 0.04887260276772712,
    "RankIC_std": 0.09881568498543053,
    "RankICIR": 0.49458345377996354,
    "n_days": 871
  }
}