{
  "experiment": "lgbm_csi300_recent_seed97",
  "config": "/home/jiajun/finance-gfm/results/seed100_grouped_cpu/generated_configs/lgbm_recent.yaml",
  "overrides": [
    "task.model.kwargs.seed=97"
  ],
  "recorder_id": "2e1b9c2affe845b9ae284526bd22f3ca",
  "recorder_name": "mlflow_recorder",
  "source_run": "file:/home/jiajun/finance-gfm/mlruns",
  "logged_metrics": {
    "l2.train": 0.9753789942299237,
    "ICIR": 0.2641226367826519,
    "Rank ICIR": 0.1287146676247969,
    "1day.excess_return_without_cost.std": 0.011450727157032388,
    "1day.excess_return_without_cost.annualized_return": 0.006144325468275282,
    "Rank IC": 0.015014679835929683,
    "1day.excess_return_without_cost.mean": 2.5816493564181856e-05,
    "l2.valid": 0.9983031848736624,
    "IC": 0.030810994932923188
  },
  "test_metrics": {
    "IC_mean": 0.030810994932923188,
    "IC_std": 0.1166541244182631,
    "ICIR": 0.2641226367826519,
    "RankIC_mean": 0.015014679835929683,
    "RankIC_std": 0.11665088457282471,
    "RankICIR": 0.1287146676247969,
    "n_days": 899
  }
}