{
  "experiment": "lgbm_csi300_recent_seed89",
  "config": "/home/jiajun/finance-gfm/results/seed100_grouped_cpu/generated_configs/lgbm_recent.yaml",
  "overrides": [
    "task.model.kwargs.seed=89"
  ],
  "recorder_id": "21633c8bf08243ffb2081e7bf89b5710",
  "recorder_name": "mlflow_recorder",
  "source_run": "file:/home/jiajun/finance-gfm/mlruns",
  "logged_metrics": {
    "l2.train": 0.9745928719295712,
    "ICIR": 0.2691317619247941,
    "Rank ICIR": 0.1314931944879523,
    "1day.excess_return_without_cost.std": 0.011450727157032388,
    "Rank IC": 0.01513446084464611,
    "1day.excess_return_without_cost.mean": 2.5816493564181856e-05,
    "l2.valid": 0.9986096704403984,
    "IC": 0.03107622332572687
  },
  "test_metrics": {
    "IC_mean": 0.03107622332572687,
    "IC_std": 0.1154684348791607,
    "ICIR": 0.2691317619247941,
    "RankIC_mean": 0.01513446084464611,
    "RankIC_std": 0.11509691359755324,
    "RankICIR": 0.1314931944879523,
    "n_days": 899
  }
}