{
  "experiment": "lgbm_csi300_recent_seed2",
  "config": "/home/jiajun/finance-gfm/results/seed100_grouped_cpu/generated_configs/lgbm_recent.yaml",
  "overrides": [
    "task.model.kwargs.seed=2"
  ],
  "recorder_id": "6040fc63deaf48cf9bd2f35fafcecfae",
  "recorder_name": "mlflow_recorder",
  "source_run": "file:/home/jiajun/finance-gfm/mlruns",
  "logged_metrics": {
    "l2.train": 0.9759078534714694,
    "1day.excess_return_with_cost.information_ratio": 0.034781849157993774,
    "1day.excess_return_with_cost.mean": 2.5816493564181856e-05,
    "ICIR": 0.2373552030434177,
    "Rank ICIR": 0.11192578983434746,
    "1day.excess_return_without_cost.max_drawdown": -0.38879871368408203,
    "1day.pa": NaN,
    "1day.excess_return_without_cost.std": 0.011450727157032388,
    "1day.pos": NaN,
    "1day.excess_return_without_cost.annualized_return": 0.006144325468275282,
    "Rank IC": 0.013148016427937764,
    "1day.excess_return_with_cost.max_drawdown": -0.38879871368408203,
    "1day.excess_return_without_cost.information_ratio": 0.034781849157993774,
    "1day.excess_return_without_cost.mean": 2.5816493564181856e-05,
    "1day.ffr": NaN,
    "l2.valid": 0.9983646987564395,
    "IC": 0.027538101735923942,
    "1day.excess_return_with_cost.std": 0.011450727157032388,
    "1day.excess_return_with_cost.annualized_return": 0.006144325468275282
  },
  "test_metrics": {
    "IC_mean": 0.027538101735923942,
    "IC_std": 0.11602063650943684,
    "ICIR": 0.2373552030434177,
    "RankIC_mean": 0.013148016427937764,
    "RankIC_std": 0.11747083891386521,
    "RankICIR": 0.11192578983434746,
    "n_days": 899
  }
}