{
  "experiment": "lgbm_csi300_official_seed888",
  "config": "/home/jiajun/finance-gfm/results/seed100_grouped_cpu/generated_configs/lgbm_official.yaml",
  "overrides": [
    "task.model.kwargs.seed=888"
  ],
  "recorder_id": "eef1ccbae4fe412eaba6dc36c30c6f68",
  "recorder_name": "mlflow_recorder",
  "source_run": "file:/home/jiajun/finance-gfm/mlruns",
  "logged_metrics": {
    "l2.train": 0.9604140179766302,
    "ICIR": 0.5647937868456073,
    "Rank ICIR": 0.5096009103545237,
    "1day.excess_return_without_cost.std": 0.012295189195465414,
    "1day.excess_return_without_cost.annualized_return": -0.11356169115388436,
    "Rank IC": 0.04901656010197101,
    "1day.excess_return_without_cost.mean": -0.00047714996283144685,
    "l2.valid": 0.9939012587673902,
    "IC": 0.05613850328314397
  },
  "test_metrics": {
    "IC_mean": 0.05613850328314397,
    "IC_std": 0.09939646042616623,
    "ICIR": 0.5647937868456073,
    "RankIC_mean": 0.049016560101971016,
    "RankIC_std": 0.09618617060136476,
    "RankICIR": 0.5096009103545238,
    "n_days": 871
  }
}