{
  "experiment": "lgbm_csi300_official_seed66",
  "config": "/home/jiajun/finance-gfm/results/seed100_grouped_cpu/generated_configs/lgbm_official.yaml",
  "overrides": [
    "task.model.kwargs.seed=66"
  ],
  "recorder_id": "80d3521f828246278549edb47f3966d5",
  "recorder_name": "mlflow_recorder",
  "source_run": "file:/home/jiajun/finance-gfm/mlruns",
  "logged_metrics": {
    "l2.train": 0.9630792271400243,
    "ICIR": 0.5429288833657757,
    "Rank ICIR": 0.48670992849665545,
    "1day.excess_return_without_cost.std": 0.012295189195465414,
    "1day.excess_return_without_cost.annualized_return": -0.11356169115388436,
    "Rank IC": 0.049109911524922896,
    "1day.excess_return_without_cost.mean": -0.00047714996283144685,
    "l2.valid": 0.9935949120942449,
    "IC": 0.056122083094311014
  },
  "test_metrics": {
    "IC_mean": 0.056122083094311014,
    "IC_std": 0.10336912404879572,
    "ICIR": 0.5429288833657757,
    "RankIC_mean": 0.049109911524922896,
    "RankIC_std": 0.10090180752345257,
    "RankICIR": 0.4867099284966555,
    "n_days": 871
  }
}