{
  "experiment": "lgbm_csi300_official_seed9",
  "config": "/home/jiajun/finance-gfm/results/seed100_grouped_cpu/generated_configs/lgbm_official.yaml",
  "overrides": [
    "task.model.kwargs.seed=9"
  ],
  "recorder_id": "06185056ffaf48d8b810ab3962e384b9",
  "recorder_name": "mlflow_recorder",
  "source_run": "file:/home/jiajun/finance-gfm/mlruns",
  "logged_metrics": {
    "l2.train": 0.9630068176789636,
    "1day.excess_return_with_cost.mean": -0.00047714996283144685,
    "ICIR": 0.5354921483387514,
    "Rank ICIR": 0.46442845964175195,
    "1day.excess_return_without_cost.max_drawdown": -0.528235137462616,
    "1day.excess_return_without_cost.std": 0.012295189195465414,
    "1day.excess_return_without_cost.annualized_return": -0.11356169115388436,
    "Rank IC": 0.046881673738737244,
    "1day.excess_return_without_cost.information_ratio": -0.5986984818906017,
    "1day.excess_return_without_cost.mean": -0.00047714996283144685,
    "l2.valid": 0.9940861050699721,
    "IC": 0.055011446504093835
  },
  "test_metrics": {
    "IC_mean": 0.055011446504093835,
    "IC_std": 0.1027306313916179,
    "ICIR": 0.5354921483387514,
    "RankIC_mean": 0.046881673738737244,
    "RankIC_std": 0.10094487701055303,
    "RankICIR": 0.46442845964175195,
    "n_days": 871
  }
}