{
  "experiment": "lgbm_csi300_recent_seed24",
  "config": "/home/jiajun/finance-gfm/results/seed100_grouped_cpu/generated_configs/lgbm_recent.yaml",
  "overrides": [
    "task.model.kwargs.seed=24"
  ],
  "recorder_id": "3965301a5bf5430cb80886d457c7bca1",
  "recorder_name": "mlflow_recorder",
  "source_run": "file:/home/jiajun/finance-gfm/mlruns",
  "logged_metrics": {
    "l2.train": 0.9742712528178034,
    "ICIR": 0.29904555209603734,
    "Rank ICIR": 0.15173392700646984,
    "1day.excess_return_without_cost.max_drawdown": -0.38879871368408203,
    "1day.excess_return_without_cost.std": 0.011450727157032388,
    "1day.excess_return_without_cost.annualized_return": 0.006144325468275282,
    "Rank IC": 0.01732701381162096,
    "1day.excess_return_without_cost.information_ratio": 0.034781849157993774,
    "1day.excess_return_without_cost.mean": 2.5816493564181856e-05,
    "l2.valid": 0.9987197827714442,
    "IC": 0.034188510633231216
  },
  "test_metrics": {
    "IC_mean": 0.034188510633231216,
    "IC_std": 0.11432542766010344,
    "ICIR": 0.2990455520960374,
    "RankIC_mean": 0.01732701381162096,
    "RankIC_std": 0.11419340521571121,
    "RankICIR": 0.15173392700646987,
    "n_days": 899
  }
}