{
  "experiment": "lgbm_csi300_recent_seed23",
  "config": "/home/jiajun/finance-gfm/results/seed100_grouped_cpu/generated_configs/lgbm_recent.yaml",
  "overrides": [
    "task.model.kwargs.seed=23"
  ],
  "recorder_id": "deabbbc3d351442eac5c29b7f4d8a847",
  "recorder_name": "mlflow_recorder",
  "source_run": "file:/home/jiajun/finance-gfm/mlruns",
  "logged_metrics": {
    "l2.train": 0.9741397652552652,
    "1day.excess_return_with_cost.mean": 2.5816493564181856e-05,
    "ICIR": 0.3035142788558844,
    "Rank ICIR": 0.1517696119913455,
    "1day.excess_return_without_cost.max_drawdown": -0.38879871368408203,
    "1day.excess_return_without_cost.std": 0.011450727157032388,
    "1day.excess_return_without_cost.annualized_return": 0.006144325468275282,
    "Rank IC": 0.01748219895139899,
    "1day.excess_return_without_cost.information_ratio": 0.034781849157993774,
    "1day.excess_return_without_cost.mean": 2.5816493564181856e-05,
    "l2.valid": 0.9985180701891924,
    "IC": 0.03465473365496295,
    "1day.excess_return_with_cost.std": 0.011450727157032388
  },
  "test_metrics": {
    "IC_mean": 0.034654733654962945,
    "IC_std": 0.11417826464572305,
    "ICIR": 0.30351427885588433,
    "RankIC_mean": 0.01748219895139899,
    "RankIC_std": 0.11518906006293207,
    "RankICIR": 0.1517696119913455,
    "n_days": 899
  }
}