{
  "experiment": "lgbm_csi300_official_seed36",
  "config": "/home/jiajun/finance-gfm/results/seed100_grouped_cpu/generated_configs/lgbm_official.yaml",
  "overrides": [
    "task.model.kwargs.seed=36"
  ],
  "recorder_id": "289a19555ebc4edda10a4ac11440b74f",
  "recorder_name": "mlflow_recorder",
  "source_run": "file:/home/jiajun/finance-gfm/mlruns",
  "logged_metrics": {
    "l2.train": 0.9562925608029813,
    "ICIR": 0.6015566912676401,
    "Rank ICIR": 0.5295331381772873,
    "1day.excess_return_without_cost.std": 0.012295189195465414,
    "1day.excess_return_without_cost.annualized_return": -0.11356169115388436,
    "Rank IC": 0.04979431626654737,
    "1day.excess_return_without_cost.information_ratio": -0.5986984818906017,
    "1day.excess_return_without_cost.mean": -0.00047714996283144685,
    "l2.valid": 0.9942900268082893,
    "IC": 0.05893831920603032
  },
  "test_metrics": {
    "IC_mean": 0.05893831920603032,
    "IC_std": 0.09797633383784925,
    "ICIR": 0.6015566912676401,
    "RankIC_mean": 0.04979431626654737,
    "RankIC_std": 0.09403437231132505,
    "RankICIR": 0.5295331381772873,
    "n_days": 871
  }
}