{
  "experiment": "lgbm_csi300_official_seed44",
  "config": "/home/jiajun/finance-gfm/results/seed100_grouped_cpu/generated_configs/lgbm_official.yaml",
  "overrides": [
    "task.model.kwargs.seed=44"
  ],
  "recorder_id": "236ff55ed2174641a2946f078f192fbf",
  "recorder_name": "mlflow_recorder",
  "source_run": "file:/home/jiajun/finance-gfm/mlruns",
  "logged_metrics": {
    "l2.train": 0.9624116825096101,
    "ICIR": 0.5463683367880819,
    "Rank ICIR": 0.48150209444970965,
    "1day.excess_return_without_cost.std": 0.012295189195465414,
    "1day.excess_return_without_cost.annualized_return": -0.11356169115388436,
    "Rank IC": 0.048489199316658245,
    "1day.excess_return_without_cost.information_ratio": -0.5986984818906017,
    "1day.excess_return_without_cost.mean": -0.00047714996283144685,
    "l2.valid": 0.9939055068073314,
    "IC": 0.05574317958132204
  },
  "test_metrics": {
    "IC_mean": 0.05574317958132205,
    "IC_std": 0.10202490852419759,
    "ICIR": 0.546368336788082,
    "RankIC_mean": 0.048489199316658245,
    "RankIC_std": 0.10070402574691745,
    "RankICIR": 0.4815020944497097,
    "n_days": 871
  }
}