{
  "experiment": "lgbm_csi300_recent_seed7",
  "config": "/home/jiajun/finance-gfm/results/seed100_grouped_cpu/generated_configs/lgbm_recent.yaml",
  "overrides": [
    "task.model.kwargs.seed=7"
  ],
  "recorder_id": "f5b1937790ad4761afec91a350828ba7",
  "recorder_name": "mlflow_recorder",
  "source_run": "file:/home/jiajun/finance-gfm/mlruns",
  "logged_metrics": {
    "l2.train": 0.9756738414631234,
    "1day.excess_return_with_cost.information_ratio": 0.034781849157993774,
    "1day.excess_return_with_cost.mean": 2.5816493564181856e-05,
    "ICIR": 0.2604593453739793,
    "Rank ICIR": 0.12954518105415028,
    "1day.excess_return_without_cost.max_drawdown": -0.38879871368408203,
    "1day.excess_return_without_cost.std": 0.011450727157032388,
    "1day.excess_return_without_cost.annualized_return": 0.006144325468275282,
    "Rank IC": 0.014932500230789352,
    "1day.excess_return_without_cost.information_ratio": 0.034781849157993774,
    "1day.excess_return_without_cost.mean": 2.5816493564181856e-05,
    "l2.valid": 0.9984116380717116,
    "IC": 0.029985062273265164,
    "1day.excess_return_with_cost.std": 0.011450727157032388,
    "1day.excess_return_with_cost.annualized_return": 0.006144325468275282
  },
  "test_metrics": {
    "IC_mean": 0.02998506227326516,
    "IC_std": 0.1151237719276736,
    "ICIR": 0.2604593453739793,
    "RankIC_mean": 0.014932500230789356,
    "RankIC_std": 0.11526866618486968,
    "RankICIR": 0.1295451810541503,
    "n_days": 899
  }
}