{
  "experiment": "lgbm_csi300_recent_seed96",
  "config": "/home/jiajun/finance-gfm/results/seed100_grouped_cpu/generated_configs/lgbm_recent.yaml",
  "overrides": [
    "task.model.kwargs.seed=96"
  ],
  "recorder_id": "7f90e3c2972a46378bba78460d3a1483",
  "recorder_name": "mlflow_recorder",
  "source_run": "file:/home/jiajun/finance-gfm/mlruns",
  "logged_metrics": {
    "l2.train": 0.9747729321431958,
    "ICIR": 0.28736826755342715,
    "Rank ICIR": 0.144485438115688,
    "1day.excess_return_without_cost.std": 0.011450727157032388,
    "1day.excess_return_without_cost.annualized_return": 0.006144325468275282,
    "Rank IC": 0.016667023635439513,
    "1day.excess_return_without_cost.mean": 2.5816493564181856e-05,
    "l2.valid": 0.9989376411022773,
    "IC": 0.0330991312014341
  },
  "test_metrics": {
    "IC_mean": 0.033099131201434095,
    "IC_std": 0.11518018841548103,
    "ICIR": 0.2873682675534271,
    "RankIC_mean": 0.016667023635439513,
    "RankIC_std": 0.11535434887282135,
    "RankICIR": 0.144485438115688,
    "n_days": 899
  }
}