{
  "experiment": "lgbm_csi300_recent_seed22",
  "config": "/home/jiajun/finance-gfm/results/seed100_grouped_cpu/generated_configs/lgbm_recent.yaml",
  "overrides": [
    "task.model.kwargs.seed=22"
  ],
  "recorder_id": "4609f017ec60421d999364664aba06ef",
  "recorder_name": "mlflow_recorder",
  "source_run": "file:/home/jiajun/finance-gfm/mlruns",
  "logged_metrics": {
    "l2.train": 0.9754116672332986,
    "ICIR": 0.25969777823630324,
    "Rank ICIR": 0.12896407875955596,
    "1day.excess_return_without_cost.std": 0.011450727157032388,
    "1day.excess_return_without_cost.annualized_return": 0.006144325468275282,
    "Rank IC": 0.01511087688342232,
    "1day.excess_return_without_cost.mean": 2.5816493564181856e-05,
    "l2.valid": 0.9989786542390671,
    "IC": 0.030625703111099734
  },
  "test_metrics": {
    "IC_mean": 0.030625703111099734,
    "IC_std": 0.11792824458911198,
    "ICIR": 0.25969777823630324,
    "RankIC_mean": 0.015110876883422322,
    "RankIC_std": 0.11717120789576947,
    "RankICIR": 0.12896407875955598,
    "n_days": 899
  }
}