{
  "experiment": "lgbm_csi300_official_seed0",
  "config": "/home/jiajun/finance-gfm/results/seed100_grouped_cpu/generated_configs/lgbm_official.yaml",
  "overrides": [
    "task.model.kwargs.seed=0"
  ],
  "recorder_id": "8d961c097f3b4fbaaec30fadb94d0af1",
  "recorder_name": "mlflow_recorder",
  "source_run": "file:/home/jiajun/finance-gfm/mlruns",
  "logged_metrics": {
    "l2.train": 0.9602373456053044,
    "1day.excess_return_with_cost.information_ratio": -0.5986984818906017,
    "1day.excess_return_with_cost.mean": -0.00047714996283144685,
    "ICIR": 0.5779017690169079,
    "Rank ICIR": 0.4948237544169319,
    "1day.excess_return_without_cost.max_drawdown": -0.528235137462616,
    "1day.excess_return_without_cost.std": 0.012295189195465414,
    "1day.excess_return_without_cost.annualized_return": -0.11356169115388436,
    "Rank IC": 0.04863673680758645,
    "1day.excess_return_without_cost.information_ratio": -0.5986984818906017,
    "1day.excess_return_without_cost.mean": -0.00047714996283144685,
    "l2.valid": 0.9942107007903971,
    "IC": 0.05855198072574509,
    "1day.excess_return_with_cost.std": 0.012295189195465414,
    "1day.excess_return_with_cost.annualized_return": -0.11356169115388436
  },
  "test_metrics": {
    "IC_mean": 0.05855198072574509,
    "IC_std": 0.10131822372745151,
    "ICIR": 0.577901769016908,
    "RankIC_mean": 0.04863673680758644,
    "RankIC_std": 0.0982910306416005,
    "RankICIR": 0.49482375441693177,
    "n_days": 871
  }
}