{
  "experiment": "lgbm_csi300_recent_seed14",
  "config": "/home/jiajun/finance-gfm/results/seed100_grouped_cpu/generated_configs/lgbm_recent.yaml",
  "overrides": [
    "task.model.kwargs.seed=14"
  ],
  "recorder_id": "423e3b658ddf4c13a687f41d964fdf6e",
  "recorder_name": "mlflow_recorder",
  "source_run": "file:/home/jiajun/finance-gfm/mlruns",
  "logged_metrics": {
    "l2.train": 0.9755323889364336,
    "1day.excess_return_with_cost.mean": 2.5816493564181856e-05,
    "ICIR": 0.25929091400352505,
    "Rank ICIR": 0.13025644652500104,
    "1day.excess_return_without_cost.max_drawdown": -0.38879871368408203,
    "1day.excess_return_without_cost.std": 0.011450727157032388,
    "1day.excess_return_without_cost.annualized_return": 0.006144325468275282,
    "Rank IC": 0.015276355146874735,
    "1day.excess_return_without_cost.information_ratio": 0.034781849157993774,
    "1day.excess_return_without_cost.mean": 2.5816493564181856e-05,
    "l2.valid": 0.9986549328076014,
    "IC": 0.03038809513008204,
    "1day.excess_return_with_cost.std": 0.011450727157032388,
    "1day.excess_return_with_cost.annualized_return": 0.006144325468275282
  },
  "test_metrics": {
    "IC_mean": 0.03038809513008204,
    "IC_std": 0.11719691469662881,
    "ICIR": 0.25929091400352505,
    "RankIC_mean": 0.015276355146874735,
    "RankIC_std": 0.11727907181885723,
    "RankICIR": 0.13025644652500104,
    "n_days": 899
  }
}