{
  "experiment": "lgbm_csi300_recent_seed74",
  "config": "/home/jiajun/finance-gfm/results/seed100_grouped_cpu/generated_configs/lgbm_recent.yaml",
  "overrides": [
    "task.model.kwargs.seed=74"
  ],
  "recorder_id": "1e725b21087c4c45b31d3a3c7dc57508",
  "recorder_name": "mlflow_recorder",
  "source_run": "file:/home/jiajun/finance-gfm/mlruns",
  "logged_metrics": {
    "l2.train": 0.9755264431558466,
    "ICIR": 0.2506864526382504,
    "Rank ICIR": 0.11358811208403824,
    "1day.excess_return_without_cost.std": 0.011450727157032388,
    "1day.excess_return_without_cost.annualized_return": 0.006144325468275282,
    "Rank IC": 0.013190838273725233,
    "1day.excess_return_without_cost.mean": 2.5816493564181856e-05,
    "l2.valid": 0.9982580986740126,
    "IC": 0.029056501265969252
  },
  "test_metrics": {
    "IC_mean": 0.02905650126596925,
    "IC_std": 0.11590774435624901,
    "ICIR": 0.25068645263825035,
    "RankIC_mean": 0.013190838273725233,
    "RankIC_std": 0.11612868663549918,
    "RankICIR": 0.11358811208403824,
    "n_days": 899
  }
}