{
  "experiment": "lgbm_csi300_recent_seed90",
  "config": "/home/jiajun/finance-gfm/results/seed100_grouped_cpu/generated_configs/lgbm_recent.yaml",
  "overrides": [
    "task.model.kwargs.seed=90"
  ],
  "recorder_id": "d602e6da727e4fb6a508f50b4dc573c3",
  "recorder_name": "mlflow_recorder",
  "source_run": "file:/home/jiajun/finance-gfm/mlruns",
  "logged_metrics": {
    "l2.train": 0.9742922741853611,
    "ICIR": 0.2792222137387526,
    "Rank ICIR": 0.13179207326180595,
    "1day.excess_return_without_cost.std": 0.011450727157032388,
    "Rank IC": 0.015056370701476935,
    "1day.excess_return_without_cost.mean": 2.5816493564181856e-05,
    "l2.valid": 0.9985683222141409,
    "IC": 0.03244060167010057
  },
  "test_metrics": {
    "IC_mean": 0.03244060167010057,
    "IC_std": 0.11618202304080585,
    "ICIR": 0.2792222137387526,
    "RankIC_mean": 0.015056370701476935,
    "RankIC_std": 0.11424337085560025,
    "RankICIR": 0.13179207326180595,
    "n_days": 899
  }
}