{
  "experiment": "lgbm_csi300_recent_seed15",
  "config": "/home/jiajun/finance-gfm/results/seed100_grouped_cpu/generated_configs/lgbm_recent.yaml",
  "overrides": [
    "task.model.kwargs.seed=15"
  ],
  "recorder_id": "93833f8a09a2402e9c9e72c3334b39a8",
  "recorder_name": "mlflow_recorder",
  "source_run": "file:/home/jiajun/finance-gfm/mlruns",
  "logged_metrics": {
    "l2.train": 0.9750816721588573,
    "ICIR": 0.28440563863198026,
    "Rank ICIR": 0.13941473194076154,
    "1day.excess_return_without_cost.std": 0.011450727157032388,
    "1day.excess_return_without_cost.annualized_return": 0.006144325468275282,
    "Rank IC": 0.015987114707265476,
    "1day.excess_return_without_cost.information_ratio": 0.034781849157993774,
    "1day.excess_return_without_cost.mean": 2.5816493564181856e-05,
    "l2.valid": 0.9986586719342595,
    "IC": 0.03268399494875359
  },
  "test_metrics": {
    "IC_mean": 0.032683994948753584,
    "IC_std": 0.114920347943757,
    "ICIR": 0.2844056386319802,
    "RankIC_mean": 0.01598711470726548,
    "RankIC_std": 0.11467306564171806,
    "RankICIR": 0.13941473194076157,
    "n_days": 899
  }
}