{
  "experiment": "lgbm_csi300_recent_seed2026",
  "config": "/home/jiajun/finance-gfm/results/seed100_grouped_cpu/generated_configs/lgbm_recent.yaml",
  "overrides": [
    "task.model.kwargs.seed=2026"
  ],
  "recorder_id": "f773f3d9000f42e99568236466e9b3f7",
  "recorder_name": "mlflow_recorder",
  "source_run": "file:/home/jiajun/finance-gfm/mlruns",
  "logged_metrics": {
    "l2.train": 0.974463796400497,
    "1day.excess_return_with_cost.information_ratio": 0.034781849157993774,
    "1day.excess_return_with_cost.mean": 2.5816493564181856e-05,
    "ICIR": 0.28338744607095384,
    "Rank ICIR": 0.14307201592231886,
    "1day.excess_return_without_cost.max_drawdown": -0.38879871368408203,
    "1day.pa": NaN,
    "1day.excess_return_without_cost.std": 0.011450727157032388,
    "1day.pos": NaN,
    "1day.excess_return_without_cost.annualized_return": 0.006144325468275282,
    "Rank IC": 0.016457076578181334,
    "1day.excess_return_with_cost.max_drawdown": -0.38879871368408203,
    "1day.excess_return_without_cost.information_ratio": 0.034781849157993774,
    "1day.excess_return_without_cost.mean": 2.5816493564181856e-05,
    "1day.ffr": NaN,
    "l2.valid": 0.9986713445792295,
    "IC": 0.03251607496209589,
    "1day.excess_return_with_cost.std": 0.011450727157032388,
    "1day.excess_return_with_cost.annualized_return": 0.006144325468275282
  },
  "test_metrics": {
    "IC_mean": 0.03251607496209588,
    "IC_std": 0.11474070363002103,
    "ICIR": 0.28338744607095384,
    "RankIC_mean": 0.016457076578181334,
    "RankIC_std": 0.11502652333574949,
    "RankICIR": 0.14307201592231886,
    "n_days": 899
  }
}