{
  "experiment": "lgbm_csi300_official_seed13",
  "config": "/home/jiajun/finance-gfm/results/seed100_grouped_cpu/generated_configs/lgbm_official.yaml",
  "overrides": [
    "task.model.kwargs.seed=13"
  ],
  "recorder_id": "99871ac105c64a35bfae65d5fdec6a3f",
  "recorder_name": "mlflow_recorder",
  "source_run": "file:/home/jiajun/finance-gfm/mlruns",
  "logged_metrics": {
    "l2.train": 0.9637067131575441,
    "1day.excess_return_with_cost.mean": -0.00047714996283144685,
    "ICIR": 0.5312410136513585,
    "Rank ICIR": 0.46780322359050186,
    "1day.excess_return_without_cost.max_drawdown": -0.528235137462616,
    "1day.excess_return_without_cost.std": 0.012295189195465414,
    "1day.excess_return_without_cost.annualized_return": -0.11356169115388436,
    "Rank IC": 0.0470402265624766,
    "1day.excess_return_without_cost.information_ratio": -0.5986984818906017,
    "1day.excess_return_without_cost.mean": -0.00047714996283144685,
    "l2.valid": 0.9938570448635422,
    "IC": 0.05413903957540783
  },
  "test_metrics": {
    "IC_mean": 0.05413903957540783,
    "IC_std": 0.10191050424231377,
    "ICIR": 0.5312410136513585,
    "RankIC_mean": 0.0470402265624766,
    "RankIC_std": 0.10055558446440703,
    "RankICIR": 0.46780322359050186,
    "n_days": 871
  }
}