{
  "experiment": "lgbm_csi300_official_seed98",
  "config": "/home/jiajun/finance-gfm/results/seed100_grouped_cpu/generated_configs/lgbm_official.yaml",
  "overrides": [
    "task.model.kwargs.seed=98"
  ],
  "recorder_id": "48bbf5362d1e421096f669e32be94188",
  "recorder_name": "mlflow_recorder",
  "source_run": "file:/home/jiajun/finance-gfm/mlruns",
  "logged_metrics": {
    "l2.train": 0.9630883504152485,
    "ICIR": 0.5420912561573653,
    "Rank ICIR": 0.4882369779037044,
    "1day.excess_return_without_cost.std": 0.012295189195465414,
    "1day.excess_return_without_cost.annualized_return": -0.11356169115388436,
    "Rank IC": 0.048817929483859004,
    "1day.excess_return_without_cost.mean": -0.00047714996283144685,
    "l2.valid": 0.9938593667126253,
    "IC": 0.05584380198730714
  },
  "test_metrics": {
    "IC_mean": 0.05584380198730714,
    "IC_std": 0.10301550034796368,
    "ICIR": 0.5420912561573653,
    "RankIC_mean": 0.048817929483859,
    "RankIC_std": 0.09998818543704698,
    "RankICIR": 0.48823697790370435,
    "n_days": 871
  }
}