{
  "experiment": "lgbm_csi300_official_seed95",
  "config": "/home/jiajun/finance-gfm/results/seed100_grouped_cpu/generated_configs/lgbm_official.yaml",
  "overrides": [
    "task.model.kwargs.seed=95"
  ],
  "recorder_id": "46e51c26813c4b81b99e2a701834daad",
  "recorder_name": "mlflow_recorder",
  "source_run": "file:/home/jiajun/finance-gfm/mlruns",
  "logged_metrics": {
    "l2.train": 0.9585607315145207,
    "ICIR": 0.585306261768769,
    "Rank ICIR": 0.5106403569829099,
    "1day.excess_return_without_cost.std": 0.012295189195465414,
    "Rank IC": 0.04958490032809642,
    "1day.excess_return_without_cost.mean": -0.00047714996283144685,
    "l2.valid": 0.9940761017261311,
    "IC": 0.058444125633774796
  },
  "test_metrics": {
    "IC_mean": 0.05844412563377479,
    "IC_std": 0.09985221319375483,
    "ICIR": 0.585306261768769,
    "RankIC_mean": 0.049584900328096426,
    "RankIC_std": 0.09710337158047211,
    "RankICIR": 0.5106403569829099,
    "n_days": 871
  }
}