{
  "experiment": "lgbm_csi300_official_seed34",
  "config": "/home/jiajun/finance-gfm/results/seed100_grouped_cpu/generated_configs/lgbm_official.yaml",
  "overrides": [
    "task.model.kwargs.seed=34"
  ],
  "recorder_id": "c15294399a764b8e9bc7ee726e1634b6",
  "recorder_name": "mlflow_recorder",
  "source_run": "file:/home/jiajun/finance-gfm/mlruns",
  "logged_metrics": {
    "l2.train": 0.9620022192714046,
    "ICIR": 0.5545868375141966,
    "Rank ICIR": 0.4973091343392968,
    "1day.excess_return_without_cost.std": 0.012295189195465414,
    "1day.excess_return_without_cost.annualized_return": -0.11356169115388436,
    "Rank IC": 0.04936037208095621,
    "1day.excess_return_without_cost.information_ratio": -0.5986984818906017,
    "1day.excess_return_without_cost.mean": -0.00047714996283144685,
    "l2.valid": 0.994188459199576,
    "IC": 0.0562655035212183
  },
  "test_metrics": {
    "IC_mean": 0.05626550352121831,
    "IC_std": 0.10145481233095077,
    "ICIR": 0.5545868375141967,
    "RankIC_mean": 0.04936037208095621,
    "RankIC_std": 0.09925490740590205,
    "RankICIR": 0.4973091343392968,
    "n_days": 871
  }
}