{
  "experiment": "lgbm_csi300_official_seed12",
  "config": "/home/jiajun/finance-gfm/results/seed100_grouped_cpu/generated_configs/lgbm_official.yaml",
  "overrides": [
    "task.model.kwargs.seed=12"
  ],
  "recorder_id": "3bbac9d9b0404619af2774e9103a8dcd",
  "recorder_name": "mlflow_recorder",
  "source_run": "file:/home/jiajun/finance-gfm/mlruns",
  "logged_metrics": {
    "l2.train": 0.9635743851698987,
    "1day.excess_return_with_cost.mean": -0.00047714996283144685,
    "ICIR": 0.5272078336967928,
    "Rank ICIR": 0.4726337781932462,
    "1day.excess_return_without_cost.max_drawdown": -0.528235137462616,
    "1day.excess_return_without_cost.std": 0.012295189195465414,
    "1day.excess_return_without_cost.annualized_return": -0.11356169115388436,
    "Rank IC": 0.04805351167264018,
    "1day.excess_return_without_cost.information_ratio": -0.5986984818906017,
    "1day.excess_return_without_cost.mean": -0.00047714996283144685,
    "l2.valid": 0.9938282632658134,
    "IC": 0.05487513704555027
  },
  "test_metrics": {
    "IC_mean": 0.05487513704555029,
    "IC_std": 0.1040863461014314,
    "ICIR": 0.527207833696793,
    "RankIC_mean": 0.04805351167264018,
    "RankIC_std": 0.10167176763441671,
    "RankICIR": 0.47263377819324626,
    "n_days": 871
  }
}