{
  "experiment": "lgbm_csi300_official_seed47",
  "config": "/home/jiajun/finance-gfm/results/seed100_grouped_cpu/generated_configs/lgbm_official.yaml",
  "overrides": [
    "task.model.kwargs.seed=47"
  ],
  "recorder_id": "a49ba79edc634776b0e89249b21f5e29",
  "recorder_name": "mlflow_recorder",
  "source_run": "file:/home/jiajun/finance-gfm/mlruns",
  "logged_metrics": {
    "l2.train": 0.9653562107026201,
    "ICIR": 0.5048551667689309,
    "Rank ICIR": 0.4572512442366873,
    "1day.excess_return_without_cost.std": 0.012295189195465414,
    "1day.excess_return_without_cost.annualized_return": -0.11356169115388436,
    "Rank IC": 0.046456239884100255,
    "1day.excess_return_without_cost.mean": -0.00047714996283144685,
    "l2.valid": 0.9940251126221366,
    "IC": 0.05216706090084104
  },
  "test_metrics": {
    "IC_mean": 0.05216706090084104,
    "IC_std": 0.10333074579529376,
    "ICIR": 0.5048551667689309,
    "RankIC_mean": 0.046456239884100255,
    "RankIC_std": 0.10159893596714431,
    "RankICIR": 0.4572512442366873,
    "n_days": 871
  }
}