{
  "experiment": "lgbm_csi300_official_seed4",
  "config": "/home/jiajun/finance-gfm/results/seed100_grouped_cpu/generated_configs/lgbm_official.yaml",
  "overrides": [
    "task.model.kwargs.seed=4"
  ],
  "recorder_id": "a06bac956b3947aa971efb50e502043b",
  "recorder_name": "mlflow_recorder",
  "source_run": "file:/home/jiajun/finance-gfm/mlruns",
  "logged_metrics": {
    "l2.train": 0.9623881678399173,
    "1day.excess_return_with_cost.information_ratio": -0.5986984818906017,
    "1day.excess_return_with_cost.mean": -0.00047714996283144685,
    "ICIR": 0.5587986533460628,
    "Rank ICIR": 0.4882360760912365,
    "1day.excess_return_without_cost.max_drawdown": -0.528235137462616,
    "1day.excess_return_without_cost.std": 0.012295189195465414,
    "1day.excess_return_without_cost.annualized_return": -0.11356169115388436,
    "Rank IC": 0.04842348465131301,
    "1day.excess_return_without_cost.information_ratio": -0.5986984818906017,
    "1day.excess_return_without_cost.mean": -0.00047714996283144685,
    "l2.valid": 0.9941444065832274,
    "IC": 0.05665647104696253,
    "1day.excess_return_with_cost.std": 0.012295189195465414,
    "1day.excess_return_with_cost.annualized_return": -0.11356169115388436
  },
  "test_metrics": {
    "IC_mean": 0.05665647104696253,
    "IC_std": 0.10138977735129812,
    "ICIR": 0.5587986533460628,
    "RankIC_mean": 0.04842348465131301,
    "RankIC_std": 0.09918047236284962,
    "RankICIR": 0.48823607609123637,
    "n_days": 871
  }
}