{
  "experiment": "lgbm_csi300_recent_seed16",
  "config": "/home/jiajun/finance-gfm/results/seed100_grouped_cpu/generated_configs/lgbm_recent.yaml",
  "overrides": [
    "task.model.kwargs.seed=16"
  ],
  "recorder_id": "507e61d3ef164c989c1d7454caab64dc",
  "recorder_name": "mlflow_recorder",
  "source_run": "file:/home/jiajun/finance-gfm/mlruns",
  "logged_metrics": {
    "l2.train": 0.9747737023049788,
    "1day.excess_return_with_cost.mean": 2.5816493564181856e-05,
    "ICIR": 0.2747566683862115,
    "Rank ICIR": 0.14473232588289126,
    "1day.excess_return_without_cost.max_drawdown": -0.38879871368408203,
    "1day.excess_return_without_cost.std": 0.011450727157032388,
    "1day.excess_return_without_cost.annualized_return": 0.006144325468275282,
    "Rank IC": 0.01639590847607881,
    "1day.excess_return_without_cost.information_ratio": 0.034781849157993774,
    "1day.excess_return_without_cost.mean": 2.5816493564181856e-05,
    "l2.valid": 0.9986891822945032,
    "IC": 0.03145590467716015
  },
  "test_metrics": {
    "IC_mean": 0.03145590467716015,
    "IC_std": 0.1144864103277893,
    "ICIR": 0.2747566683862115,
    "RankIC_mean": 0.01639590847607881,
    "RankIC_std": 0.11328435700912731,
    "RankICIR": 0.14473232588289126,
    "n_days": 899
  }
}