{
  "experiment": "lgbm_csi300_official_seed70",
  "config": "/home/jiajun/finance-gfm/results/seed100_grouped_cpu/generated_configs/lgbm_official.yaml",
  "overrides": [
    "task.model.kwargs.seed=70"
  ],
  "recorder_id": "6ad2966f44fa4fa0841d1c263253b9b8",
  "recorder_name": "mlflow_recorder",
  "source_run": "file:/home/jiajun/finance-gfm/mlruns",
  "logged_metrics": {
    "l2.train": 0.9611400516298467,
    "ICIR": 0.5552379470300242,
    "Rank ICIR": 0.4892494082567576,
    "1day.excess_return_without_cost.std": 0.012295189195465414,
    "Rank IC": 0.0483268479631449,
    "1day.excess_return_without_cost.mean": -0.00047714996283144685,
    "l2.valid": 0.9940557820754553,
    "IC": 0.05654162653298566
  },
  "test_metrics": {
    "IC_mean": 0.05654162653298566,
    "IC_std": 0.10183314529460322,
    "ICIR": 0.5552379470300242,
    "RankIC_mean": 0.0483268479631449,
    "RankIC_std": 0.09877752971707841,
    "RankICIR": 0.4892494082567576,
    "n_days": 871
  }
}