{
  "experiment": "lgbm_csi300_recent_seed72",
  "config": "/home/jiajun/finance-gfm/results/seed100_grouped_cpu/generated_configs/lgbm_recent.yaml",
  "overrides": [
    "task.model.kwargs.seed=72"
  ],
  "recorder_id": "6dc7b68dae174da29ca793d718094bb4",
  "recorder_name": "mlflow_recorder",
  "source_run": "file:/home/jiajun/finance-gfm/mlruns",
  "logged_metrics": {
    "l2.train": 0.9759320660326007,
    "ICIR": 0.2446395963468388,
    "Rank ICIR": 0.12311400578278882,
    "1day.excess_return_without_cost.std": 0.011450727157032388,
    "1day.excess_return_without_cost.annualized_return": 0.006144325468275282,
    "Rank IC": 0.014525106345276166,
    "1day.excess_return_without_cost.mean": 2.5816493564181856e-05,
    "l2.valid": 0.9989217679022726,
    "IC": 0.02834057714551641
  },
  "test_metrics": {
    "IC_mean": 0.02834057714551641,
    "IC_std": 0.1158462389928752,
    "ICIR": 0.24463959634683882,
    "RankIC_mean": 0.014525106345276166,
    "RankIC_std": 0.11798094175331234,
    "RankICIR": 0.12311400578278883,
    "n_days": 899
  }
}