{
  "experiment": "lgbm_csi300_recent_seed99",
  "config": "/home/jiajun/finance-gfm/results/seed100_grouped_cpu/generated_configs/lgbm_recent.yaml",
  "overrides": [
    "task.model.kwargs.seed=99"
  ],
  "recorder_id": "28ed2948fe8947bfbf73bc0681876f73",
  "recorder_name": "mlflow_recorder",
  "source_run": "file:/home/jiajun/finance-gfm/mlruns",
  "logged_metrics": {
    "l2.train": 0.9754520164022726,
    "ICIR": 0.23329370012801076,
    "Rank ICIR": 0.1300052611294613,
    "1day.excess_return_without_cost.std": 0.011450727157032388,
    "Rank IC": 0.014968244926563075,
    "1day.excess_return_without_cost.mean": 2.5816493564181856e-05,
    "l2.valid": 0.9985680593965774,
    "IC": 0.02660398005236817
  },
  "test_metrics": {
    "IC_mean": 0.02660398005236817,
    "IC_std": 0.1140364272064367,
    "ICIR": 0.23329370012801076,
    "RankIC_mean": 0.014968244926563075,
    "RankIC_std": 0.11513568602164076,
    "RankICIR": 0.1300052611294613,
    "n_days": 899
  }
}