{
  "experiment": "lgbm_csi300_official_seed79",
  "config": "/home/jiajun/finance-gfm/results/seed100_grouped_cpu/generated_configs/lgbm_official.yaml",
  "overrides": [
    "task.model.kwargs.seed=79"
  ],
  "recorder_id": "55278b30e0b94e2da3d77952295e4900",
  "recorder_name": "mlflow_recorder",
  "source_run": "file:/home/jiajun/finance-gfm/mlruns",
  "logged_metrics": {
    "l2.train": 0.9654512890700628,
    "ICIR": 0.5147964597605508,
    "Rank ICIR": 0.4611647008788072,
    "1day.excess_return_without_cost.std": 0.012295189195465414,
    "1day.excess_return_without_cost.annualized_return": -0.11356169115388436,
    "Rank IC": 0.047993649528588304,
    "1day.excess_return_without_cost.information_ratio": -0.5986984818906017,
    "1day.excess_return_without_cost.mean": -0.00047714996283144685,
    "l2.valid": 0.9937893361313884,
    "IC": 0.0546772377063565
  },
  "test_metrics": {
    "IC_mean": 0.0546772377063565,
    "IC_std": 0.10621137086255164,
    "ICIR": 0.5147964597605508,
    "RankIC_mean": 0.047993649528588304,
    "RankIC_std": 0.10407051848749566,
    "RankICIR": 0.4611647008788072,
    "n_days": 871
  }
}