{
  "experiment": "lgbm_csi300_official_seed18",
  "config": "/home/jiajun/finance-gfm/results/seed100_grouped_cpu/generated_configs/lgbm_official.yaml",
  "overrides": [
    "task.model.kwargs.seed=18"
  ],
  "recorder_id": "8a7e4f5acb234a99beaa448f33f3abab",
  "recorder_name": "mlflow_recorder",
  "source_run": "file:/home/jiajun/finance-gfm/mlruns",
  "logged_metrics": {
    "l2.train": 0.9624626027239562,
    "1day.excess_return_with_cost.mean": -0.00047714996283144685,
    "ICIR": 0.5412422194936551,
    "Rank ICIR": 0.48775861007379767,
    "1day.excess_return_without_cost.max_drawdown": -0.528235137462616,
    "1day.excess_return_without_cost.std": 0.012295189195465414,
    "1day.excess_return_without_cost.annualized_return": -0.11356169115388436,
    "Rank IC": 0.048687302061110854,
    "1day.excess_return_without_cost.information_ratio": -0.5986984818906017,
    "1day.excess_return_without_cost.mean": -0.00047714996283144685,
    "l2.valid": 0.9938719831154081,
    "IC": 0.05559607267042973,
    "1day.excess_return_with_cost.std": 0.012295189195465414,
    "1day.excess_return_with_cost.annualized_return": -0.11356169115388436
  },
  "test_metrics": {
    "IC_mean": 0.05559607267042973,
    "IC_std": 0.10271939377242441,
    "ICIR": 0.5412422194936551,
    "RankIC_mean": 0.048687302061110854,
    "RankIC_std": 0.09981843693901064,
    "RankICIR": 0.48775861007379767,
    "n_days": 871
  }
}