{
  "experiment": "lgbm_csi300_official_seed25",
  "config": "/home/jiajun/finance-gfm/results/seed100_grouped_cpu/generated_configs/lgbm_official.yaml",
  "overrides": [
    "task.model.kwargs.seed=25"
  ],
  "recorder_id": "67dcdaf7ca8c408d989f3ade83665165",
  "recorder_name": "mlflow_recorder",
  "source_run": "file:/home/jiajun/finance-gfm/mlruns",
  "logged_metrics": {
    "l2.train": 0.9649935642525048,
    "ICIR": 0.5048567336882345,
    "Rank ICIR": 0.4627088485002675,
    "1day.excess_return_without_cost.std": 0.012295189195465414,
    "1day.excess_return_without_cost.annualized_return": -0.11356169115388436,
    "Rank IC": 0.04792425844980751,
    "1day.excess_return_without_cost.information_ratio": -0.5986984818906017,
    "1day.excess_return_without_cost.mean": -0.00047714996283144685,
    "l2.valid": 0.9935749485474312,
    "IC": 0.05337845555055498
  },
  "test_metrics": {
    "IC_mean": 0.05337845555055497,
    "IC_std": 0.1057299070977984,
    "ICIR": 0.5048567336882344,
    "RankIC_mean": 0.04792425844980751,
    "RankIC_std": 0.10357324828591385,
    "RankICIR": 0.46270884850026756,
    "n_days": 871
  }
}