{
  "experiment": "lgbm_csi300_recent_seed100",
  "config": "/home/jiajun/finance-gfm/results/seed100_grouped_cpu/generated_configs/lgbm_recent.yaml",
  "overrides": [
    "task.model.kwargs.seed=100"
  ],
  "recorder_id": "4c7295d02e574aa49b93cc35f5a0abae",
  "recorder_name": "mlflow_recorder",
  "source_run": "file:/home/jiajun/finance-gfm/mlruns",
  "logged_metrics": {
    "l2.train": 0.9751078331551619,
    "ICIR": 0.2650706399266121,
    "Rank ICIR": 0.11838940083233525,
    "1day.excess_return_without_cost.std": 0.011450727157032388,
    "1day.excess_return_without_cost.annualized_return": 0.006144325468275282,
    "Rank IC": 0.013883940358873612,
    "1day.excess_return_without_cost.mean": 2.5816493564181856e-05,
    "l2.valid": 0.9986739891787125,
    "IC": 0.030998888653625677
  },
  "test_metrics": {
    "IC_mean": 0.030998888653625677,
    "IC_std": 0.11694576457886124,
    "ICIR": 0.2650706399266121,
    "RankIC_mean": 0.013883940358873612,
    "RankIC_std": 0.117273508111898,
    "RankICIR": 0.11838940083233525,
    "n_days": 899
  }
}