{
  "experiment": "lgbm_csi300_recent_seed19",
  "config": "/home/jiajun/finance-gfm/results/seed100_grouped_cpu/generated_configs/lgbm_recent.yaml",
  "overrides": [
    "task.model.kwargs.seed=19"
  ],
  "recorder_id": "b957f17e18be47529e7acec031054a9c",
  "recorder_name": "mlflow_recorder",
  "source_run": "file:/home/jiajun/finance-gfm/mlruns",
  "logged_metrics": {
    "l2.train": 0.9746658365956542,
    "ICIR": 0.2703925409499889,
    "Rank ICIR": 0.11749900191661519,
    "1day.excess_return_without_cost.max_drawdown": -0.38879871368408203,
    "1day.excess_return_without_cost.std": 0.011450727157032388,
    "1day.excess_return_without_cost.annualized_return": 0.006144325468275282,
    "Rank IC": 0.013637169477266,
    "1day.excess_return_without_cost.information_ratio": 0.034781849157993774,
    "1day.excess_return_without_cost.mean": 2.5816493564181856e-05,
    "l2.valid": 0.9988615454510319,
    "IC": 0.031355788397545284
  },
  "test_metrics": {
    "IC_mean": 0.031355788397545284,
    "IC_std": 0.11596395480208448,
    "ICIR": 0.2703925409499889,
    "RankIC_mean": 0.013637169477266,
    "RankIC_std": 0.11606200269636169,
    "RankICIR": 0.11749900191661519,
    "n_days": 899
  }
}