{
  "experiment": "lgbm_csi300_recent_seed73",
  "config": "/home/jiajun/finance-gfm/results/seed100_grouped_cpu/generated_configs/lgbm_recent.yaml",
  "overrides": [
    "task.model.kwargs.seed=73"
  ],
  "recorder_id": "804fecb500bb470eb5aa8b84c9f4c67a",
  "recorder_name": "mlflow_recorder",
  "source_run": "file:/home/jiajun/finance-gfm/mlruns",
  "logged_metrics": {
    "l2.train": 0.9746623799611707,
    "ICIR": 0.270850922840809,
    "Rank ICIR": 0.12728710157130183,
    "1day.excess_return_without_cost.std": 0.011450727157032388,
    "1day.excess_return_without_cost.annualized_return": 0.006144325468275282,
    "Rank IC": 0.014783523024880394,
    "1day.excess_return_without_cost.information_ratio": 0.034781849157993774,
    "1day.excess_return_without_cost.mean": 2.5816493564181856e-05,
    "l2.valid": 0.999111115128233,
    "IC": 0.031269414861253245
  },
  "test_metrics": {
    "IC_mean": 0.03126941486125325,
    "IC_std": 0.11544880310277418,
    "ICIR": 0.2708509228408091,
    "RankIC_mean": 0.014783523024880394,
    "RankIC_std": 0.1161431350261297,
    "RankICIR": 0.12728710157130183,
    "n_days": 899
  }
}