{
  "experiment": "lgbm_csi300_official_seed43",
  "config": "/home/jiajun/finance-gfm/results/seed100_grouped_cpu/generated_configs/lgbm_official.yaml",
  "overrides": [
    "task.model.kwargs.seed=43"
  ],
  "recorder_id": "fac4881a0deb4aa9a99eadaea6235143",
  "recorder_name": "mlflow_recorder",
  "source_run": "file:/home/jiajun/finance-gfm/mlruns",
  "logged_metrics": {
    "l2.train": 0.9616003705283034,
    "ICIR": 0.5481996890865353,
    "Rank ICIR": 0.4785660078251766,
    "1day.excess_return_without_cost.std": 0.012295189195465414,
    "1day.excess_return_without_cost.annualized_return": -0.11356169115388436,
    "Rank IC": 0.047913170332207454,
    "1day.excess_return_without_cost.mean": -0.00047714996283144685,
    "l2.valid": 0.993835452022463,
    "IC": 0.05590211107954242
  },
  "test_metrics": {
    "IC_mean": 0.05590211107954242,
    "IC_std": 0.10197399267535534,
    "ICIR": 0.5481996890865353,
    "RankIC_mean": 0.047913170332207454,
    "RankIC_std": 0.1001182063681181,
    "RankICIR": 0.4785660078251766,
    "n_days": 871
  }
}