{
  "experiment": "lgbm_csi300_official_seed5",
  "config": "/home/jiajun/finance-gfm/results/seed100_grouped_cpu/generated_configs/lgbm_official.yaml",
  "overrides": [
    "task.model.kwargs.seed=5"
  ],
  "recorder_id": "247bb55a71a04f21a2d08f58dbe5c7f1",
  "recorder_name": "mlflow_recorder",
  "source_run": "file:/home/jiajun/finance-gfm/mlruns",
  "logged_metrics": {
    "l2.train": 0.9619532923786109,
    "1day.excess_return_with_cost.information_ratio": -0.5986984818906017,
    "1day.excess_return_with_cost.mean": -0.00047714996283144685,
    "ICIR": 0.5567544973146781,
    "Rank ICIR": 0.48930127947593194,
    "1day.excess_return_without_cost.max_drawdown": -0.528235137462616,
    "1day.excess_return_without_cost.std": 0.012295189195465414,
    "1day.excess_return_without_cost.annualized_return": -0.11356169115388436,
    "Rank IC": 0.04825867850107826,
    "1day.excess_return_with_cost.max_drawdown": -0.528235137462616,
    "1day.excess_return_without_cost.information_ratio": -0.5986984818906017,
    "1day.excess_return_without_cost.mean": -0.00047714996283144685,
    "1day.ffr": NaN,
    "l2.valid": 0.9941462505799953,
    "IC": 0.056039779934261846,
    "1day.excess_return_with_cost.std": 0.012295189195465414,
    "1day.excess_return_with_cost.annualized_return": -0.11356169115388436
  },
  "test_metrics": {
    "IC_mean": 0.056039779934261846,
    "IC_std": 0.10065438214608281,
    "ICIR": 0.5567544973146781,
    "RankIC_mean": 0.04825867850107826,
    "RankIC_std": 0.09862773821635192,
    "RankICIR": 0.48930127947593194,
    "n_days": 871
  }
}