{
  "experiment": "lgbm_csi300_recent_seed41",
  "config": "/home/jiajun/finance-gfm/results/seed100_grouped_cpu/generated_configs/lgbm_recent.yaml",
  "overrides": [
    "task.model.kwargs.seed=41"
  ],
  "recorder_id": "f8ea16d50ff94729bacef1f1f3135210",
  "recorder_name": "mlflow_recorder",
  "source_run": "file:/home/jiajun/finance-gfm/mlruns",
  "logged_metrics": {
    "l2.train": 0.9752887821124703,
    "ICIR": 0.25267958982315647,
    "Rank ICIR": 0.12462448257100776,
    "1day.excess_return_without_cost.std": 0.011450727157032388,
    "1day.excess_return_without_cost.annualized_return": 0.006144325468275282,
    "Rank IC": 0.01475361676273812,
    "1day.excess_return_without_cost.information_ratio": 0.034781849157993774,
    "1day.excess_return_without_cost.mean": 2.5816493564181856e-05,
    "l2.valid": 0.9987229679707028,
    "IC": 0.029734752269968547
  },
  "test_metrics": {
    "IC_mean": 0.029734752269968547,
    "IC_std": 0.11767769724012565,
    "ICIR": 0.2526795898231565,
    "RankIC_mean": 0.01475361676273812,
    "RankIC_std": 0.11838457788044894,
    "RankICIR": 0.12462448257100776,
    "n_days": 899
  }
}