{
  "experiment": "lgbm_csi300_official_seed92",
  "config": "/home/jiajun/finance-gfm/results/seed100_grouped_cpu/generated_configs/lgbm_official.yaml",
  "overrides": [
    "task.model.kwargs.seed=92"
  ],
  "recorder_id": "de9a1febf25942718a4dfebdb30b779a",
  "recorder_name": "mlflow_recorder",
  "source_run": "file:/home/jiajun/finance-gfm/mlruns",
  "logged_metrics": {
    "l2.train": 0.965092832708075,
    "ICIR": 0.5096199923327227,
    "Rank ICIR": 0.45234866602014057,
    "1day.excess_return_without_cost.std": 0.012295189195465414,
    "Rank IC": 0.046617921220883846,
    "1day.excess_return_without_cost.mean": -0.00047714996283144685,
    "l2.valid": 0.9938764301209216,
    "IC": 0.053289059388235256
  },
  "test_metrics": {
    "IC_mean": 0.053289059388235256,
    "IC_std": 0.10456626543301638,
    "ICIR": 0.5096199923327227,
    "RankIC_mean": 0.046617921220883846,
    "RankIC_std": 0.10305749684427766,
    "RankICIR": 0.45234866602014057,
    "n_days": 871
  }
}