{
  "experiment": "lgbm_csi300_official_seed32",
  "config": "/home/jiajun/finance-gfm/results/seed100_grouped_cpu/generated_configs/lgbm_official.yaml",
  "overrides": [
    "task.model.kwargs.seed=32"
  ],
  "recorder_id": "ea5956c6c4c84336a28d3779343ea74a",
  "recorder_name": "mlflow_recorder",
  "source_run": "file:/home/jiajun/finance-gfm/mlruns",
  "logged_metrics": {
    "l2.train": 0.9670323385321914,
    "ICIR": 0.48732953151139785,
    "Rank ICIR": 0.4425583954945451,
    "1day.excess_return_without_cost.std": 0.012295189195465414,
    "1day.excess_return_without_cost.annualized_return": -0.11356169115388436,
    "Rank IC": 0.0463969351407771,
    "1day.excess_return_without_cost.mean": -0.00047714996283144685,
    "l2.valid": 0.9937871898543383,
    "IC": 0.052012988989880084
  },
  "test_metrics": {
    "IC_mean": 0.052012988989880084,
    "IC_std": 0.10673063220397835,
    "ICIR": 0.48732953151139785,
    "RankIC_mean": 0.046396935140777106,
    "RankIC_std": 0.10483799564785112,
    "RankICIR": 0.4425583954945452,
    "n_days": 871
  }
}