{
  "experiment": "lgbm_csi300_recent_seed76",
  "config": "/home/jiajun/finance-gfm/results/seed100_grouped_cpu/generated_configs/lgbm_recent.yaml",
  "overrides": [
    "task.model.kwargs.seed=76"
  ],
  "recorder_id": "08682bf1d1024b74ab4bf737a0a33b2b",
  "recorder_name": "mlflow_recorder",
  "source_run": "file:/home/jiajun/finance-gfm/mlruns",
  "logged_metrics": {
    "l2.train": 0.9754624927665141,
    "ICIR": 0.2540066617394302,
    "Rank ICIR": 0.12555129624981085,
    "1day.excess_return_without_cost.std": 0.011450727157032388,
    "Rank IC": 0.014752029408643287,
    "1day.excess_return_without_cost.mean": 2.5816493564181856e-05,
    "l2.valid": 0.9985702753210672,
    "IC": 0.02965001547187717
  },
  "test_metrics": {
    "IC_mean": 0.02965001547187717,
    "IC_std": 0.11672928288114463,
    "ICIR": 0.25400666173943026,
    "RankIC_mean": 0.014752029408643291,
    "RankIC_std": 0.11749802550258825,
    "RankICIR": 0.12555129624981087,
    "n_days": 899
  }
}