{
  "experiment": "lgbm_csi300_official_seed99",
  "config": "/home/jiajun/finance-gfm/results/seed100_grouped_cpu/generated_configs/lgbm_official.yaml",
  "overrides": [
    "task.model.kwargs.seed=99"
  ],
  "recorder_id": "b827d8cc12e2476a8e176549350ff58b",
  "recorder_name": "mlflow_recorder",
  "source_run": "file:/home/jiajun/finance-gfm/mlruns",
  "logged_metrics": {
    "l2.train": 0.9662700639552584,
    "ICIR": 0.49298222084125765,
    "Rank ICIR": 0.4359871133664097,
    "1day.excess_return_without_cost.std": 0.012295189195465414,
    "Rank IC": 0.04587646788839971,
    "1day.excess_return_without_cost.mean": -0.00047714996283144685,
    "l2.valid": 0.9940295892926173,
    "IC": 0.052877784411567666
  },
  "test_metrics": {
    "IC_mean": 0.052877784411567666,
    "IC_std": 0.10726103736831219,
    "ICIR": 0.49298222084125765,
    "RankIC_mean": 0.04587646788839971,
    "RankIC_std": 0.10522436668866514,
    "RankICIR": 0.4359871133664097,
    "n_days": 871
  }
}