{
  "experiment": "lgbm_csi300_recent_seed35",
  "config": "/home/jiajun/finance-gfm/results/seed100_grouped_cpu/generated_configs/lgbm_recent.yaml",
  "overrides": [
    "task.model.kwargs.seed=35"
  ],
  "recorder_id": "95cc9d60d5a44b719d628de77b202cee",
  "recorder_name": "mlflow_recorder",
  "source_run": "file:/home/jiajun/finance-gfm/mlruns",
  "logged_metrics": {
    "l2.train": 0.976091625384021,
    "ICIR": 0.23467676011166186,
    "Rank ICIR": 0.1146933904618003,
    "1day.excess_return_without_cost.std": 0.011450727157032388,
    "1day.excess_return_without_cost.annualized_return": 0.006144325468275282,
    "Rank IC": 0.013607946510203266,
    "1day.excess_return_without_cost.information_ratio": 0.034781849157993774,
    "1day.excess_return_without_cost.mean": 2.5816493564181856e-05,
    "l2.valid": 0.9983816437805693,
    "IC": 0.02748848243058529
  },
  "test_metrics": {
    "IC_mean": 0.02748848243058529,
    "IC_std": 0.1171333813263229,
    "ICIR": 0.23467676011166186,
    "RankIC_mean": 0.013607946510203266,
    "RankIC_std": 0.11864630084970343,
    "RankICIR": 0.11469339046180031,
    "n_days": 899
  }
}