{
  "experiment": "lgbm_csi300_recent_seed98",
  "config": "/home/jiajun/finance-gfm/results/seed100_grouped_cpu/generated_configs/lgbm_recent.yaml",
  "overrides": [
    "task.model.kwargs.seed=98"
  ],
  "recorder_id": "77a0ee0cbbdd4d7ea93be26d8faba67b",
  "recorder_name": "mlflow_recorder",
  "source_run": "file:/home/jiajun/finance-gfm/mlruns",
  "logged_metrics": {
    "l2.train": 0.9743843344880373,
    "ICIR": 0.27887739851149124,
    "Rank ICIR": 0.14325876772484952,
    "1day.excess_return_without_cost.std": 0.011450727157032388,
    "1day.excess_return_without_cost.annualized_return": 0.006144325468275282,
    "Rank IC": 0.016439268668084327,
    "1day.excess_return_without_cost.information_ratio": 0.034781849157993774,
    "1day.excess_return_without_cost.mean": 2.5816493564181856e-05,
    "l2.valid": 0.9987483903179895,
    "IC": 0.03181443890656229
  },
  "test_metrics": {
    "IC_mean": 0.0318144389065623,
    "IC_std": 0.11408037752923661,
    "ICIR": 0.27887739851149135,
    "RankIC_mean": 0.016439268668084327,
    "RankIC_std": 0.11475226912225343,
    "RankICIR": 0.14325876772484952,
    "n_days": 899
  }
}