{
  "experiment": "lgbm_csi300_official_seed10",
  "config": "/home/jiajun/finance-gfm/results/seed100_grouped_cpu/generated_configs/lgbm_official.yaml",
  "overrides": [
    "task.model.kwargs.seed=10"
  ],
  "recorder_id": "ce54ee1fef7841e28dfaaa4dba58d566",
  "recorder_name": "mlflow_recorder",
  "source_run": "file:/home/jiajun/finance-gfm/mlruns",
  "logged_metrics": {
    "l2.train": 0.958698736417372,
    "1day.excess_return_with_cost.information_ratio": -0.5986984818906017,
    "1day.excess_return_with_cost.mean": -0.00047714996283144685,
    "ICIR": 0.5910118677370292,
    "Rank ICIR": 0.5321348833050608,
    "1day.excess_return_without_cost.max_drawdown": -0.528235137462616,
    "1day.excess_return_without_cost.std": 0.012295189195465414,
    "1day.excess_return_without_cost.annualized_return": -0.11356169115388436,
    "Rank IC": 0.050688571483474144,
    "1day.excess_return_without_cost.information_ratio": -0.5986984818906017,
    "1day.excess_return_without_cost.mean": -0.00047714996283144685,
    "l2.valid": 0.9940640237691205,
    "IC": 0.05829269189935009,
    "1day.excess_return_with_cost.std": 0.012295189195465414,
    "1day.excess_return_with_cost.annualized_return": -0.11356169115388436
  },
  "test_metrics": {
    "IC_mean": 0.05829269189935009,
    "IC_std": 0.09863201583844916,
    "ICIR": 0.5910118677370292,
    "RankIC_mean": 0.05068857148347414,
    "RankIC_std": 0.09525511871849143,
    "RankICIR": 0.5321348833050606,
    "n_days": 871
  }
}