{
  "experiment": "lgbm_csi300_recent_seed33",
  "config": "/home/jiajun/finance-gfm/results/seed100_grouped_cpu/generated_configs/lgbm_recent.yaml",
  "overrides": [
    "task.model.kwargs.seed=33"
  ],
  "recorder_id": "b9f7b5a2e509493cb82a409041999ccd",
  "recorder_name": "mlflow_recorder",
  "source_run": "file:/home/jiajun/finance-gfm/mlruns",
  "logged_metrics": {
    "l2.train": 0.9750058504868955,
    "ICIR": 0.2843926809712607,
    "Rank ICIR": 0.12406252521850801,
    "1day.excess_return_without_cost.max_drawdown": -0.38879871368408203,
    "1day.excess_return_without_cost.std": 0.011450727157032388,
    "1day.excess_return_without_cost.annualized_return": 0.006144325468275282,
    "Rank IC": 0.014338979829017816,
    "1day.excess_return_without_cost.information_ratio": 0.034781849157993774,
    "1day.excess_return_without_cost.mean": 2.5816493564181856e-05,
    "l2.valid": 0.9986223404972688,
    "IC": 0.03289618056501247
  },
  "test_metrics": {
    "IC_mean": 0.03289618056501247,
    "IC_std": 0.11567168484317215,
    "ICIR": 0.2843926809712607,
    "RankIC_mean": 0.014338979829017816,
    "RankIC_std": 0.11557865522858699,
    "RankICIR": 0.12406252521850801,
    "n_days": 899
  }
}