{
  "experiment": "lgbm_csi300_recent_seed8",
  "config": "/home/jiajun/finance-gfm/results/seed100_grouped_cpu/generated_configs/lgbm_recent.yaml",
  "overrides": [
    "task.model.kwargs.seed=8"
  ],
  "recorder_id": "1f05f13ff1ee46d78261af8d7c781bc8",
  "recorder_name": "mlflow_recorder",
  "source_run": "file:/home/jiajun/finance-gfm/mlruns",
  "logged_metrics": {
    "l2.train": 0.9756221871789731,
    "1day.excess_return_with_cost.information_ratio": 0.034781849157993774,
    "1day.excess_return_with_cost.mean": 2.5816493564181856e-05,
    "ICIR": 0.2604569417855655,
    "Rank ICIR": 0.12948564150670835,
    "1day.excess_return_without_cost.max_drawdown": -0.38879871368408203,
    "1day.excess_return_without_cost.std": 0.011450727157032388,
    "1day.excess_return_without_cost.annualized_return": 0.006144325468275282,
    "Rank IC": 0.015064852842120818,
    "1day.excess_return_without_cost.information_ratio": 0.034781849157993774,
    "1day.excess_return_without_cost.mean": 2.5816493564181856e-05,
    "l2.valid": 0.9984716141464208,
    "IC": 0.030232772758946758,
    "1day.excess_return_with_cost.std": 0.011450727157032388,
    "1day.excess_return_with_cost.annualized_return": 0.006144325468275282
  },
  "test_metrics": {
    "IC_mean": 0.030232772758946754,
    "IC_std": 0.11607589550766295,
    "ICIR": 0.2604569417855655,
    "RankIC_mean": 0.015064852842120816,
    "RankIC_std": 0.11634380976009871,
    "RankICIR": 0.12948564150670833,
    "n_days": 899
  }
}