{
  "experiment": "lgbm_csi300_recent_seed85",
  "config": "/home/jiajun/finance-gfm/results/seed100_grouped_cpu/generated_configs/lgbm_recent.yaml",
  "overrides": [
    "task.model.kwargs.seed=85"
  ],
  "recorder_id": "fdc6dd3b1a324d93978b09b9f9f567f9",
  "recorder_name": "mlflow_recorder",
  "source_run": "file:/home/jiajun/finance-gfm/mlruns",
  "logged_metrics": {
    "l2.train": 0.9754996966574616,
    "ICIR": 0.2468685456221138,
    "Rank ICIR": 0.12453211544088102,
    "1day.excess_return_without_cost.std": 0.011450727157032388,
    "1day.excess_return_without_cost.annualized_return": 0.006144325468275282,
    "Rank IC": 0.014418337745193379,
    "1day.excess_return_without_cost.mean": 2.5816493564181856e-05,
    "l2.valid": 0.9986448573451924,
    "IC": 0.02854498091089701
  },
  "test_metrics": {
    "IC_mean": 0.02854498091089702,
    "IC_std": 0.11562826215451254,
    "ICIR": 0.24686854562211386,
    "RankIC_mean": 0.014418337745193376,
    "RankIC_std": 0.11578007563870686,
    "RankICIR": 0.12453211544088098,
    "n_days": 899
  }
}