{
  "experiment": "lgbm_csi300_official_seed17",
  "config": "/home/jiajun/finance-gfm/results/seed100_grouped_cpu/generated_configs/lgbm_official.yaml",
  "overrides": [
    "task.model.kwargs.seed=17"
  ],
  "recorder_id": "e5a9d2907c8247e3a8c1bbc64d992c0b",
  "recorder_name": "mlflow_recorder",
  "source_run": "file:/home/jiajun/finance-gfm/mlruns",
  "logged_metrics": {
    "l2.train": 0.9558506108925131,
    "1day.excess_return_with_cost.mean": -0.00047714996283144685,
    "ICIR": 0.6001921331612886,
    "Rank ICIR": 0.5306243994947677,
    "1day.excess_return_without_cost.max_drawdown": -0.528235137462616,
    "1day.excess_return_without_cost.std": 0.012295189195465414,
    "1day.excess_return_without_cost.annualized_return": -0.11356169115388436,
    "Rank IC": 0.05005123516911867,
    "1day.excess_return_without_cost.information_ratio": -0.5986984818906017,
    "1day.excess_return_without_cost.mean": -0.00047714996283144685,
    "l2.valid": 0.9943824855673452,
    "IC": 0.05943949813456804,
    "1day.excess_return_with_cost.std": 0.012295189195465414,
    "1day.excess_return_with_cost.annualized_return": -0.11356169115388436
  },
  "test_metrics": {
    "IC_mean": 0.05943949813456805,
    "IC_std": 0.09903411732755077,
    "ICIR": 0.6001921331612888,
    "RankIC_mean": 0.05005123516911866,
    "RankIC_std": 0.09432516713663147,
    "RankICIR": 0.5306243994947676,
    "n_days": 871
  }
}