{
  "experiment": "lgbm_csi300_recent_seed78",
  "config": "/home/jiajun/finance-gfm/results/seed100_grouped_cpu/generated_configs/lgbm_recent.yaml",
  "overrides": [
    "task.model.kwargs.seed=78"
  ],
  "recorder_id": "8f3756f246e84b56bfbb9031dabda31d",
  "recorder_name": "mlflow_recorder",
  "source_run": "file:/home/jiajun/finance-gfm/mlruns",
  "logged_metrics": {
    "l2.train": 0.9765300225135584,
    "ICIR": 0.23279909703461119,
    "Rank ICIR": 0.11322602470548043,
    "1day.excess_return_without_cost.std": 0.011450727157032388,
    "Rank IC": 0.013295470196944903,
    "1day.excess_return_without_cost.mean": 2.5816493564181856e-05,
    "l2.valid": 0.9985754228544947,
    "IC": 0.027490661167195354
  },
  "test_metrics": {
    "IC_mean": 0.02749066116719535,
    "IC_std": 0.11808749053312782,
    "ICIR": 0.23279909703461116,
    "RankIC_mean": 0.013295470196944905,
    "RankIC_std": 0.11742415431018279,
    "RankICIR": 0.11322602470548045,
    "n_days": 899
  }
}