{
  "experiment": "lstm_csi300_official_seed0",
  "config": "/home/jiajun/finance-gfm/results/seed100_grouped_cpu/generated_configs/lstm_official.yaml",
  "overrides": [
    "task.model.kwargs.GPU=-1",
    "task.model.kwargs.seed=0"
  ],
  "recorder_id": "a6b5128935c34e0a92b82e2a1c6eaca5",
  "recorder_name": "mlflow_recorder",
  "source_run": "file:/home/jiajun/finance-gfm/mlruns",
  "logged_metrics": {
    "ICIR": 0.3788851793294516,
    "Rank ICIR": 0.4854206250257354,
    "1day.excess_return_without_cost.std": 0.012295189195465414,
    "1day.excess_return_without_cost.annualized_return": -0.11356169115388436,
    "Rank IC": 0.047402225770884245,
    "1day.excess_return_without_cost.mean": -0.00047714996283144685,
    "IC": 0.04044872717168695
  },
  "test_metrics": {
    "IC_mean": 0.04044872717168695,
    "IC_std": 0.10675721664086421,
    "ICIR": 0.3788851793294516,
    "RankIC_mean": 0.04740222577088425,
    "RankIC_std": 0.0976518576407237,
    "RankICIR": 0.4854206250257356,
    "n_days": 871
  }
}