{
  "experiment": "lstm_csi300_official_seed2",
  "config": "/home/jiajun/finance-gfm/results/seed100_grouped_cpu/generated_configs/lstm_official.yaml",
  "overrides": [
    "task.model.kwargs.GPU=-1",
    "task.model.kwargs.seed=2"
  ],
  "recorder_id": "18458abe22364671ac644721b62a4260",
  "recorder_name": "mlflow_recorder",
  "source_run": "file:/home/jiajun/finance-gfm/mlruns",
  "logged_metrics": {
    "ICIR": 0.400502820256504,
    "Rank ICIR": 0.48944453598425897,
    "1day.excess_return_without_cost.std": 0.012295189195465414,
    "Rank IC": 0.04765764712901197,
    "1day.excess_return_without_cost.mean": -0.00047714996283144685,
    "IC": 0.041272042480413065
  },
  "test_metrics": {
    "IC_mean": 0.041272042480413065,
    "IC_std": 0.10305056642043166,
    "ICIR": 0.40050282025650397,
    "RankIC_mean": 0.04765764712901197,
    "RankIC_std": 0.09737088398213253,
    "RankICIR": 0.48944453598425897,
    "n_days": 871
  }
}