{
  "experiment": "hist_dataproc_csi300_recent_seed5",
  "config": "results/hist_master_recheck_20260430/generated_configs/hist_recent_dataproc_aligned.yaml",
  "overrides": [
    "task.model.kwargs.seed=5"
  ],
  "recorder_id": "f89ecc0f0d714864b26f4714638983cc",
  "recorder_name": "mlflow_recorder",
  "source_run": "file:/home/jiajun/finance-gfm/mlruns",
  "logged_metrics": {
    "ICIR": 0.2828509027953701,
    "Rank ICIR": 0.1546217761078056,
    "Rank IC": 0.018666411945327886,
    "1day.excess_return_without_cost.mean": 2.5816493564181856e-05,
    "IC": 0.03422321743910507
  },
  "test_metrics": {
    "IC_mean": 0.03422321743910508,
    "IC_std": 0.1209938419884204,
    "ICIR": 0.2828509027953702,
    "RankIC_mean": 0.01866641194532789,
    "RankIC_std": 0.1207230470067377,
    "RankICIR": 0.15462177610780561,
    "n_days": 899
  }
}