{
  "experiment": "hist_dataproc_csi300_recent_seed49",
  "config": "results/hist_master_recheck_20260430/generated_configs/hist_recent_dataproc_aligned.yaml",
  "overrides": [
    "task.model.kwargs.seed=49"
  ],
  "recorder_id": "14be45545f934e93b6afd45ef97f5940",
  "recorder_name": "mlflow_recorder",
  "source_run": "file:/home/jiajun/finance-gfm/mlruns",
  "logged_metrics": {
    "ICIR": 0.24684063979897508,
    "Rank ICIR": 0.14162698286293116,
    "Rank IC": 0.016532062052024905,
    "1day.excess_return_without_cost.mean": 2.5816493564181856e-05,
    "IC": 0.029254386237566942
  },
  "test_metrics": {
    "IC_mean": 0.029254386237566942,
    "IC_std": 0.1185152747189096,
    "ICIR": 0.24684063979897508,
    "RankIC_mean": 0.016532062052024902,
    "RankIC_std": 0.11672960701298635,
    "RankICIR": 0.14162698286293113,
    "n_days": 899
  }
}