{
  "experiment": "hist_dataproc_csi300_recent_seed79",
  "config": "results/hist_master_recheck_20260430/generated_configs/hist_recent_dataproc_aligned.yaml",
  "overrides": [
    "task.model.kwargs.seed=79"
  ],
  "recorder_id": "8215d4aa879942a5b8b4bb4462eda200",
  "recorder_name": "mlflow_recorder",
  "source_run": "file:/home/jiajun/finance-gfm/mlruns",
  "logged_metrics": {
    "ICIR": 0.22338555829964335,
    "Rank ICIR": 0.10754844937019128,
    "Rank IC": 0.014328019980871213,
    "1day.excess_return_without_cost.mean": 2.5816493564181856e-05,
    "IC": 0.029499700730275788
  },
  "test_metrics": {
    "IC_mean": 0.029499700730275788,
    "IC_std": 0.1320573315250115,
    "ICIR": 0.22338555829964335,
    "RankIC_mean": 0.014328019980871213,
    "RankIC_std": 0.1332238638936848,
    "RankICIR": 0.10754844937019128,
    "n_days": 899
  }
}