{
  "experiment": "hist_dataproc_csi300_recent_seed23",
  "config": "results/hist_master_recheck_20260430/generated_configs/hist_recent_dataproc_aligned.yaml",
  "overrides": [
    "task.model.kwargs.seed=23"
  ],
  "recorder_id": "635077ad4fac440c90648792c52f409a",
  "recorder_name": "mlflow_recorder",
  "source_run": "file:/home/jiajun/finance-gfm/mlruns",
  "logged_metrics": {
    "ICIR": 0.2690843271779417,
    "Rank ICIR": 0.17559062432371916,
    "Rank IC": 0.01926255662164838,
    "1day.excess_return_without_cost.mean": 2.5816493564181856e-05,
    "IC": 0.031038129956672798
  },
  "test_metrics": {
    "IC_mean": 0.031038129956672787,
    "IC_std": 0.11534722323737462,
    "ICIR": 0.2690843271779417,
    "RankIC_mean": 0.01926255662164838,
    "RankIC_std": 0.10970150995155581,
    "RankICIR": 0.1755906243237192,
    "n_days": 899
  }
}