{
  "experiment": "hist_dataproc_csi300_recent_seed512",
  "config": "results/hist_master_recheck_20260430/generated_configs/hist_recent_dataproc_aligned.yaml",
  "overrides": [
    "task.model.kwargs.seed=512"
  ],
  "recorder_id": "42a88a38bde54f45aff74e6e2fe662e6",
  "recorder_name": "mlflow_recorder",
  "source_run": "file:/home/jiajun/finance-gfm/mlruns",
  "logged_metrics": {
    "ICIR": 0.2633874728457258,
    "Rank ICIR": 0.15064298757522823,
    "Rank IC": 0.018621089501800192,
    "1day.excess_return_without_cost.mean": 2.5816493564181856e-05,
    "IC": 0.03232968683358636
  },
  "test_metrics": {
    "IC_mean": 0.03232968683358636,
    "IC_std": 0.12274572698650274,
    "ICIR": 0.2633874728457258,
    "RankIC_mean": 0.018621089501800196,
    "RankIC_std": 0.12361072892623812,
    "RankICIR": 0.15064298757522826,
    "n_days": 899
  }
}