{
  "experiment": "hist_dataproc_csi300_recent_seed17",
  "config": "results/hist_master_recheck_20260430/generated_configs/hist_recent_dataproc_aligned.yaml",
  "overrides": [
    "task.model.kwargs.seed=17"
  ],
  "recorder_id": "742c05a4b30a41b089c227484fff54e8",
  "recorder_name": "mlflow_recorder",
  "source_run": "file:/home/jiajun/finance-gfm/mlruns",
  "logged_metrics": {
    "ICIR": 0.31273435560746365,
    "Rank ICIR": 0.19694297572962358,
    "Rank IC": 0.021810105155295897,
    "1day.excess_return_without_cost.mean": 2.5816493564181856e-05,
    "IC": 0.0351651999503435
  },
  "test_metrics": {
    "IC_mean": 0.0351651999503435,
    "IC_std": 0.11244431358376877,
    "ICIR": 0.31273435560746365,
    "RankIC_mean": 0.021810105155295897,
    "RankIC_std": 0.11074324978839693,
    "RankICIR": 0.19694297572962358,
    "n_days": 899
  }
}