{
  "experiment": "hist_dataproc_csi300_recent_seed55",
  "config": "results/hist_master_recheck_20260430/generated_configs/hist_recent_dataproc_aligned.yaml",
  "overrides": [
    "task.model.kwargs.seed=55"
  ],
  "recorder_id": "50a9e4dbd56f490d89a8dd25e5550a5a",
  "recorder_name": "mlflow_recorder",
  "source_run": "file:/home/jiajun/finance-gfm/mlruns",
  "logged_metrics": {
    "ICIR": 0.2980527965331087,
    "Rank ICIR": 0.13511353759134964,
    "Rank IC": 0.015211626826840165,
    "1day.excess_return_without_cost.mean": 2.5816493564181856e-05,
    "IC": 0.033723887874882855
  },
  "test_metrics": {
    "IC_mean": 0.033723887874882855,
    "IC_std": 0.11314736270604558,
    "ICIR": 0.2980527965331087,
    "RankIC_mean": 0.015211626826840165,
    "RankIC_std": 0.1125840319039508,
    "RankICIR": 0.13511353759134964,
    "n_days": 899
  }
}