{
  "experiment": "master_samplerfixed_csi300_recent_seed17",
  "config": "results/hist_master_recheck_20260430/generated_configs/master_recent_timefixed_samplerfixed.yaml",
  "overrides": [
    "task.model.kwargs.seed=17",
    "task.model.kwargs.save_path=results/hist_master_recheck_20260430/model_ckpt/master/",
    "task.model.kwargs.save_prefix=samplerfixed_seed17_"
  ],
  "recorder_id": "f5740d460f2b451ea748dc8ef94cd998",
  "recorder_name": "mlflow_recorder",
  "source_run": "file:/home/jiajun/finance-gfm/mlruns",
  "logged_metrics": {
    "ICIR": 0.13380009004489055,
    "Rank ICIR": 0.2924620380546398,
    "Rank IC": 0.04676499248370961,
    "1day.excess_return_without_cost.mean": 2.5816493564181856e-05,
    "IC": 0.01966655012122894
  },
  "test_metrics": {
    "IC_mean": 0.01966655012122894,
    "IC_std": 0.14698458061299302,
    "ICIR": 0.13380009004489055,
    "RankIC_mean": 0.04676499248370961,
    "RankIC_std": 0.15990106885247327,
    "RankICIR": 0.2924620380546398,
    "n_days": 899
  }
}