{
  "experiment": "master_samplerfixed_csi300_recent_seed25",
  "config": "results/hist_master_recheck_20260430/generated_configs/master_recent_timefixed_samplerfixed.yaml",
  "overrides": [
    "task.model.kwargs.seed=25",
    "task.model.kwargs.save_path=results/hist_master_recheck_20260430/model_ckpt/master/",
    "task.model.kwargs.save_prefix=samplerfixed_seed25_"
  ],
  "recorder_id": "7ec3c7342fc44bdcb127220817210e77",
  "recorder_name": "mlflow_recorder",
  "source_run": "file:/home/jiajun/finance-gfm/mlruns",
  "logged_metrics": {
    "ICIR": 0.10168777347565229,
    "Rank ICIR": 0.23335365394144642,
    "Rank IC": 0.03713384232001646,
    "1day.excess_return_without_cost.mean": 2.5816493564181856e-05,
    "IC": 0.014796444495211857
  },
  "test_metrics": {
    "IC_mean": 0.014796444495211857,
    "IC_std": 0.14550858957251786,
    "ICIR": 0.10168777347565229,
    "RankIC_mean": 0.03713384232001646,
    "RankIC_std": 0.1591311800471492,
    "RankICIR": 0.23335365394144642,
    "n_days": 899
  }
}